pkt_i,len,iat,dir
1,563,0,1
2,20,200,-1
3,563,367700,-1
4,563,1464,1
5,20,118,-1
6,563,297255,-1
7,563,271,1
8,20,90,-1
9,1440,301486,-1
10,1440,139,-1
11,1261,20,-1
12,20,295,1
13,109,127394,-1
14,563,9831,1
15,20,210,-1
16,563,221,1
17,20,221,-1
18,1077,264185,-1
19,20,39633,1
20,1077,1451252,1
21,20,192,-1
22,1077,1065,1
23,20,113,-1
24,563,74921,1
25,20,236,-1
26,1077,228196,-1
27,20,54,1
28,1077,25563,1
29,20,205,-1
30,563,103762,-1
31,563,802,1
32,20,91,-1
33,563,165024,-1
34,563,1115,1
35,20,139,-1
36,1077,2695852,1
37,20,156,-1
38,563,230225,-1
39,563,1041,1
40,20,141,-1
41,1077,492041,1
42,20,184,-1
43,563,245196,-1
44,563,1574,1
45,20,197,-1
46,1077,828845,1
47,20,477,-1
48,563,233409,-1
49,20,38151,1
50,563,127393,-1
51,20,41,1
52,563,790,1
53,20,133,-1
54,1077,2058197,1
55,20,224,-1
56,563,255171,-1
57,20,37954,1
58,563,128695,-1
59,20,185,1
60,563,3204,1
61,20,264,-1
62,1077,684018,1
63,20,159,-1
64,563,265080,-1
65,563,3504,1
66,20,374,-1
67,1077,3917366,1
68,20,283,-1
69,563,23883,1
70,20,178,-1
71,563,203970,-1
72,563,2249,1
73,20,401,-1
74,1077,285309,1
75,20,245,-1
76,563,276669,-1
77,563,3306,1
78,20,391,-1
79,1077,446268,1
80,20,286,-1
81,563,65501,1
82,20,173,-1
83,563,197696,-1
84,20,38301,1
85,563,127313,-1
86,20,51,1
87,563,848,1
88,20,87,-1
89,1077,69132,1
90,20,109,-1
91,563,2010,1
92,20,109,-1
93,563,233736,-1
94,20,38506,1
95,563,127846,-1
96,20,39,1
97,563,834,1
98,20,118,-1
99,1077,126173,1
100,20,123,-1
101,563,639747,-1
102,20,37147,1
103,563,128606,-1
104,20,76,1
105,563,1585,1
106,20,211,-1
107,1077,1812,1
108,20,154,-1
109,1077,423673,-1
110,563,1645,1
111,20,292,-1
112,563,177255,-1
113,563,313,1
114,20,98,-1
115,1440,202959,-1
116,1199,64,-1
117,20,159,1
118,1358,5998,-1
119,20,39035,1
120,767,83390,-1
121,20,71,1
122,563,7678,1
123,20,166,-1
124,1077,34,1
125,20,84,-1
126,563,204647,-1
127,20,39920,1
128,1440,93049,-1
129,20,122,1
130,1276,107,-1
131,20,41,1
132,1358,72,-1
133,20,33,1
134,1077,24709,1
135,20,164,-1
136,748,6711,-1
137,563,1117,1
138,20,180,-1
139,563,203430,-1
140,1440,4681,-1
141,1440,36,-1
142,1194,10,-1
143,20,93,1
144,176,123119,-1
145,563,1019,1
146,20,113,-1
147,1480,6805498,1
148,131,100,1
149,20,53,-1
150,1077,353483,-1
151,563,1006,1
152,20,114,-1
153,1480,2250,1
154,131,39,1
155,20,78,-1
156,563,653599,-1
157,20,37074,1
158,563,128213,-1
159,20,97,1
160,563,3670,1
161,20,504,-1
162,1077,3835,1
163,20,267,-1
164,1440,574038,-1
165,1440,49,-1
166,1440,5,-1
167,1440,5,-1
168,1440,4,-1
169,1440,5,-1
170,1440,5,-1
171,1440,3,-1
172,1440,4,-1
173,1440,5,-1
174,1081,8,-1
175,20,114,1
176,563,1122,1
177,20,144,-1
178,1358,5155,-1
179,1358,10520,-1
180,20,36,1
181,1358,103218,-1
182,1440,7210,-1
183,20,41,1
184,1440,85,-1
185,1440,10,-1
186,1112,4,-1
187,20,106,1
188,563,547,1
189,20,86,-1
190,1440,17102,-1
191,1276,48,-1
192,20,87,1
193,1440,110754,-1
194,1440,108,-1
195,1194,16,-1
196,1440,13,-1
197,1440,14,-1
198,1194,26,-1
199,20,159,1
200,1358,16537,-1
201,1358,39,-1
202,20,10,1
203,1077,4079,1
204,20,128,-1
205,1358,108106,-1
206,1358,65,-1
207,1358,15,-1
208,20,97,1
209,1440,114,-1
210,1440,9,-1
211,1194,4,-1
212,20,131,1
213,563,152,1
214,20,110,-1
215,1440,14852,-1
216,1440,28,-1
217,20,8,1
218,1194,31,-1
219,20,40685,1
220,1077,2572,1
221,20,141,-1
222,1440,70064,-1
223,1276,78,-1
224,20,147,1
225,1440,0,-1
226,1440,14,-1
227,1194,6,-1
228,1358,15,-1
229,20,210,1
230,1440,15568,-1
231,1440,66,-1
232,20,20,1
233,1440,54,-1
234,1112,15,-1
235,20,65,1
236,1440,111716,-1
237,1440,66,-1
238,20,17,1
239,1440,41,-1
240,419,12,-1
241,20,80,1
242,563,637,1
243,20,129,-1
244,1358,7060,-1
245,1440,7745,-1
246,1276,64,-1
247,1440,7,-1
248,1440,6,-1
249,1440,6,-1
250,1112,5,-1
251,20,108,1
252,563,880,1
253,20,235,-1
254,563,837,1
255,20,163,-1
256,1440,109785,-1
257,1440,87,-1
258,1194,10,-1
259,1358,10,-1
260,20,181,1
261,1440,15510,-1
262,1440,62,-1
263,20,15,1
264,1440,37,-1
265,1440,8,-1
266,1030,5,-1
267,1440,5,-1
268,1440,7,-1
269,1194,5,-1
270,20,37,1
271,563,997,1
272,20,146,-1
273,563,1632,1
274,20,228,-1
275,563,708,1
276,20,187,-1
277,1440,110139,-1
278,1276,66,-1
279,20,183,1
280,1440,255,-1
281,1276,19,-1
282,20,174,1
283,1440,13245,-1
284,1440,123,-1
285,20,50,1
286,1194,119,-1
287,1440,36,-1
288,1313,27,-1
289,1440,20,-1
290,1440,20,-1
291,1194,20,-1
292,20,62,1
293,20,983,1
294,1358,112919,-1
295,1358,40,-1
296,20,20,1
297,1077,985,1
298,20,137,-1
299,1358,13,-1
300,1358,75,-1
301,563,85,1
302,20,100,-1
303,1440,12835,-1
304,1440,70,-1
305,20,19,1
306,1194,29,-1
307,1440,10,-1
308,1276,9,-1
309,1440,7,-1
310,1276,6,-1
311,1440,7,-1
312,1276,8,-1
313,1358,6,-1
314,20,85,1
315,563,1092,1
316,20,326,-1
317,1440,113960,-1
318,1276,64,-1
319,20,18,1
320,563,586,1
321,20,296,-1
322,563,1650,1
323,20,159,-1
324,1440,9528,-1
325,1440,66,-1
326,1440,11,-1
327,1440,8,-1
328,1440,10,-1
329,948,12,-1
330,1440,9,-1
331,1440,7,-1
332,1440,9,-1
333,1112,7,-1
334,20,66,1
335,563,1623,1
336,20,108,-1
337,1440,36693,-1
338,1440,95,-1
339,1194,12,-1
340,20,234,1
341,1440,77398,-1
342,1276,63,-1
343,20,20,1
344,1440,139931,-1
345,1276,45,-1
346,20,21,1
347,1358,31458,-1
348,1440,7338,-1
349,20,25,1
350,1440,34,-1
351,1194,9,-1
352,1358,5,-1
353,20,48,1
354,1440,77464,-1
355,1440,47,-1
356,20,16,1
357,1440,36,-1
358,1440,15,-1
359,1440,5,-1
360,1440,7,-1
361,1440,5,-1
362,1440,3,-1
363,1440,5,-1
364,1021,4,-1
365,20,0,1
366,20,279,1
367,563,1163,1
368,20,128,-1
369,1440,10068,-1
370,1276,30,-1
371,20,11,1
372,1358,17,-1
373,1440,31822,-1
374,20,36,1
375,1276,39,-1
376,563,352,1
377,20,183,-1
378,1440,6388,-1
379,1440,142,-1
380,1440,26,-1
381,1440,18,-1
382,1440,16,-1
383,948,17,-1
384,20,188,1
385,1440,77298,-1
386,1440,46,-1
387,20,10,1
388,1440,14,-1
389,1440,5,-1
390,1440,5,-1
391,948,4,-1
392,20,72,1
393,563,445,1
394,20,72,-1
395,1440,11271,-1
396,1276,137,-1
397,20,341,1
398,1358,30690,-1
399,1440,69,-1
400,20,25,1
401,1276,31,-1
402,1358,15,-1
403,20,108,1
404,1440,6151,-1
405,1440,25,-1
406,20,12,1
407,1440,25,-1
408,1112,9,-1
409,20,16,1
410,1440,39159,-1
411,1276,46,-1
412,20,14,1
413,1440,38725,-1
414,1440,50,-1
415,20,12,1
416,1194,30,-1
417,1440,6,-1
418,1440,6,-1
419,1440,5,-1
420,348,3,-1
421,20,51,1
422,563,1903,1
423,20,549,-1
424,1440,10529,-1
425,1276,32,-1
426,20,86,1
427,1440,29519,-1
428,1276,41,-1
429,20,11,1
430,1358,25,-1
431,1358,92,-1
432,20,160,1
433,1440,7049,-1
434,1276,45,-1
435,20,11,1
436,1440,26,-1
437,1440,6,-1
438,1440,3,-1
439,1112,4,-1
440,20,45,1
441,563,410,1
442,20,93,-1
443,563,225,1
444,20,170,-1
445,563,668,1
446,20,151,-1
447,130,76817,-1
448,563,1605,1
449,20,120,-1
450,563,633,1
451,20,136,-1
452,563,951,1
453,20,128,-1
454,1480,39062,1
455,131,31,1
456,20,104,-1
457,1440,56054,-1
458,1276,76,-1
459,20,190,1
460,1358,3386,-1
461,176,28179,-1
462,20,70,1
463,563,8060,1
464,20,112,-1
465,563,108,1
466,20,105,-1
467,563,119487,-1
468,563,277,1
469,20,106,-1
470,1440,9876,-1
471,1276,46,-1
472,20,113,1
473,1358,2666,-1
474,1358,25,-1
475,20,9,1
476,1358,61,-1
477,563,849,1
478,20,121,-1
479,1358,2064,-1
480,1358,3206,-1
481,1358,29,-1
482,20,81,1
483,1440,2330,-1
484,1276,26,-1
485,20,10,1
486,563,303,1
487,20,169,-1
488,1440,2846,-1
489,1440,25,-1
490,1194,5,-1
491,20,70,1
492,1440,3553,-1
493,1440,28,-1
494,20,10,1
495,1194,29,-1
496,1440,4171,-1
497,20,15,1
498,1440,34,-1
499,1194,6,-1
500,20,70,1
501,1440,339,-1
502,1276,47,-1
503,20,12,1
504,1358,2856,-1
505,20,37253,1
506,1440,64580,-1
507,1440,97,-1
508,1194,13,-1
509,1358,10,-1
510,20,233,1
511,1440,2440,-1
512,1276,70,-1
513,20,24,1
514,563,889,1
515,20,333,-1
516,1358,1806,-1
517,1358,66,-1
518,20,216,1
519,1440,3885,-1
520,44,77,-1
521,20,209,1
522,563,5779,1
523,20,171,-1
524,1358,25413,-1
525,1358,44,-1
526,20,111,1
527,1358,2885,-1
528,563,349,1
529,20,187,-1
530,176,93996,-1
531,563,10560,1
532,20,361,-1
533,1077,638,1
534,20,380,-1
535,563,198207,-1
536,20,37966,1
537,1440,45328,-1
538,1440,69,-1
539,1194,11,-1
540,20,138,1
541,1440,2985,-1
542,1276,66,-1
543,20,22,1
544,1358,4894,-1
545,20,461,1
546,1440,4217,-1
547,1276,66,-1
548,20,144,1
549,1358,4473,-1
550,20,516,1
551,1440,2796,-1
552,1276,53,-1
553,20,94,1
554,1440,3422,-1
555,1276,24,-1
556,20,10,1
557,1358,25,-1
558,20,224,1
559,1440,3771,-1
560,1276,24,-1
561,1358,5,-1
562,20,51,1
563,1440,4774,-1
564,1276,55,-1
565,20,15,1
566,1358,31,-1
567,563,315,1
568,20,174,-1
569,1440,2365,-1
570,1276,41,-1
571,20,18,1
572,1358,2929,-1
573,1440,4082,-1
574,20,41,1
575,1276,63,-1
576,1358,3129,-1
577,20,26,1
578,1358,36285,-1
579,20,39716,1
580,1358,5064,-1
581,1358,1847,-1
582,20,94,1
583,1440,2337,-1
584,1276,144,-1
585,20,39,1
586,1440,8614,-1
587,1440,136,-1
588,20,40,1
589,1440,99,-1
590,1112,26,-1
591,20,150,1
592,1440,8003,-1
593,1276,86,-1
594,20,23,1
595,563,716,1
596,20,221,-1
597,1440,2240,-1
598,1276,59,-1
599,20,170,1
600,563,627,1
601,20,252,-1
602,1440,2909,-1
603,1440,85,-1
604,120,15,-1
605,20,177,1
606,563,2699,1
607,20,313,-1
608,1077,16903,1
609,20,156,-1
610,1480,47788,1
611,645,107,1
612,20,108,-1
613,563,240718,-1
614,563,1746,1
615,20,413,-1
616,1077,128203,-1
617,563,1528,1
618,20,133,-1
619,563,170654,-1
620,563,271,1
621,20,126,-1
622,1440,150559,-1
623,1440,55,-1
624,807,10,-1
625,20,74,1
626,563,127589,-1
627,563,4997,1
628,20,149,-1
629,563,258,1
630,20,91,-1
631,563,159003,-1
632,20,39154,1
633,563,1920766,1
634,20,223,-1
635,563,212652,-1
636,20,87,1
637,1077,905,1
638,20,380,-1
639,1077,249061,-1
640,1077,17522,1
641,20,193,-1
642,1077,359714,-1
643,563,3490,1
644,20,175,-1
645,563,174499,-1
646,1077,295,1
647,20,117,-1
648,1440,413167,-1
649,1440,62,-1
650,807,6,-1
651,20,100,1
652,1440,3730,-1
653,1276,30,-1
654,20,11,1
655,1358,4927,-1
656,1077,4081,1
657,20,162,-1
658,1440,14,-1
659,1276,14,-1
660,20,53,1
661,1358,3262,-1
662,1077,462,1
663,20,241,-1
664,563,14,1
665,20,83,-1
666,1358,3108,-1
667,563,2946,1
668,20,123,-1
669,1077,148,1
670,20,210,-1
671,1077,2238,1
672,20,156,-1
673,563,6268,1
674,20,127,-1
675,563,421,1
676,20,72,-1
677,563,118,1
678,20,81,-1
679,1358,96119,-1
680,1358,61,-1
681,1440,15,-1
682,1276,4,-1
683,1440,4,-1
684,1276,3,-1
685,20,73,1
686,1440,2201,-1
687,1276,33,-1
688,20,19,1
689,1358,20,-1
690,1358,5,-1
691,20,22,1
692,1077,3143,1
693,20,231,-1
694,1440,6702,-1
695,1276,22,-1
696,1358,13,-1
697,20,70,1
698,563,277,1
699,20,104,-1
700,1440,704,-1
701,1440,23,-1
702,20,17,1
703,1194,20,-1
704,1440,3772,-1
705,20,41,1
706,1276,47,-1
707,1077,3988,1
708,20,130,-1
709,1440,1083,-1
710,1276,24,-1
711,20,58,1
712,1358,105606,-1
713,1085,128,-1
714,20,46,1
715,563,999,1
716,20,529,-1
717,563,1976,1
718,20,463,-1
719,1358,84089,-1
720,563,803,1
721,20,288,-1
722,563,55,1
723,20,174,-1
724,1358,1576,-1
725,563,727,1
726,20,240,-1
727,563,61,1
728,20,333,-1
729,1440,8243,-1
730,1276,51,-1
731,1358,7,-1
732,20,101,1
733,563,266,1
734,20,96,-1
735,1440,4226,-1
736,1276,36,-1
737,20,10,1
738,1358,13,-1
739,1440,4184,-1
740,20,89,1
741,1276,131,-1
742,1358,25,-1
743,20,172,1
744,1440,10617,-1
745,1440,49,-1
746,20,13,1
747,1194,30,-1
748,1197,6289,-1
749,20,41,1
750,1358,61305,-1
751,563,2481,1
752,20,347,-1
753,1358,65682,-1
754,563,1329,1
755,20,129,-1
756,544,10755,-1
757,563,3175,1
758,20,240,-1
759,563,781,1
760,20,222,-1
761,563,169,1
762,20,219,-1
763,1440,29774,-1
764,1276,97,-1
765,1440,15,-1
766,1440,10,-1
767,1194,14,-1
768,20,208,1
769,1358,313,-1
770,1358,43,-1
771,20,94,1
772,1440,884,-1
773,1276,59,-1
774,563,3,1
775,20,241,1
776,20,241,-1
777,1440,2135,-1
778,1440,50,-1
779,20,43,1
780,1194,119,-1
781,1440,35,-1
782,20,151,1
783,1440,572,-1
784,1194,39,-1
785,20,39,1
786,1358,91,-1
787,1358,25,-1
788,20,1358,1
789,1440,634,-1
790,1276,41,-1
791,20,45,1
792,1358,120,-1
793,563,5092,1
794,20,144,-1
795,1358,12329,-1
796,1358,24910,-1
797,20,149,1
798,1440,44873,-1
799,1276,46,-1
800,20,101,1
801,1440,31774,-1
802,362,46,-1
803,20,12,1
804,563,284,1
805,20,169,-1
806,1358,35996,-1
807,20,37309,1
808,1358,724,-1
809,563,1680,1
810,20,143,-1
811,563,88,1
812,20,134,-1
813,1440,19348,-1
814,1440,51,-1
815,1194,5,-1
816,20,97,1
817,1214,32768,-1
818,1077,2384,1
819,20,87,-1
820,1480,205,1
821,645,31,1
822,20,47,-1
823,1480,634,1
824,131,30,1
825,20,211,-1
826,563,993,1
827,20,89,-1
828,1440,1096,-1
829,1276,54,-1
830,20,185,1
831,563,524,1
832,20,157,-1
833,1358,932,-1
834,563,77,1
835,20,159,-1
836,563,1055,1
837,20,159,-1
838,563,270,1
839,20,77,-1
840,563,329,1
841,20,52,-1
842,563,252,1
843,20,52,-1
844,1440,101,-1
845,1276,16,-1
846,20,77,1
847,1358,3520,-1
848,1358,65,-1
849,20,19,1
850,1358,7560,-1
851,1077,5304,1
852,20,171,-1
853,1077,547,1
854,20,226,-1
855,563,25181,1
856,20,118,-1
857,255,75126,-1
858,20,36765,1
859,1358,565,-1
860,1440,26,-1
861,1276,15,-1
862,20,103,1
863,563,281,1
864,20,181,-1
865,563,9,1
866,20,58,-1
867,1440,406,-1
868,1440,19,-1
869,1194,14,-1
870,20,61,1
871,1440,1102,-1
872,1440,19,-1
873,20,18,1
874,1194,18,-1
875,1358,3427,-1
876,20,26,1
877,1440,40,-1
878,1276,5,-1
879,20,55,1
880,1358,1992,-1
881,1358,1323,-1
882,20,15,1
883,1358,386,-1
884,1440,818,-1
885,20,13,1
886,1440,37,-1
887,1194,5,-1
888,20,46,1
889,1358,719,-1
890,1440,1136,-1
891,20,11,1
892,1276,26,-1
893,1358,2285,-1
894,20,12,1
895,563,283,1
896,20,164,-1
897,1358,3949,-1
898,1358,42,-1
899,20,75,1
900,563,34512,1
901,20,110,-1
902,563,216,1
903,20,189,-1
904,563,1199,1
905,20,127,-1
906,563,72,1
907,20,96,-1
908,563,19698,1
909,20,167,-1
910,1440,14945,-1
911,1276,49,-1
912,20,111,1
913,1440,37205,-1
914,1276,44,-1
915,20,10,1
916,1440,1111,-1
917,1276,30,-1
918,20,10,1
919,1440,29,-1
920,1276,10,-1
921,20,36,1
922,563,442,1
923,20,114,-1
924,1440,487,-1
925,1440,20,-1
926,1440,5,-1
927,1112,2,-1
928,20,38,1
929,1440,2998,-1
930,1276,42,-1
931,20,14,1
932,1440,4131,-1
933,1276,36,-1
934,20,11,1
935,1440,868,-1
936,1440,36,-1
937,20,13,1
938,1194,37,-1
939,1440,11,-1
940,1440,7,-1
941,1194,5,-1
942,20,36,1
943,1358,1847,-1
944,1358,41,-1
945,20,17,1
946,1440,2447,-1
947,1276,41,-1
948,20,19,1
949,563,377,1
950,20,61,-1
951,1358,3925,-1
952,1358,195,-1
953,20,15,1
954,1077,45907,1
955,20,144,-1
956,563,108,1
957,20,141,-1
958,1077,9351,1
959,20,248,-1
960,1077,152,1
961,20,100,-1
962,1480,351,1
963,131,96,1
964,20,77,-1
965,1440,14636,-1
966,1276,46,-1
967,20,115,1
968,1077,28485,1
969,20,133,-1
970,1440,8687,-1
971,1437,42,-1
972,20,107,1
973,563,552,1
974,20,228,-1
975,1440,304,-1
976,1276,72,-1
977,1440,5,-1
978,1276,46,-1
979,20,19,1
980,1440,1021,-1
981,1440,24,-1
982,20,19,1
983,1440,25,-1
984,1112,6,-1
985,20,32,1
986,1440,2617,-1
987,1276,38,-1
988,20,10,1
989,1440,4175,-1
990,1276,27,-1
991,20,9,1
992,1440,995,-1
993,1276,30,-1
994,20,7,1
995,1440,28,-1
996,1276,5,-1
997,20,46,1
998,1358,173,-1
999,1358,8,-1
1000,20,252,1
1001,563,1240,1
1002,20,98,-1
1003,1440,907,-1
1004,1440,29,-1
1005,20,10,1
1006,1194,29,-1
1007,1358,7,-1
1008,20,45,1
1009,1440,1707,-1
1010,1276,26,-1
1011,20,10,1
1012,1358,4561,-1
1013,1358,304,-1
1014,20,19,1
1015,1440,70993,-1
1016,1276,51,-1
1017,20,46,1
1018,1440,36762,-1
1019,1440,56,-1
1020,20,16,1
1021,272,40,-1
1022,1440,1007,-1
1023,20,19,1
1024,1276,49,-1
1025,1358,10,-1
1026,20,86,1
1027,1358,362,-1
1028,1440,956,-1
1029,20,25,1
1030,1440,51,-1
1031,1194,10,-1
1032,1358,5,-1
1033,20,63,1
1034,1358,530,-1
1035,563,66,1
1036,20,102,-1
1037,1358,1540,-1
1038,1358,219,-1
1039,20,23,1
1040,1440,4083,-1
1041,1276,37,-1
1042,20,13,1
1043,563,489,1
1044,20,194,-1
1045,563,27,1
1046,1440,180,-1
1047,1440,46,-1
1048,20,18,1
1049,1194,29,-1
1050,1358,12,-1
1051,20,10,-1
1052,563,17,1
1053,1440,123,-1
1054,1440,15,-1
1055,734,8,-1
1056,20,10,-1
1057,20,21,1
1058,563,173,1
1059,20,99,-1
1060,563,239,1
1061,20,67,-1
1062,563,174,1
1063,20,113,-1
1064,563,28,1
1065,20,87,-1
1066,563,86,1
1067,20,66,-1
1068,1440,1038,-1
1069,1276,23,-1
1070,20,19,1
1071,1077,37430,1
1072,20,189,-1
1073,1077,6215,1
1074,20,172,-1
1075,563,56824,1
1076,20,124,-1
1077,563,169,1
1078,20,102,-1
1079,1358,33972,-1
1080,1440,72,-1
1081,1276,12,-1
1082,20,87,1
1083,1440,70658,-1
1084,1440,0,-1
1085,20,0,1
1086,1440,0,-1
1087,1440,0,-1
1088,1440,0,-1
1089,1440,0,-1
1090,1440,0,-1
1091,1440,0,-1
1092,1440,0,-1
1093,1440,0,-1
1094,1440,0,-1
1095,1440,0,-1
1096,1440,0,-1
1097,1440,0,-1
1098,1440,0,-1
1099,1440,0,-1
1100,1440,0,-1
1101,1440,0,-1
1102,1440,0,-1
1103,1440,0,-1
1104,1440,0,-1
1105,1440,0,-1
1106,1440,0,-1
1107,1440,0,-1
1108,1440,0,-1
1109,1440,0,-1
1110,1440,0,-1
1111,1440,0,-1
1112,1440,0,-1
1113,1440,0,-1
1114,20,4816,1
1115,563,496,1
1116,20,84,-1
1117,563,1588,1
1118,20,1799,-1
1119,1106,9,1
1120,20,186,-1
1121,1480,234,1
1122,645,31,1
1123,20,78,-1
1124,563,335,1
1125,20,64,-1
1126,1440,27909,-1
1127,1276,52,-1
1128,20,112,1
1129,1358,732,-1
1130,1358,237,-1
1131,20,19,1
1132,1440,441,-1
1133,1276,20,-1
1134,20,10,1
1135,1440,14,-1
1136,1276,7,-1
1137,20,33,1
1138,563,363,1
1139,20,57,-1
1140,563,105,1
1141,20,103,-1
1142,1440,347,-1
1143,1276,20,-1
1144,20,115,1
1145,1440,0,-1
1146,1276,7,-1
1147,20,221,1
1148,1440,3422,-1
1149,1440,20,-1
1150,20,10,1
1151,145,31,-1
1152,563,1041,1
1153,20,79,-1
1154,1440,1098,-1
1155,1276,28,-1
1156,20,79,1
1157,1358,1486,-1
1158,1358,34,-1
1159,20,13,1
1160,1358,32,-1
1161,1440,9,-1
1162,1276,6,-1
1163,20,26,1
1164,1358,2005,-1
1165,1358,30,-1
1166,20,12,1
1167,1358,2367,-1
1168,1440,5091,-1
1169,20,29,1
1170,1276,43,-1
1171,1358,491,-1
1172,20,17,1
1173,1358,36,-1
1174,1358,8,-1
1175,20,65,1
1176,563,356,1
1177,20,150,-1
1178,1440,70356,-1
1179,1276,56,-1
1180,20,15,1
1181,1440,34,-1
1182,1276,10,-1
1183,20,72,1
1184,1358,4440,-1
1185,1440,31760,-1
1186,20,35,1
1187,1276,52,-1
1188,563,937,1
1189,20,247,-1
1190,1440,143,-1
1191,1440,13,-1
1192,1194,16,-1
1193,1440,2,-1
1194,81,13,-1
1195,20,46,1
1196,563,295,1
1197,20,82,-1
1198,563,656,1
1199,20,616,-1
1200,1440,24,-1
1201,1440,7,-1
1202,1440,5,-1
1203,1440,5,-1
1204,1440,5,-1
1205,948,15,-1
1206,20,305,1
1207,1077,221,1
1208,20,66,-1
1209,563,780,1
1210,20,76,-1
1211,563,270,1
1212,20,77,-1
1213,1440,1440,-1
1214,1276,19,-1
1215,20,64,1
1216,563,334,1
1217,20,77,-1
1218,1440,2313,-1
1219,1276,25,-1
1220,20,52,1
1221,1440,947,-1
1222,1276,20,-1
1223,20,8,1
1224,1440,21,-1
1225,1440,6,-1
1226,1440,3,-1
1227,1112,4,-1
1228,20,4,1
1229,20,186,1
1230,1358,1092,-1
1231,1358,445,-1
1232,20,11,1
1233,1358,3272,-1
1234,1440,4544,-1
1235,20,46,1
1236,1276,78,-1
1237,1440,20,-1
1238,1276,4,-1
1239,20,81,1
1240,563,298,1
1241,20,149,-1
1242,1440,818,-1
1243,1276,20,-1
1244,20,8,1
1245,1077,28468,1
1246,20,177,-1
1247,1480,23669,1
1248,131,154,1
1249,20,138,-1
1250,1480,386,1
1251,1159,118,1
1252,20,405,-1
1253,1440,16672,-1
1254,1440,70,-1
1255,1440,10,-1
1256,1440,6,-1
1257,68,8,-1
1258,20,68,1
1259,1358,3880,-1
1260,1440,31960,-1
1261,20,37,1
1262,1276,36,-1
1263,1440,1607,-1
1264,20,22,1
1265,1440,40,-1
1266,1194,5,-1
1267,1358,4,-1
1268,20,42,1
1269,1358,1429,-1
1270,1358,31,-1
1271,20,13,1
1272,1358,28,-1
1273,1440,8,-1
1274,1440,5,-1
1275,1194,5,-1
1276,20,5,1
1277,1440,161,-1
1278,1276,10,-1
1279,20,83,1
1280,563,411,1
1281,20,90,-1
1282,1440,2565,-1
1283,1276,25,-1
1284,20,9,1
1285,1440,3659,-1
1286,1276,74,-1
1287,20,20,1
1288,1358,376,-1
1289,1358,18,-1
1290,20,42,1
1291,1440,140,-1
1292,1440,8,-1
1293,1194,5,-1
1294,1358,4,-1
1295,563,37,1
1296,20,71,-1
1297,20,174,1
1298,1440,1086,-1
1299,1061,30,-1
1300,20,12,1
1301,1440,6695,-1
1302,1440,0,-1
1303,20,0,1
1304,1440,0,-1
1305,1112,0,-1
1306,1440,0,-1
1307,1276,0,-1
1308,1440,0,-1
1309,1276,0,-1
1310,20,4508,1
1311,563,985,1
1312,20,151,-1
1313,1440,67883,-1
1314,1440,66,-1
1315,1440,10,-1
1316,1440,7,-1
1317,1440,5,-1
1318,948,5,-1
1319,20,1243,1
1320,1358,2305,-1
1321,1358,32246,-1
1322,20,39,1
1323,1358,381,-1
1324,1440,1166,-1
1325,20,20,1
1326,1276,48,-1
1327,1440,1875,-1
1328,20,28,1
1329,1440,35,-1
1330,1440,16,-1
1331,1440,4,-1
1332,1440,3,-1
1333,1440,4,-1
1334,1440,3,-1
1335,1440,4,-1
1336,1440,5,-1
1337,162,3,-1
1338,20,36,1
1339,563,293,1
1340,20,77,-1
1341,1440,2467,-1
1342,1276,18,-1
1343,20,6,1
1344,563,322,1
1345,20,86,-1
1346,1440,2942,-1
1347,1276,21,-1
1348,20,9,1
1349,1440,719,-1
1350,1440,28,-1
1351,20,8,1
1352,1440,22,-1
1353,1440,7,-1
1354,1440,4,-1
1355,948,5,-1
1356,20,249,1
1357,563,641,1
1358,20,96,-1
1359,1440,934,-1
1360,1440,30,-1
1361,1194,5,-1
1362,1358,4,-1
1363,20,35,1
1364,1440,8942,-1
1365,1440,41,-1
1366,20,14,1
1367,1440,40,-1
1368,1112,9,-1
1369,20,36,1
1370,1440,332,-1
1371,1440,12,-1
1372,1194,5,-1
1373,1358,5,-1
1374,20,47,1
1375,563,1331,1
1376,20,124,-1
1377,1358,67838,-1
1378,1358,55,-1
1379,1358,6,-1
1380,1358,5,-1
1381,20,95,1
1382,1347,118,-1
1383,1358,8,-1
1384,1358,5,-1
1385,20,205,1
1386,1358,4367,-1
1387,563,283,1
1388,20,123,-1
1389,1440,31373,-1
1390,1276,22,-1
1391,20,58,1
1392,1440,1247,-1
1393,1276,21,-1
1394,20,56,1
1395,1440,894,-1
1396,1276,20,-1
1397,20,9,1
1398,1440,820,-1
1399,1440,25,-1
1400,20,29,1
1401,1194,15,-1
1402,1358,9,-1
1403,1440,5,-1
1404,1440,5,-1
1405,1194,5,-1
1406,1358,5,-1
1407,20,26,1
1408,563,247,1
1409,20,87,-1
1410,1440,2580,-1
1411,1276,23,-1
1412,20,10,1
1413,1440,3553,-1
1414,1276,23,-1
1415,20,19,1
1416,1440,643,-1
1417,1440,22,-1
1418,20,9,1
1419,1194,30,-1
1420,1440,6,-1
1421,1276,5,-1
1422,1358,5,-1
1423,20,14,1
1424,563,284,1
1425,20,90,-1
1426,1440,1441,-1
1427,974,24,-1
1428,20,19,1
1429,1440,22,-1
1430,1276,6,-1
1431,20,22,1
1432,1358,8754,-1
1433,1440,336,-1
1434,20,14,1
1435,1440,32,-1
1436,1194,17,-1
1437,1440,3,-1
1438,1276,14,-1
1439,1440,5,-1
1440,1276,4,-1
1441,20,19,1
1442,1358,3420,-1
1443,1358,33518,-1
1444,20,16,1
1445,1440,32431,-1
1446,1276,98,-1
1447,20,25,1
1448,1358,57,-1
1449,1440,9,-1
1450,1276,5,-1
1451,1358,15,-1
1452,20,14,1
1453,563,411,1
1454,20,121,-1
1455,1358,7994,-1
1456,1358,23,-1
1457,20,10,1
1458,1440,28110,-1
1459,1276,41,-1
1460,20,15,1
1461,1440,1147,-1
1462,1276,27,-1
1463,20,11,1
1464,563,406,1
1465,20,87,-1
1466,1440,633,-1
1467,1276,12,-1
1468,20,241,1
1469,563,95,1
1470,20,56,-1
1471,1440,463,-1
1472,1276,36,-1
1473,20,20,1
1474,1440,27,-1
1475,1440,9,-1
1476,1194,5,-1
1477,1440,5,-1
1478,1392,5,-1
1479,20,151,1
1480,563,591,1
1481,20,162,-1
1482,1358,1662,-1
1483,1358,226,-1
1484,20,114,1
1485,1440,3699,-1
1486,1276,29,-1
1487,20,11,1
1488,1358,17,-1
1489,1440,275,-1
1490,1440,10,-1
1491,1440,5,-1
1492,1440,5,-1
1493,1440,5,-1
1494,948,4,-1
1495,20,77,1
1496,1440,1925,-1
1497,1276,25,-1
1498,20,20,1
1499,1440,24,-1
1500,1276,6,-1
1501,20,15,1
1502,1358,1472,-1
1503,1440,8023,-1
1504,20,20,1
1505,1440,51,-1
1506,1440,20,-1
1507,1112,5,-1
1508,1440,5,-1
1509,1440,5,-1
1510,1440,5,-1
1511,1112,5,-1
1512,20,15,1
1513,1358,36412,-1
1514,1358,75,-1
1515,20,15,1
1516,1440,34193,-1
1517,1276,39,-1
1518,20,20,1
1519,1440,14,-1
1520,1440,4,-1
1521,1358,4,-1
1522,20,66,1
1523,563,398,1
1524,20,70,-1
1525,1440,7120,-1
1526,1276,24,-1
1527,20,92,1
1528,1440,27471,-1
1529,1276,46,-1
1530,20,21,1
1531,1440,1106,-1
1532,1276,22,-1
1533,20,18,1
1534,1440,953,-1
1535,1276,26,-1
1536,20,22,1
1537,1358,566,-1
1538,1440,576,-1
1539,20,11,1
1540,1276,33,-1
1541,1440,15,-1
1542,1276,4,-1
1543,1440,3,-1
1544,1440,3,-1
1545,1194,4,-1
1546,1358,2,-1
1547,20,37,1
1548,1358,63,-1
1549,1358,2290,-1
1550,20,19,1
1551,1358,180,-1
1552,1440,6296,-1
1553,20,20,1
1554,1276,36,-1
1555,1440,463,-1
1556,20,17,1
1557,1440,34,-1
1558,1194,7,-1
1559,1358,4,-1
1560,20,58,1
1561,1358,540,-1
1562,1358,13,-1
1563,20,8,1
1564,1440,4298,-1
1565,1440,44,-1
1566,20,15,1
1567,1440,33,-1
1568,966,32,-1
1569,1440,5,-1
1570,1276,5,-1
1571,20,29,1
1572,1440,8078,-1
1573,1276,47,-1
1574,20,15,1
1575,1440,38,-1
1576,1276,10,-1
1577,20,39,1
1578,563,572,1
1579,20,148,-1
1580,1440,250,-1
1581,1276,47,-1
1582,1440,5,-1
1583,1276,4,-1
1584,20,43,1
1585,563,339,1
1586,20,61,-1
1587,1440,34277,-1
1588,1276,57,-1
1589,1440,6,-1
1590,1276,5,-1
1591,20,159,1
1592,1440,30966,-1
1593,1440,38,-1
1594,20,20,1
1595,1440,25,-1
1596,1112,8,-1
1597,1440,4,-1
1598,1276,2,-1
1599,20,30,1
1600,1440,7987,-1
1601,1276,34,-1
1602,20,17,1
1603,1440,27670,-1
1604,1276,41,-1
1605,20,20,1
1606,1440,360,-1
1607,1276,20,-1
1608,20,17,1
1609,1358,607,-1
1610,1358,311,-1
1611,20,12,1
1612,1440,1049,-1
1613,1440,29,-1
1614,20,8,1
1615,1440,21,-1
1616,1440,7,-1
1617,1030,4,-1
1618,1358,4,-1
1619,20,7,1
1620,1440,211,-1
1621,20,5,1
1622,1276,5,-1
1623,20,22,1
1624,1440,540,-1
1625,1276,21,-1
1626,20,20,1
1627,1358,1786,-1
1628,1358,19,-1
1629,20,6,1
1630,563,315,1
1631,20,104,-1
1632,1440,7260,-1
1633,1440,55,-1
1634,1440,9,-1
1635,1440,5,-1
1636,1030,5,-1
1637,1358,5,-1
1638,1440,5,-1
1639,1276,6,-1
1640,20,51,1
1641,563,811,1
1642,20,77,-1
1643,1440,3395,-1
1644,1276,56,-1
1645,20,72,1
1646,1440,262,-1
1647,1440,14,-1
1648,1194,5,-1
1649,1440,5,-1
1650,1440,5,-1
1651,20,4,1
1652,1194,0,-1
1653,20,30,1
1654,1440,6868,-1
1655,1440,39,-1
1656,20,12,1
1657,1440,17,-1
1658,1112,8,-1
1659,20,52,1
1660,1440,951,-1
1661,1276,30,-1
1662,20,18,1
1663,1440,50,-1
1664,1276,8,-1
1665,20,38,1
1666,563,312,1
1667,20,128,-1
1668,1440,34290,-1
1669,1276,60,-1
1670,20,13,1
1671,1440,73,-1
1672,1276,7,-1
1673,20,324,1
1674,1440,30598,-1
1675,1276,42,-1
1676,20,30,1
1677,1440,25,-1
1678,1276,8,-1
1679,1440,13,-1
1680,1276,56,-1
1681,20,4,1
1682,1358,6465,-1
1683,20,36,1
1684,1440,1844,-1
1685,1276,22,-1
1686,20,71,1
1687,1440,27404,-1
1688,1276,47,-1
1689,20,91,1
1690,1358,543,-1
1691,1358,25,-1
1692,20,78,1
1693,1358,420,-1
1694,1358,25,-1
1695,20,10,1
1696,1440,936,-1
1697,1276,30,-1
1698,20,10,1
1699,1358,25,-1
1700,1358,8,-1
1701,20,30,1
1702,1077,545,1
1703,1440,42,-1
1704,1440,9,-1
1705,1194,5,-1
1706,1358,5,-1
1707,20,119,-1
1708,20,34,1
1709,1440,90,-1
1710,1276,8,-1
1711,20,14,1
1712,1440,1989,-1
1713,1440,23,-1
1714,20,9,1
1715,1194,12,-1
1716,1358,7465,-1
1717,20,41,1
1718,1440,43,-1
1719,1276,8,-1
1720,1358,101,-1
1721,20,12,1
1722,1440,349,-1
1723,1440,15,-1
1724,1194,4,-1
1725,1358,4,-1
1726,20,123,1
1727,1440,4291,-1
1728,1276,24,-1
1729,20,17,1
1730,1440,401,-1
1731,1276,54,-1
1732,20,52,1
1733,1358,19,-1
1734,1440,585,-1
1735,20,10,1
1736,1440,28,-1
1737,1194,5,-1
1738,20,42,1
1739,1440,6510,-1
1740,1440,30,-1
1741,20,18,1
1742,1194,75,-1
1743,1358,5,-1
1744,20,39,1
1745,1358,316,-1
1746,1440,247,-1
1747,20,12,1
1748,1276,69,-1
1749,1358,6,-1
1750,20,49,1
1751,563,247,1
1752,20,117,-1
1753,1440,34955,-1
1754,1276,35,-1
1755,20,84,1
1756,1440,962,-1
1757,1276,20,-1
1758,20,18,1
1759,563,293,1
1760,20,121,-1
1761,1440,29546,-1
1762,1440,46,-1
1763,1440,5,-1
1764,1440,4,-1
1765,1440,4,-1
1766,948,4,-1
1767,20,85,1
1768,1358,3293,-1
1769,1440,5000,-1
1770,20,26,1
1771,1276,41,-1
1772,563,344,1
1773,20,102,-1
1774,1440,27691,-1
1775,1440,39,-1
1776,1194,15,-1
1777,1358,2,-1
1778,20,77,1
1779,1440,446,-1
1780,1440,13,-1
1781,1440,3,-1
1782,1112,3,-1
1783,20,0,1
1784,20,38,1
1785,563,1600,1
1786,20,79,-1
1787,1358,699,-1
1788,1440,2032,-1
1789,1276,34,-1
1790,20,72,1
1791,1440,1061,-1
1792,1440,28,-1
1793,20,20,1
1794,1194,37,-1
1795,1440,8,-1
1796,1440,5,-1
1797,1194,5,-1
1798,20,211,1
1799,1440,3847,-1
1800,1276,46,-1
1801,20,16,1
1802,563,330,1
1803,20,180,-1
1804,1440,240,-1
1805,1276,28,-1
1806,20,72,1
1807,1440,3082,-1
1808,1276,36,-1
1809,1440,9,-1
1810,1276,6,-1
1811,1440,5,-1
1812,1440,7,-1
1813,1194,5,-1
1814,1358,6,-1
1815,20,25,1
1816,1440,2334,-1
1817,1276,27,-1
1818,20,10,1
1819,563,328,1
1820,1440,138,-1
1821,1276,24,-1
1822,20,6,-1
1823,20,44,1
1824,1440,463,-1
1825,1276,11,-1
1826,1440,171,-1
1827,1276,12,-1
1828,20,30,1
1829,563,199,1
1830,20,158,-1
1831,1358,1990,-1
1832,563,462,1
1833,20,98,-1
1834,1440,3867,-1
1835,1276,51,-1
1836,1440,4,-1
1837,1440,4,-1
1838,1194,4,-1
1839,1358,3,-1
1840,20,56,1
1841,1440,582,-1
1842,1276,28,-1
1843,20,13,1
1844,1440,35578,-1
1845,1276,52,-1
1846,20,14,1
1847,1358,41,-1
1848,1358,2162,-1
1849,20,29,1
1850,1358,1022,-1
1851,1440,26817,-1
1852,20,43,1
1853,1276,38,-1
1854,1440,17,-1
1855,1440,3,-1
1856,1440,4,-1
1857,1112,3,-1
1858,20,118,1
1859,1440,8466,-1
1860,1276,41,-1
1861,20,20,1
1862,563,1406,1
1863,20,262,-1
1864,1358,1291,-1
1865,1440,27085,-1
1866,1440,64,-1
1867,1440,7,-1
1868,1112,5,-1
1869,20,83,1
1870,1440,1943,-1
1871,1440,33,-1
1872,20,11,1
1873,1440,36,-1
1874,1112,8,-1
1875,20,20,1
1876,1440,818,-1
1877,1276,13,-1
1878,20,9,1
1879,1440,30,-1
1880,1276,7,-1
1881,20,92,1
1882,563,455,1
1883,20,96,-1
1884,563,159,1
1885,20,128,-1
1886,1440,472,-1
1887,1276,29,-1
1888,1440,6,-1
1889,1276,5,-1
1890,1440,5,-1
1891,1276,5,-1
1892,20,61,1
1893,1440,4452,-1
1894,1276,46,-1
1895,20,11,1
1896,1440,1172,-1
1897,1276,21,-1
1898,20,228,1
1899,1440,2111,-1
1900,1440,72,-1
1901,20,13,1
1902,1440,36,-1
1903,1112,9,-1
1904,1440,5,-1
1905,1440,5,-1
1906,1440,5,-1
1907,1112,5,-1
1908,563,648,1
1909,20,91,-1
1910,563,345,1
1911,20,104,-1
1912,563,841,1
1913,1358,61,-1
1914,20,6,-1
1915,1358,4,-1
1916,20,73,1
1917,1358,750,-1
1918,1358,25,-1
1919,20,7,1
1920,1440,1085,-1
1921,1276,57,-1
1922,20,11,1
1923,1440,24,-1
1924,1276,7,-1
1925,20,289,1
1926,1440,6814,-1
1927,1440,45,-1
1928,20,10,1
1929,1440,15,-1
1930,1112,5,-1
1931,1440,4,-1
1932,1440,3,-1
1933,1440,5,-1
1934,1112,4,-1
1935,20,65,1
1936,563,599,1
1937,20,107,-1
1938,1440,406,-1
1939,1440,19,-1
1940,20,6,1
1941,1194,23,-1
1942,563,258,1
1943,20,101,-1
1944,1440,32800,-1
1945,1276,0,-1
1946,20,0,1
1947,1358,0,-1
1948,1358,0,-1
1949,20,0,1
1950,1440,31265,-1
1951,1440,51,-1
1952,20,15,1
1953,1440,30,-1
1954,1112,6,-1
1955,1440,6,-1
1956,1276,5,-1
1957,20,20,1
1958,563,1114,1
1959,20,118,-1
1960,1440,7137,-1
1961,1276,45,-1
1962,20,93,1
1963,563,389,1
1964,20,72,-1
1965,1440,32105,-1
1966,1440,50,-1
1967,1194,6,-1
1968,1440,5,-1
1969,1440,5,-1
1970,1194,5,-1
1971,20,90,1
1972,1440,329,-1
1973,1440,11,-1
1974,1194,5,-1
1975,1358,4,-1
1976,20,7,1
1977,1440,1199,-1
1978,20,14,1
1979,1440,35,-1
1980,1440,8,-1
1981,1112,5,-1
1982,20,43,1
1983,1440,887,-1
1984,1440,20,-1
1985,20,10,1
1986,1194,31,-1
1987,1440,7,-1
1988,1276,5,-1
1989,20,25,1
1990,1358,916,-1
1991,1440,2078,-1
1992,20,11,1
1993,1276,27,-1
1994,1440,1373,-1
1995,20,12,1
1996,1276,29,-1
1997,1358,1721,-1
1998,20,15,1
1999,1358,42,-1
2000,1358,7,-1
2001,1440,5,-1
2002,1276,3,-1
2003,20,41,1
2004,1440,93,-1
2005,1276,6,-1
2006,1358,4,-1
2007,1440,66,-1
2008,1276,6,-1
2009,20,47,1
2010,563,611,1
2011,20,106,-1
2012,563,15,1
2013,20,153,-1
2014,1440,896,-1
2015,1276,20,-1
2016,20,6,1
2017,1440,1104,-1
2018,1276,20,-1
2019,20,5,1
2020,563,427,1
2021,20,74,-1
2022,1440,565,-1
2023,1440,21,-1
2024,1194,3,-1
2025,1358,5,-1
2026,20,41,1
2027,1440,7048,-1
2028,1276,41,-1
2029,20,11,1
2030,1440,504,-1
2031,1440,23,-1
2032,20,9,1
2033,1194,22,-1
2034,1440,6,-1
2035,1440,4,-1
2036,1194,4,-1
2037,20,10,1
2038,1440,845,-1
2039,20,39,1
2040,1276,27,-1
2041,1440,5,-1
2042,1276,4,-1
2043,20,49,1
2044,1440,33431,-1
2045,1276,51,-1
2046,20,20,1
2047,563,1083,1
2048,20,92,-1
2049,1358,108,-1
2050,1358,620,-1
2051,20,82,1
2052,1440,29331,-1
2053,1276,46,-1
2054,1440,14,-1
2055,1276,5,-1
2056,1358,5,-1
2057,1358,12,-1
2058,20,108,1
2059,563,1004,1
2060,20,108,-1
2061,1440,6878,-1
2062,1276,30,-1
2063,20,77,1
2064,1440,33246,-1
2065,1276,56,-1
2066,20,24,1
2067,1440,28,-1
2068,1276,9,-1
2069,1440,4,-1
2070,1276,4,-1
2071,20,37,1
2072,563,319,1
2073,20,116,-1
2074,1358,248,-1
2075,563,46,1
2076,1440,247,-1
2077,1440,20,-1
2078,1194,4,-1
2079,20,3,-1
2080,20,63,1
2081,1440,1530,-1
2082,1276,36,-1
2083,20,12,1
2084,1358,15,-1
2085,1440,6,-1
2086,1440,5,-1
2087,1440,5,-1
2088,1112,5,-1
2089,1358,5,-1
2090,20,31,1
2091,1358,81,-1
2092,1358,425,-1
2093,20,15,1
2094,1440,2552,-1
2095,1276,22,-1
2096,20,10,1
2097,563,294,1
2098,20,145,-1
2099,1440,1427,-1
2100,1276,20,-1
2101,20,60,1
2102,1440,1272,-1
2103,1276,20,-1
2104,20,75,1
2105,1440,313,-1
2106,1440,17,-1
2107,1194,14,-1
2108,1440,2,-1
2109,1440,4,-1
2110,1194,4,-1
2111,20,36,1
2112,1440,121,-1
2113,1440,11,-1
2114,1194,15,-1
2115,1358,5,-1
2116,20,89,1
2117,563,717,1
2118,20,124,-1
2119,1358,344,-1
2120,1358,25,-1
2121,20,66,1
2122,1440,848,-1
2123,1276,24,-1
2124,20,65,1
2125,563,405,1
2126,20,171,-1
2127,1440,873,-1
2128,1276,36,-1
2129,20,91,1
2130,1440,7018,-1
2131,1440,37,-1
2132,1440,5,-1
2133,1112,2,-1
2134,20,66,1
2135,1358,979,-1
2136,1440,30,-1
2137,20,20,1
2138,1276,26,-1
2139,1440,560,-1
2140,20,13,1
2141,1276,35,-1
2142,1440,6,-1
2143,1440,4,-1
2144,1194,2,-1
2145,1440,4,-1
2146,1276,3,-1
2147,20,17,1
2148,563,799,1
2149,20,171,-1
2150,1440,33127,-1
2151,1276,41,-1
2152,20,97,1
2153,1440,829,-1
2154,1276,22,-1
2155,20,70,1
2156,1358,8575,-1
2157,1440,21126,-1
2158,1440,59,-1
2159,1194,7,-1
2160,1440,5,-1
2161,1276,6,-1
2162,20,87,1
2163,563,464,1
2164,20,72,-1
2165,1440,8024,-1
2166,1276,105,-1
2167,20,190,1
2168,1440,31365,-1
2169,1440,61,-1
2170,1194,7,-1
2171,1358,5,-1
2172,20,120,1
2173,1358,127,-1
2174,1358,14,-1
2175,20,286,1
2176,1440,958,-1
2177,1440,30,-1
2178,20,10,1
2179,1194,41,-1
2180,1440,14,-1
2181,1440,7,-1
2182,1194,9,-1
2183,20,21,1
2184,563,808,1
2185,20,228,-1
2186,1358,356,-1
2187,1358,35,-1
2188,1358,6,-1
2189,1358,101,-1
2190,20,3,1
2191,1358,397,-1
2192,20,21,1
2193,1440,69,-1
2194,1440,9,-1
2195,1194,7,-1
2196,20,16,1
2197,563,499,1
2198,20,142,-1
2199,1358,1760,-1
2200,1440,79,-1
2201,1276,10,-1
2202,1358,9,-1
2203,20,110,1
2204,1440,1618,-1
2205,1276,41,-1
2206,20,15,1
2207,1440,1461,-1
2208,1276,46,-1
2209,20,19,1
2210,1440,67,-1
2211,1276,12,-1
2212,1440,139,-1
2213,1440,13,-1
2214,1194,8,-1
2215,1440,6,-1
2216,1440,7,-1
2217,1194,7,-1
2218,1440,6,-1
2219,822,10,-1
2220,20,159,1
2221,1077,2015,1
2222,20,233,-1
2223,563,25,1
2224,20,101,-1
2225,1077,7525,1
2226,20,180,-1
2227,1480,348,1
2228,645,115,1
2229,20,107,-1
2230,563,466,1
2231,20,159,-1
2232,563,504,1
2233,20,137,-1
2234,563,26546,1
2235,20,110,-1
2236,563,186950,-1
2237,563,1087,1
2238,20,95,-1
2239,1440,9768,-1
2240,1440,45,-1
2241,1194,5,-1
2242,20,95,1
2243,563,1077,1
2244,20,92,-1
2245,563,340,1
2246,20,152,-1
2247,1077,123,1
2248,20,86,-1
2249,1440,8500,-1
2250,1276,46,-1
2251,20,105,1
2252,1440,6741,-1
2253,1276,23,-1
2254,20,9,1
2255,1358,6221,-1
2256,1440,41,-1
2257,20,10,1
2258,1276,25,-1
2259,1440,12562,-1
2260,20,38,1
2261,1440,38,-1
2262,1194,6,-1
2263,20,164,1
2264,1358,8848,-1
2265,1077,411,1
2266,20,164,-1
2267,1358,4876,-1
2268,1440,11860,-1
2269,1276,43,-1
2270,20,94,1
2271,1440,13084,-1
2272,1276,54,-1
2273,20,15,1
2274,1440,10317,-1
2275,1276,67,-1
2276,20,10,1
2277,1440,12749,-1
2278,1440,99,-1
2279,20,15,1
2280,1194,17,-1
2281,1210,28871,-1
2282,20,46,1
2283,1440,2919,-1
2284,1276,25,-1
2285,20,58,1
2286,1358,10912,-1
2287,1440,19230,-1
2288,20,77,1
2289,1440,59,-1
2290,1194,22,-1
2291,20,114,1
2292,1440,8130,-1
2293,1440,41,-1
2294,20,10,1
2295,1194,32,-1
2296,1358,16642,-1
2297,20,36,1
2298,563,560,1
2299,20,97,-1
2300,563,895,1
2301,20,78,-1
2302,1440,6066,-1
2303,1276,46,-1
2304,20,98,1
2305,1358,7437,-1
2306,1358,47,-1
2307,20,11,1
2308,1440,5910,-1
2309,1276,45,-1
2310,20,10,1
2311,1358,6044,-1
2312,1440,6768,-1
2313,20,35,1
2314,1440,36,-1
2315,1194,7,-1
2316,20,72,1
2317,1440,6234,-1
2318,1440,56,-1
2319,20,17,1
2320,1194,17,-1
2321,1358,10582,-1
2322,20,36,1
2323,1440,2578,-1
2324,1276,0,-1
2325,20,4295,1
2326,1358,4781,-1
2327,563,293,1
2328,20,154,-1
2329,1440,4487,-1
2330,1276,26,-1
2331,20,76,1
2332,563,213,1
2333,20,122,-1
2334,833,1393,-1
2335,1358,3368,-1
2336,20,133,1
2337,1358,128,-1
2338,1440,7592,-1
2339,20,36,1
2340,1440,38,-1
2341,1194,8,-1
2342,20,92,1
2343,1440,17462,-1
2344,1440,56,-1
2345,20,15,1
2346,1194,37,-1
2347,1440,12841,-1
2348,20,38,1
2349,1440,37,-1
2350,1194,6,-1
2351,20,90,1
2352,1358,4972,-1
2353,1358,11512,-1
2354,20,37,1
2355,1358,7350,-1
2356,1358,779,-1
2357,20,21,1
2358,1358,58,-1
2359,1440,4015,-1
2360,20,39,1
2361,1276,41,-1
2362,1358,6,-1
2363,20,94,1
2364,1440,10202,-1
2365,1440,56,-1
2366,20,15,1
2367,1194,34,-1
2368,563,273,1
2369,20,126,-1
2370,1440,11017,-1
2371,1440,45,-1
2372,20,10,1
2373,1194,23,-1
2374,1358,10016,-1
2375,20,37,1
2376,1358,7947,-1
2377,1358,46,-1
2378,20,92,1
2379,1440,5610,-1
2380,1276,30,-1
2381,20,10,1
2382,1358,434,-1
2383,1440,9059,-1
2384,20,53,1
2385,1440,59,-1
2386,1194,10,-1
2387,20,109,1
2388,883,1558,-1
2389,1440,8314,-1
2390,20,17,1
2391,1276,41,-1
2392,1358,85,-1
2393,20,264,1
2394,563,565,1
2395,20,292,-1
2396,1358,14558,-1
2397,1440,1005,-1
2398,1276,56,-1
2399,20,603,1
2400,563,407,1
2401,20,338,-1
2402,1358,4358,-1
2403,1440,103,-1
2404,20,35,1
2405,1276,118,-1
2406,1440,16898,-1
2407,20,48,1
2408,1276,59,-1
2409,1358,8020,-1
2410,20,75,1
2411,1440,6207,-1
2412,1276,36,-1
2413,20,66,1
2414,1480,4531,1
2415,131,89,1
2416,20,78,-1
2417,1440,2037,-1
2418,1440,27,-1
2419,1194,4,-1
2420,20,51,1
2421,1358,6278,-1
2422,1358,41,-1
2423,20,10,1
2424,1077,6429,1
2425,20,142,-1
2426,1358,600,-1
2427,1440,8699,-1
2428,1276,41,-1
2429,20,92,1
2430,1358,2595,-1
2431,1440,6307,-1
2432,20,26,1
2433,1276,45,-1
2434,1440,6008,-1
2435,20,14,1
2436,1440,39,-1
2437,1194,5,-1
2438,20,43,1
2439,1440,6751,-1
2440,1276,32,-1
2441,20,19,1
2442,1358,6144,-1
2443,563,283,1
2444,20,293,-1
2445,1440,4964,-1
2446,1276,20,-1
2447,20,65,1
2448,1164,2641,-1
2449,1358,7956,-1
2450,20,30,1
2451,1358,46,-1
2452,1358,8529,-1
2453,20,45,1
2454,1358,20024,-1
2455,1358,11088,-1
2456,20,35,1
2457,563,30240,1
2458,20,124,-1
2459,244,55958,-1
2460,563,258,1
2461,20,96,-1
2462,1077,8906,1
2463,20,106,-1
2464,563,195,1
2465,20,76,-1
2466,563,36923,1
2467,20,172,-1
2468,563,195,1
2469,20,69,-1
2470,563,88,1
2471,20,82,-1
2472,1077,747,1
2473,20,76,-1
2474,563,542,1
2475,20,61,-1
2476,563,682,1
2477,20,72,-1
2478,1480,24137,1
2479,131,96,1
2480,20,38,-1
2481,563,11667,1
2482,20,176,-1
2483,563,844,1
2484,20,374,-1
2485,563,175,1
2486,20,71,-1
2487,1077,167,1
2488,20,162,-1
2489,1077,1999,1
2490,20,149,-1
2491,1077,41666,-1
2492,563,401,1
2493,20,121,-1
2494,1358,89215,-1
2495,1358,19489,-1
2496,20,131,1
2497,1440,6980,-1
2498,1440,42,-1
2499,20,21,1
2500,1194,25,-1
2501,1440,6978,-1
2502,20,221,1
2503,1276,38,-1
2504,563,397,1
2505,20,74,-1
2506,1077,944,1
2507,20,99,-1
2508,1050,3771,-1
2509,1440,9253,-1
2510,1440,46,-1
2511,1194,5,-1
2512,20,99,1
2513,1440,12569,-1
2514,1440,54,-1
2515,20,22,1
2516,1194,48,-1
2517,1358,12165,-1
2518,20,45,1
2519,1440,5783,-1
2520,1276,43,-1
2521,20,83,1
2522,1440,5450,-1
2523,1440,46,-1
2524,20,15,1
2525,1194,15,-1
2526,1440,11227,-1
2527,20,44,1
2528,1276,51,-1
2529,1358,13,-1
2530,20,107,1
2531,1440,17880,-1
2532,1276,45,-1
2533,20,15,1
2534,563,355,1
2535,20,247,-1
2536,1358,15,-1
2537,1358,9605,-1
2538,20,42,1
2539,1358,9750,-1
2540,1440,46,-1
2541,20,10,1
2542,1276,26,-1
2543,1440,7631,-1
2544,20,38,1
2545,1276,36,-1
2546,1440,5768,-1
2547,20,66,1
2548,1276,86,-1
2549,1440,5365,-1
2550,20,0,1
2551,1276,0,-1
2552,1358,10292,-1
2553,20,63,1
2554,319,3329,-1
2555,1440,3345,-1
2556,20,20,1
2557,1276,42,-1
2558,1358,20511,-1
2559,20,57,1
2560,563,726,1
2561,20,154,-1
2562,1440,9921,-1
2563,1276,0,-1
2564,1358,0,-1
2565,20,3763,1
2566,1440,6955,-1
2567,1276,44,-1
2568,20,20,1
2569,1358,6412,-1
2570,563,298,1
2571,20,137,-1
2572,1440,9479,-1
2573,1276,43,-1
2574,1358,14,-1
2575,20,83,1
2576,1440,24631,-1
2577,1276,46,-1
2578,20,13,1
2579,1358,15,-1
2580,563,1565,1
2581,20,154,-1
2582,563,296,1
2583,20,77,-1
2584,563,717,1
2585,20,113,-1
2586,1358,8527,-1
2587,1358,8974,-1
2588,20,155,1
2589,1440,10705,-1
2590,1440,58,-1
2591,20,16,1
2592,1194,35,-1
2593,563,2454,1
2594,20,317,-1
2595,563,29,1
2596,20,70,-1
2597,1440,5972,-1
2598,1276,61,-1
2599,20,121,1
2600,1316,133,-1
2601,1358,9537,-1
2602,20,38,1
2603,1440,7674,-1
2604,1276,51,-1
2605,1358,5,-1
2606,20,113,1
2607,563,2804,1
2608,20,180,-1
2609,563,556,1
2610,20,126,-1
2611,563,972,1
2612,20,123,-1
2613,1358,2332,-1
2614,1440,7543,-1
2615,1276,37,-1
2616,20,71,1
2617,1440,8874,-1
2618,1440,48,-1
2619,20,11,1
2620,1194,26,-1
2621,563,371,1
2622,20,223,-1
2623,1440,8173,-1
2624,1440,42,-1
2625,1194,5,-1
2626,20,90,1
2627,1440,14881,-1
2628,1276,53,-1
2629,20,17,1
2630,1358,41,-1
2631,1440,15272,-1
2632,20,56,1
2633,1440,77,-1
2634,1440,15,-1
2635,1112,7,-1
2636,20,132,1
2637,563,2999,1
2638,20,289,-1
2639,1358,11514,-1
2640,1440,8080,-1
2641,1276,65,-1
2642,20,132,1
2643,1440,7920,-1
2644,1440,64,-1
2645,20,18,1
2646,1194,45,-1
2647,563,461,1
2648,20,119,-1
2649,1440,10389,-1
2650,1440,64,-1
2651,1194,9,-1
2652,20,523,1
2653,563,1065,1
2654,20,634,-1
2655,1440,146057,-1
2656,1440,81,-1
2657,20,25,1
2658,1440,77,-1
2659,1440,16,-1
2660,1440,10,-1
2661,1440,9,-1
2662,1440,8,-1
2663,1440,8,-1
2664,1440,7,-1
2665,20,0,1
2666,1440,8,-1
2667,1440,8,-1
2668,1440,8,-1
2669,1440,7,-1
2670,1440,8,-1
2671,1440,7,-1
2672,1440,8,-1
2673,1440,15,-1
2674,1440,9,-1
2675,1440,8,-1
2676,1440,11,-1
2677,1440,8,-1
2678,1440,9,-1
2679,1440,9,-1
2680,1440,10,-1
2681,1440,9,-1
2682,1440,8,-1
2683,1440,8,-1
2684,1440,15,-1
2685,1440,8,-1
2686,20,247,1
2687,563,2253,1
2688,1358,4419,-1
2689,20,10,-1
2690,563,483,1
2691,20,113,-1
2692,563,2265,1
2693,20,92,-1
2694,563,25,1
2695,20,169,-1
2696,1358,989,-1
2697,1440,9773,-1
2698,1276,44,-1
2699,20,91,1
2700,1358,5522,-1
2701,1440,6634,-1
2702,1276,27,-1
2703,20,71,1
2704,1440,11940,-1
2705,1276,49,-1
2706,20,61,1
2707,1358,7004,-1
2708,1358,768,-1
2709,20,26,1
2710,1358,4749,-1
2711,1358,35,-1
2712,20,10,1
2713,1358,9613,-1
2714,1440,6641,-1
2715,20,47,1
2716,1276,38,-1
2717,1358,7457,-1
2718,20,35,1
2719,563,416,1
2720,20,187,-1
2721,1440,7981,-1
2722,1440,46,-1
2723,20,10,1
2724,1194,25,-1
2725,1358,15017,-1
2726,20,46,1
2727,1440,8540,-1
2728,1276,115,-1
2729,20,42,1
2730,1358,57,-1
2731,1358,8878,-1
2732,20,49,1
2733,1358,137,-1
2734,385,4789,-1
2735,20,33,1
2736,1358,72,-1
2737,1358,211,-1
2738,20,23,1
2739,1358,6361,-1
2740,1440,7663,-1
2741,20,34,1
2742,1276,54,-1
2743,1358,11185,-1
2744,20,56,1
2745,1440,14412,-1
2746,1440,80,-1
2747,20,25,1
2748,1194,63,-1
2749,563,699,1
2750,20,211,-1
2751,563,130,1
2752,20,164,-1
2753,1358,3515,-1
2754,1358,8934,-1
2755,1358,33,-1
2756,20,91,1
2757,563,231,1
2758,20,127,-1
2759,1440,8144,-1
2760,1440,117,-1
2761,1194,25,-1
2762,20,201,1
2763,1440,13530,-1
2764,1440,62,-1
2765,20,15,1
2766,1194,41,-1
2767,563,536,1
2768,20,113,-1
2769,1358,7400,-1
2770,1440,6431,-1
2771,20,44,1
2772,1276,59,-1
2773,1358,4427,-1
2774,20,0,1
2775,1358,21942,-1
2776,1358,73,-1
2777,1358,12,-1
2778,20,120,1
2779,1440,8859,-1
2780,1440,68,-1
2781,20,23,1
2782,1194,46,-1
2783,57,2474,-1
2784,20,149,1
2785,1358,34775,-1
2786,1440,251,-1
2787,1276,17,-1
2788,20,36,1
2789,1440,20488,-1
2790,1276,77,-1
2791,20,20,1
2792,1358,54,-1
2793,563,659,1
2794,20,350,-1
2795,1358,13974,-1
2796,1440,15411,-1
2797,20,88,1
2798,1440,400,-1
2799,1194,10,-1
2800,20,82,1
2801,563,915,1
2802,20,119,-1
2803,1358,4118,-1
2804,1358,46,-1
2805,20,96,1
2806,1358,7196,-1
2807,1440,7455,-1
2808,20,50,1
2809,1276,105,-1
2810,1358,6264,-1
2811,20,40,1
2812,1440,12768,-1
2813,1440,140,-1
2814,20,41,1
2815,1194,109,-1
2816,1440,4492,-1
2817,20,36,1
2818,1440,82,-1
2819,1194,15,-1
2820,20,116,1
2821,1440,7899,-1
2822,1440,77,-1
2823,20,20,1
2824,1194,52,-1
2825,1440,11600,-1
2826,20,65,1
2827,1276,97,-1
2828,1358,19,-1
2829,20,182,1
2830,563,1177,1
2831,20,241,-1
2832,1172,11004,-1
2833,563,520,1
2834,20,155,-1
2835,1440,4949,-1
2836,1276,47,-1
2837,20,115,1
2838,1358,15604,-1
2839,1440,46,-1
2840,20,10,1
2841,1276,27,-1
2842,1440,10978,-1
2843,20,36,1
2844,1440,42,-1
2845,1194,8,-1
2846,20,79,1
2847,1440,8170,-1
2848,1440,46,-1
2849,20,11,1
2850,1194,36,-1
2851,1358,7,-1
2852,20,53,1
2853,1358,16674,-1
2854,1440,256,-1
2855,20,42,1
2856,1276,26,-1
2857,1440,10703,-1
2858,20,37,1
2859,1440,41,-1
2860,1194,7,-1
2861,20,98,1
2862,1358,9672,-1
2863,1440,123,-1
2864,20,14,1
2865,1276,29,-1
2866,563,505,1
2867,20,111,-1
2868,1440,11266,-1
2869,1276,56,-1
2870,20,12,1
2871,1358,28,-1
2872,1440,19060,-1
2873,20,39,1
2874,1440,45,-1
2875,1194,7,-1
2876,20,97,1
2877,1440,12340,-1
2878,1440,111,-1
2879,20,46,1
2880,1194,113,-1
2881,1037,5325,-1
2882,20,69,1
2883,1440,4024,-1
2884,1440,67,-1
2885,1194,14,-1
2886,20,153,1
2887,1440,12844,-1
2888,1440,64,-1
2889,20,17,1
2890,1194,46,-1
2891,563,533,1
2892,20,252,-1
2893,1440,18779,-1
2894,1440,115,-1
2895,20,38,1
2896,1194,56,-1
2897,1077,935,1
2898,20,360,-1
2899,1440,3881,-1
2900,1440,71,-1
2901,20,23,1
2902,1194,35,-1
2903,1440,8451,-1
2904,20,66,1
2905,1440,89,-1
2906,1194,16,-1
2907,20,206,1
2908,1358,8132,-1
2909,1440,1059,-1
2910,20,51,1
2911,1276,109,-1
2912,1358,8177,-1
2913,20,65,1
2914,1440,9326,-1
2915,1276,86,-1
2916,20,195,1
2917,1440,11026,-1
2918,1440,137,-1
2919,20,50,1
2920,1194,56,-1
2921,1440,7577,-1
2922,20,30,1
2923,1276,46,-1
2924,1358,9,-1
2925,1358,5,-1
2926,20,72,1
2927,563,530,1
2928,20,117,-1
2929,1440,7030,-1
2930,1276,41,-1
2931,1358,17,-1
2932,20,64,1
2933,785,25071,-1
2934,1440,10825,-1
2935,20,42,1
2936,1276,51,-1
2937,1358,11913,-1
2938,20,46,1
2939,1440,446,-1
2940,1276,30,-1
2941,20,33,1
2942,1440,11440,-1
2943,1440,58,-1
2944,1194,8,-1
2945,20,104,1
2946,1440,14685,-1
2947,1440,68,-1
2948,20,18,1
2949,1440,46,-1
2950,1112,10,-1
2951,20,102,1
2952,1440,27945,-1
2953,1276,87,-1
2954,20,28,1
2955,1358,36,-1
2956,563,558,1
2957,20,151,-1
2958,1440,12109,-1
2959,1440,47,-1
2960,1194,5,-1
2961,20,104,1
2962,563,419,1
2963,20,133,-1
2964,1440,10564,-1
2965,1440,70,-1
2966,1194,11,-1
2967,20,143,1
2968,1440,9946,-1
2969,1440,71,-1
2970,20,25,1
2971,1194,56,-1
2972,1268,15532,-1
2973,20,40,1
2974,1440,3643,-1
2975,1276,51,-1
2976,20,127,1
2977,1440,8769,-1
2978,1440,73,-1
2979,20,25,1
2980,1194,53,-1
2981,1358,11502,-1
2982,20,133,1
2983,563,1497,1
2984,20,118,-1
2985,1358,11430,-1
2986,1077,338,1
2987,20,148,-1
2988,1440,9965,-1
2989,1276,35,-1
2990,20,87,1
2991,1440,11346,-1
2992,1276,46,-1
2993,20,11,1
2994,563,951,1
2995,20,104,-1
2996,1358,19502,-1
2997,563,2018,1
2998,20,249,-1
2999,1358,31743,-1
3000,1077,664,1
3001,20,151,-1
3002,1077,161,1
3003,20,218,-1
3004,563,37,1
3005,20,130,-1
3006,993,12955,-1
3007,563,588,1
3008,20,174,-1
3009,563,40,1
3010,20,142,-1
3011,1440,18611,-1
3012,1440,106,-1
3013,1194,16,-1
3014,20,264,1
3015,1440,8317,-1
3016,1276,92,-1
3017,20,15,1
3018,1358,10678,-1
3019,1440,10501,-1
3020,20,90,1
3021,1276,132,-1
3022,1358,7142,-1
3023,20,65,1
3024,1440,9383,-1
3025,1440,55,-1
3026,1194,6,-1
3027,20,114,1
3028,1440,20946,-1
3029,1440,42,-1
3030,20,14,1
3031,1194,28,-1
3032,1358,8054,-1
3033,20,30,1
3034,1440,46,-1
3035,1276,9,-1
3036,20,51,1
3037,563,278,1
3038,20,200,-1
3039,1358,13890,-1
3040,1440,224,-1
3041,1276,11,-1
3042,20,208,1
3043,563,126,1
3044,20,141,-1
3045,1440,12720,-1
3046,1440,32,-1
3047,20,13,1
3048,1194,37,-1
3049,725,4034,-1
3050,20,36,1
3051,1440,11475,-1
3052,1440,25,-1
3053,1194,15,-1
3054,20,66,1
3055,563,972,1
3056,20,907,-1
3057,1440,7689,-1
3058,1276,45,-1
3059,1358,6,-1
3060,20,79,1
3061,1440,18620,-1
3062,1440,41,-1
3063,20,13,1
3064,1194,39,-1
3065,1440,16602,-1
3066,20,36,1
3067,1440,47,-1
3068,1194,7,-1
3069,20,121,1
3070,1358,18954,-1
3071,1440,32316,-1
3072,20,34,1
3073,1440,37,-1
3074,1440,8,-1
3075,1440,6,-1
3076,1440,5,-1
3077,1440,4,-1
3078,1440,6,-1
3079,784,5,-1
3080,20,39,1
3081,1358,5624,-1
3082,563,296,1
3083,20,123,-1
3084,1358,9151,-1
3085,1035,6114,-1
3086,20,164,1
3087,1440,1774,-1
3088,1276,43,-1
3089,20,117,1
3090,1440,6541,-1
3091,1276,41,-1
3092,20,15,1
3093,1358,358,-1
3094,1440,14102,-1
3095,20,58,1
3096,1440,35,-1
3097,1194,8,-1
3098,20,56,1
3099,1440,12237,-1
3100,1440,41,-1
3101,20,11,1
3102,1194,41,-1
3103,563,329,1
3104,20,73,-1
3105,1358,9526,-1
3106,1358,18388,-1
3107,20,56,1
3108,1358,51,-1
3109,1358,19,-1
3110,20,71,1
3111,1440,9651,-1
3112,1276,53,-1
3113,20,25,1
3114,1358,3935,-1
3115,563,302,1
3116,20,195,-1
3117,1440,6452,-1
3118,1440,43,-1
3119,1194,15,-1
3120,20,78,1
3121,1440,10848,-1
3122,1440,36,-1
3123,20,10,1
3124,1194,24,-1
3125,1440,17330,-1
3126,20,38,1
3127,1276,46,-1
3128,1440,6891,-1
3129,20,24,1
3130,1276,40,-1
3131,563,752,1
3132,20,108,-1
3133,1440,6528,-1
3134,1276,51,-1
3135,20,110,1
3136,1037,370,-1
3137,1077,3365,1
3138,20,134,-1
3139,1440,2336,-1
3140,1276,31,-1
3141,20,82,1
3142,1358,4984,-1
3143,1358,3947,-1
3144,20,32,1
3145,1358,97,-1
3146,1358,5945,-1
3147,20,35,1
3148,1440,8709,-1
3149,1276,48,-1
3150,20,11,1
3151,1358,1077,-1
3152,20,36592,1
3153,1077,39548,1
3154,20,149,-1
3155,1358,64210,-1
3156,1440,3424,-1
3157,1440,54,-1
3158,1440,6,-1
3159,1440,5,-1
3160,1440,3,-1
3161,1440,3,-1
3162,1440,4,-1
3163,1440,3,-1
3164,1440,4,-1
3165,1440,3,-1
3166,1440,5,-1
3167,1440,2,-1
3168,1440,4,-1
3169,1440,4,-1
3170,1440,4,-1
3171,1440,3,-1
3172,1440,4,-1
3173,1440,4,-1
3174,1440,4,-1
3175,1440,2,-1
3176,1440,3,-1
3177,1440,4,-1
3178,1440,3,-1
3179,1440,4,-1
3180,1440,3,-1
3181,1440,4,-1
3182,1440,2,-1
3183,1440,4,-1
3184,20,0,1
3185,1440,3,-1
3186,1440,3,-1
3187,563,1029,1
3188,20,109,-1
3189,563,921,1
3190,20,130,-1
3191,1358,1194,-1
3192,563,499,1
3193,20,73,-1
3194,1077,530,1
3195,20,156,-1
3196,563,775,1
3197,20,56,-1
3198,1358,2075,-1
3199,563,1527,1
3200,1358,205,-1
3201,20,23,-1
3202,563,1027,1
3203,20,99,-1
3204,1358,2951,-1
3205,1358,631,-1
3206,20,102,1
3207,1358,4813,-1
3208,1480,291,1
3209,645,86,1
3210,20,84,-1
3211,1358,3756,-1
3212,1358,114,-1
3213,20,34,1
3214,1358,5253,-1
3215,563,1441,1
3216,20,122,-1
3217,563,763,1
3218,20,77,-1
3219,1077,209,1
3220,20,80,-1
3221,1440,6090,-1
3222,1440,35,-1
3223,1194,6,-1
3224,20,175,1
3225,563,437,1
3226,20,104,-1
3227,563,703,1
3228,20,239,-1
3229,1077,177,1
3230,20,102,-1
3231,1440,2148,-1
3232,1276,114,-1
3233,20,138,1
3234,1358,4495,-1
3235,1440,462,-1
3236,1276,15,-1
3237,20,154,1
3238,1440,5022,-1
3239,1276,28,-1
3240,20,10,1
3241,1358,3678,-1
3242,1440,15426,-1
3243,20,38,1
3244,1276,41,-1
3245,563,395,1
3246,20,180,-1
3247,1358,1231,-1
3248,1440,1961,-1
3249,20,16,1
3250,1276,35,-1
3251,563,300,1
3252,20,149,-1
3253,1358,303,-1
3254,1440,3234,-1
3255,1440,34,-1
3256,1194,6,-1
3257,20,73,1
3258,1440,1086,-1
3259,1440,28,-1
3260,20,11,1
3261,1194,26,-1
3262,1358,819,-1
3263,20,18,1
3264,1358,6772,-1
3265,1440,6597,-1
3266,20,44,1
3267,1276,83,-1
3268,1358,833,-1
3269,20,39,1
3270,1440,3573,-1
3271,1276,30,-1
3272,20,76,1
3273,1358,4,-1
3274,563,329,1
3275,20,134,-1
3276,1440,4605,-1
3277,1276,30,-1
3278,20,66,1
3279,1358,4357,-1
3280,1358,881,-1
3281,20,107,1
3282,1358,247,-1
3283,1358,3439,-1
3284,20,117,1
3285,1358,8867,-1
3286,1440,1117,-1
3287,20,21,1
3288,1276,44,-1
3289,214,19700,-1
3290,20,38,1
3291,1440,1424,-1
3292,1276,25,-1
3293,20,8,1
3294,1358,972,-1
3295,1440,5748,-1
3296,20,19,1
3297,1276,34,-1
3298,1358,4026,-1
3299,20,15,1
3300,1440,3455,-1
3301,1276,25,-1
3302,20,9,1
3303,1358,1534,-1
3304,1440,3885,-1
3305,20,27,1
3306,1440,33,-1
3307,1194,7,-1
3308,20,61,1
3309,563,224,1
3310,20,89,-1
3311,1440,3574,-1
3312,1440,25,-1
3313,20,9,1
3314,1194,21,-1
3315,1440,36934,-1
3316,20,79,1
3317,1440,128,-1
3318,1194,23,-1
3319,20,205,1
3320,563,952,1
3321,20,324,-1
3322,1440,8846,-1
3323,1276,0,-1
3324,20,0,1
3325,1358,0,-1
3326,1358,20757,-1
3327,20,45,1
3328,1440,9164,-1
3329,1276,37,-1
3330,20,10,1
3331,1440,7865,-1
3332,1440,34,-1
3333,20,10,1
3334,1194,29,-1
3335,563,3086,1
3336,20,101,-1
3337,1358,4002,-1
3338,1358,9576,-1
3339,1358,46,-1
3340,20,102,1
3341,1037,1633,-1
3342,563,312,1
3343,20,99,-1
3344,1358,22589,-1
3345,1440,47,-1
3346,1276,9,-1
3347,20,101,1
3348,1440,28873,-1
3349,1440,50,-1
3350,20,21,1
3351,1194,41,-1
3352,1440,6683,-1
3353,20,34,1
3354,1440,42,-1
3355,1194,9,-1
3356,20,83,1
3357,563,23799,1
3358,20,149,-1
3359,1358,1323,-1
3360,1440,241,-1
3361,1276,20,-1
3362,20,253,1
3363,1440,17138,-1
3364,1276,60,-1
3365,20,20,1
3366,1358,43,-1
3367,1358,10630,-1
3368,20,43,1
3369,1358,5315,-1
3370,563,1740,1
3371,20,168,-1
3372,1358,6726,-1
3373,471,2140,-1
3374,20,174,1
3375,563,356,1
3376,20,154,-1
3377,1358,5702,-1
3378,1358,232,-1
3379,20,42,1
3380,1440,7961,-1
3381,1276,57,-1
3382,1358,10,-1
3383,20,128,1
3384,1440,9812,-1
3385,1440,67,-1
3386,20,20,1
3387,1194,51,-1
3388,563,643,1
3389,20,205,-1
3390,1440,13123,-1
3391,1276,73,-1
3392,20,20,1
3393,1358,64,-1
3394,1358,5148,-1
3395,20,51,1
3396,1440,11878,-1
3397,1440,52,-1
3398,20,18,1
3399,1194,52,-1
3400,1358,4348,-1
3401,20,43,1
3402,1358,68,-1
3403,1358,3947,-1
3404,20,52,1
3405,1440,4494,-1
3406,1440,47,-1
3407,20,16,1
3408,1194,40,-1
3409,1440,7570,-1
3410,20,33,1
3411,1276,65,-1
3412,1358,13,-1
3413,20,108,1
3414,563,689,1
3415,20,177,-1
3416,1358,11198,-1
3417,1440,560,-1
3418,20,30,1
3419,1276,87,-1
3420,1440,4734,-1
3421,20,43,1
3422,1276,83,-1
3423,1358,15,-1
3424,20,157,1
3425,1440,8541,-1
3426,1276,72,-1
3427,20,23,1
3428,1358,53,-1
3429,1440,8000,-1
3430,20,46,1
3431,1440,40,-1
3432,1194,12,-1
3433,20,77,1
3434,1358,4863,-1
3435,1358,4223,-1
3436,20,17,1
3437,563,1219,1
3438,20,148,-1
3439,1440,3595,-1
3440,1276,36,-1
3441,20,77,1
3442,1195,3141,-1
3443,563,312,1
3444,20,102,-1
3445,1440,5519,-1
3446,1440,39,-1
3447,1194,5,-1
3448,20,88,1
3449,1440,3686,-1
3450,1440,23,-1
3451,20,10,1
3452,1194,35,-1
3453,563,481,1
3454,20,61,-1
3455,1440,7843,-1
3456,1440,42,-1
3457,1194,5,-1
3458,20,75,1
3459,1440,10413,-1
3460,1440,30,-1
3461,20,20,1
3462,1194,13,-1
3463,563,283,1
3464,20,146,-1
3465,1358,9008,-1
3466,1440,4031,-1
3467,20,16,1
3468,1276,35,-1
3469,1440,4599,-1
3470,20,61,1
3471,1440,111,-1
3472,1194,24,-1
3473,20,168,1
3474,1358,3702,-1
3475,1440,6057,-1
3476,20,67,1
3477,1276,108,-1
3478,1358,5107,-1
3479,20,70,1
3480,1440,6131,-1
3481,1276,68,-1
3482,20,185,1
3483,1358,4864,-1
3484,1358,16694,-1
3485,20,54,1
3486,1440,82,-1
3487,1276,15,-1
3488,20,149,1
3489,1440,3829,-1
3490,1440,73,-1
3491,20,22,1
3492,1194,67,-1
3493,1440,12708,-1
3494,20,59,1
3495,1440,84,-1
3496,1194,17,-1
3497,20,152,1
3498,563,609,1
3499,20,192,-1
3500,1440,13299,-1
3501,1440,45,-1
3502,20,10,1
3503,1194,41,-1
3504,525,6499,-1
3505,20,37,1
3506,1440,36148,-1
3507,1440,41,-1
3508,1194,5,-1
3509,20,92,1
3510,1358,9676,-1
3511,1358,45,-1
3512,20,10,1
3513,1440,8095,-1
3514,1440,82,-1
3515,20,24,1
3516,1194,61,-1
3517,563,658,1
3518,20,285,-1
3519,1440,9516,-1
3520,1440,46,-1
3521,1194,5,-1
3522,20,93,1
3523,1358,4297,-1
3524,1358,22493,-1
3525,20,39,1
3526,1480,413,1
3527,645,52,1
3528,20,51,-1
3529,1358,13510,-1
3530,1480,20670,1
3531,131,114,1
3532,20,185,-1
3533,1077,1511,1
3534,20,117,-1
3535,1440,18346,-1
3536,1276,50,-1
3537,1358,10,-1
3538,20,158,1
3539,1440,9877,-1
3540,1440,68,-1
3541,20,18,1
3542,1194,57,-1
3543,1358,6615,-1
3544,20,69,1
3545,229,57,-1
3546,563,1954,1
3547,20,312,-1
3548,1440,4438,-1
3549,1276,67,-1
3550,20,171,1
3551,1077,8090,1
3552,20,280,-1
3553,1358,4337,-1
3554,1440,12331,-1
3555,1276,49,-1
3556,20,102,1
3557,1440,14140,-1
3558,1440,48,-1
3559,20,10,1
3560,1194,28,-1
3561,1440,12961,-1
3562,20,40,1
3563,1276,42,-1
3564,1358,17818,-1
3565,20,100,1
3566,563,1441,1
3567,20,445,-1
3568,1358,12766,-1
3569,1358,10216,-1
3570,20,138,1
3571,563,1274,1
3572,20,130,-1
3573,1358,4081,-1
3574,563,1156,1
3575,20,154,-1
3576,1358,11322,-1
3577,563,1144,1
3578,20,114,-1
3579,315,6021,-1
3580,1440,14297,-1
3581,1276,43,-1
3582,20,101,1
3583,1440,2521,-1
3584,1276,30,-1
3585,20,22,1
3586,1358,68,-1
3587,1480,2656,1
3588,645,93,1
3589,20,88,-1
3590,1440,4419,-1
3591,1276,30,-1
3592,1358,5,-1
3593,20,72,1
3594,1077,773,1
3595,20,125,-1
3596,1440,5813,-1
3597,1276,32,-1
3598,1358,5,-1
3599,20,69,1
3600,563,394,1
3601,20,106,-1
3602,1077,116475,1
3603,20,122,-1
3604,1358,107693,-1
3605,20,38120,1
3606,1440,15775,-1
3607,20,38,1
3608,1440,42,-1
3609,20,24,1
3610,1440,18,-1
3611,20,15,1
3612,292,17,-1
3613,20,10,1
3614,1480,996,1
3615,1480,46,1
3616,1201,33,1
3617,20,51,-1
3618,20,9,-1
3619,1480,30,1
3620,1480,30,1
3621,1201,25,1
3622,20,58,-1
3623,20,9,-1
3624,129,9,1
3625,20,63,-1
3626,563,4520,1
3627,20,128,-1
3628,563,1811,1
3629,20,190,-1
3630,1440,66184,-1
3631,1276,44,-1
3632,20,112,1
3633,563,2222,1
3634,20,117,-1
3635,563,87,1
3636,20,52,-1
3637,563,198,1
3638,20,132,-1
3639,563,907,1
3640,20,102,-1
3641,1320,49470,-1
3642,563,1307,1
3643,20,112,-1
3644,1358,104769,-1
3645,825,23397,-1
3646,20,135,1
3647,563,259,1
3648,20,131,-1
3649,1358,85116,-1
3650,20,37187,1
3651,311,5278,-1
3652,20,438,1
3653,563,671,1
3654,20,291,-1
3655,1440,124168,-1
3656,1276,96,-1
3657,20,272,1
3658,971,40920,-1
3659,563,9284,1
3660,20,136,-1
3661,1077,478,1
3662,20,123,-1
3663,563,180,1
3664,20,105,-1
3665,1440,93064,-1
3666,1276,133,-1
3667,20,224,1
3668,971,24646,-1
3669,563,13137,1
3670,20,191,-1
3671,563,153136,1
3672,20,290,-1
3673,563,11754,-1
3674,20,36982,1
3675,1358,76555,-1
3676,20,235,1
3677,282,13999,-1
3678,20,208,1
3679,563,128374,-1
3680,20,189,1
3681,563,5722,1
3682,20,370,-1
3683,563,746,1
3684,20,432,-1
3685,563,1230,1
3686,20,224,-1
3687,563,118942,-1
3688,563,2444,1
3689,20,475,-1
3690,1077,2430,1
3691,20,284,-1
3692,563,179656,-1
3693,563,227,1
3694,20,139,-1
3695,1358,140157,-1
3696,825,16744,-1
3697,20,122,1
3698,563,217,1
3699,20,103,-1
3700,1077,151386,-1
3701,1077,7061,1
3702,20,312,-1
3703,1077,306,1
3704,20,180,-1
3705,1358,120355,-1
3706,282,7102,-1
3707,20,185,1
3708,1077,4889,1
3709,20,224,-1
3710,1077,797,1
3711,20,183,-1
3712,563,121441,-1
3713,1358,6650,-1
3714,20,185,1
3715,1440,74211,-1
3716,1440,67,-1
3717,20,20,1
3718,1194,57,-1
3719,1440,17857,-1
3720,20,51,1
3721,1276,14,-1
3722,1440,1283,-1
3723,20,19,1
3724,1440,36,-1
3725,1194,7,-1
3726,20,55,1
3727,430,27297,-1
3728,20,40313,1
3729,1358,60301,-1
3730,20,496,1
3731,825,27410,-1
3732,20,148,1
3733,563,127570,-1
3734,20,230,1
3735,563,454456,1
3736,20,185,-1
3737,1440,335255,-1
3738,20,54,1
3739,171,14,-1
3740,20,8,1
3741,1077,527570,1
3742,20,156,-1
3743,563,36159,-1
3744,20,97,1
3745,563,127735,-1
3746,20,46,1
3747,563,2869,1
3748,20,103,-1
3749,563,678571,-1
3750,563,3337,1
3751,20,190,-1
3752,563,129004,1
3753,20,149,-1
3754,563,163393,1
3755,20,170,-1
3756,1077,17895,1
3757,20,175,-1
3758,563,444250,-1
3759,20,37241,1
3760,1358,97774,-1
3761,20,48,1
3762,282,42346,-1
3763,20,37,1
3764,563,219466,1
3765,20,241,-1
3766,563,139079,-1
3767,20,22,1
3768,563,2511,1
3769,20,102,-1
3770,563,125558,-1
3771,20,36788,1
3772,563,128128,-1
3773,20,58,1
3774,563,2588,1
3775,20,144,-1
3776,563,124874,-1
3777,563,1844,1
3778,20,169,-1
3779,563,242834,-1
3780,1480,2979,1
3781,131,96,1
3782,20,123,-1
3783,563,334218,1
3784,20,447,-1
3785,563,146070,-1
3786,20,40269,1
3787,563,127488,-1
3788,20,100,1
3789,1077,669,1
3790,20,298,-1
3791,563,126746,-1
3792,563,261,1
3793,20,123,-1
3794,563,284421,-1
3795,563,3180,1
3796,20,439,-1
3797,1077,1187,1
3798,20,244,-1
3799,563,141854,-1
3800,20,36145,1
3801,1358,77508,-1
3802,20,151,1
3803,282,14761,-1
3804,20,106,1
3805,1077,127473,-1
3806,20,36,1
3807,1077,16879,1
3808,20,155,-1
3809,563,131379,-1
3810,20,39491,1
3811,1358,109410,-1
3812,20,52,1
3813,1440,15,-1
3814,20,20,1
3815,1276,20,-1
3816,20,7,1
3817,719,18830,-1
3818,20,38,1
3819,1440,83885,-1
3820,20,0,1
3821,1276,0,-1
3822,20,0,1
3823,971,43593,-1
3824,20,72,1
3825,563,12143,1
3826,20,122,-1
3827,563,283,1
3828,20,115,-1
3829,1077,147894,-1
3830,563,2861,1
3831,20,392,-1
3832,563,125035,-1
3833,20,39502,1
3834,1358,15140,-1
3835,20,383,1
3836,282,73259,-1
3837,20,480,1
3838,563,127101,-1
3839,20,247,1
3840,563,2000,1
3841,20,198,-1
3842,563,96722,1
3843,20,202,-1
3844,563,1064,1
3845,20,122,-1
3846,1106,28692,-1
3847,563,11064,1
3848,20,190,-1
3849,1077,1271,1
3850,20,197,-1
3851,1440,145738,-1
3852,1440,48,-1
3853,293,5,-1
3854,20,108,1
3855,1440,754,-1
3856,1276,32,-1
3857,20,9,1
3858,1440,3087,-1
3859,1440,21,-1
3860,20,8,1
3861,1194,29,-1
3862,1440,5199,-1
3863,20,15,1
3864,1276,50,-1
3865,1358,6,-1
3866,20,65,1
3867,563,494,1
3868,20,156,-1
3869,1440,8193,-1
3870,1276,50,-1
3871,20,87,1
3872,563,397,1
3873,20,83,-1
3874,1440,108889,-1
3875,1440,54,-1
3876,20,13,1
3877,451,30,-1
3878,1077,10051,1
3879,20,154,-1
3880,563,120222,-1
3881,1077,354,1
3882,20,171,-1
3883,1480,125780,1
3884,1480,355,1
3885,20,226,-1
3886,213,608,1
3887,20,438,-1
3888,563,37652,-1
3889,20,39867,1
3890,1358,28481,-1
3891,563,542,1
3892,20,188,-1
3893,282,99061,-1
3894,563,3295,1
3895,20,365,-1
3896,563,151362,-1
3897,563,1943,1
3898,20,144,-1
3899,1077,3293,1
3900,20,180,-1
3901,1106,129040,-1
3902,20,38079,1
3903,1358,197628,-1
3904,20,54,1
3905,282,38576,-1
3906,20,35,1
3907,1358,62901,-1
3908,20,46,1
3909,282,65269,-1
3910,20,114,1
3911,1358,45911,-1
3912,20,60,1
3913,1358,1194,-1
3914,20,33,1
3915,1358,720,-1
3916,20,53,1
3917,563,98,1
3918,20,516,-1
3919,1358,29,-1
3920,1358,1294,-1
3921,20,46,1
3922,563,15192,1
3923,20,138,-1
3924,563,411,1
3925,20,74,-1
3926,563,215,1
3927,20,113,-1
3928,563,658,1
3929,20,122,-1
3930,1358,6295,-1
3931,20,38068,1
3932,564,15982,-1
3933,20,54,1
3934,1440,36705,-1
3935,20,41,1
3936,1440,46,-1
3937,1440,15,-1
3938,1440,5,-1
3939,1030,5,-1
3940,20,61,1
3941,1358,638,-1
3942,20,251,1
3943,1440,1868,-1
3944,1276,23,-1
3945,1358,7,-1
3946,20,51,1
3947,1440,771,-1
3948,1276,46,-1
3949,20,10,1
3950,1358,71310,-1
3951,1440,409,-1
3952,20,16,1
3953,1276,58,-1
3954,20,36,1
3955,198,15548,-1
3956,20,137,1
3957,563,308,1
3958,20,184,-1
3959,1440,24199,-1
3960,1276,47,-1
3961,20,97,1
3962,1358,696,-1
3963,1440,1171,-1
3964,20,16,1
3965,1276,36,-1
3966,1358,1406,-1
3967,20,15,1
3968,563,311,1
3969,20,172,-1
3970,1440,722,-1
3971,1276,24,-1
3972,20,60,1
3973,1358,1000,-1
3974,1440,2924,-1
3975,20,15,1
3976,1440,32,-1
3977,1194,8,-1
3978,20,48,1
3979,563,24168,1
3980,20,149,-1
3981,1440,74873,-1
3982,1276,47,-1
3983,1358,38,-1
3984,20,52,1
3985,1440,10442,-1
3986,1276,46,-1
3987,20,10,1
3988,1358,29,-1
3989,1440,1673,-1
3990,20,39,1
3991,1276,41,-1
3992,1358,6,-1
3993,20,88,1
3994,1358,1472,-1
3995,563,314,1
3996,20,124,-1
3997,1440,648,-1
3998,1276,22,-1
3999,20,8,1
4000,1440,1003,-1
4001,1276,20,-1
4002,20,7,1
4003,1440,919,-1
4004,1440,22,-1
4005,20,8,1
4006,1194,20,-1
4007,1440,791,-1
4008,20,15,1
4009,1276,30,-1
4010,1440,751,-1
4011,20,15,1
4012,1276,31,-1
4013,1358,7,-1
4014,20,46,1
4015,1358,911,-1
4016,1358,372,-1
4017,20,14,1
4018,1440,37,-1
4019,1276,7,-1
4020,20,56,1
4021,758,217,-1
4022,1440,1311,-1
4023,20,15,1
4024,1440,31,-1
4025,1194,5,-1
4026,20,59,1
4027,563,109,1
4028,20,91,-1
4029,1440,79058,-1
4030,1440,113,-1
4031,1194,17,-1
4032,20,219,1
4033,563,5920,1
4034,20,244,-1
4035,1440,18414,-1
4036,1276,71,-1
4037,20,149,1
4038,1440,219,-1
4039,1276,19,-1
4040,1440,13,-1
4041,1276,10,-1
4042,20,0,1
4043,20,71,1
4044,1440,5667,-1
4045,1440,68,-1
4046,20,20,1
4047,1194,47,-1
4048,1358,1281,-1
4049,20,25,1
4050,1358,917,-1
4051,1440,1861,-1
4052,20,22,1
4053,1276,61,-1
4054,219,12277,-1
4055,20,36,1
4056,1106,177816,-1
4057,563,7239,1
4058,20,146,-1
4059,1106,128135,-1
4060,20,37098,1
4061,1440,277260,-1
4062,20,72,1
4063,171,45,-1
4064,20,21,1
4065,1077,12388,1
4066,20,195,-1
4067,563,116159,-1
4068,563,7357,1
4069,20,321,-1
4070,1077,334230,-1
4071,563,2915,1
4072,20,188,-1
4073,563,751,1
4074,20,123,-1
4075,1077,388,1
4076,20,139,-1
4077,563,424,1
4078,20,147,-1
4079,563,1543,1
4080,20,167,-1
4081,563,402,1
4082,20,77,-1
4083,563,257,1
4084,20,77,-1
4085,563,386,1
4086,20,75,-1
4087,563,274,1
4088,20,73,-1
4089,563,237,1
4090,20,77,-1
4091,563,124,1
4092,20,66,-1
4093,563,119370,-1
4094,20,39566,1
4095,1077,91488,-1
4096,20,121,1
4097,1358,82499,-1
4098,20,72,1
4099,825,82172,-1
4100,20,82,1
4101,563,3293,1
4102,20,679,-1
4103,1358,24329,-1
4104,1358,13543,-1
4105,20,51,1
4106,1358,85165,-1
4107,1077,761,1
4108,20,154,-1
4109,1077,78,1
4110,20,174,-1
4111,350,589,-1
4112,1077,458,1
4113,20,241,-1
4114,563,176648,-1
4115,1077,282,1
4116,20,118,-1
4117,563,128050,-1
4118,1358,20874,-1
4119,20,152,1
4120,282,128266,-1
4121,563,3093,1
4122,20,182,-1
4123,563,128155,-1
4124,563,1044,1
4125,20,162,-1
4126,563,206,1
4127,20,132,-1
4128,563,127741,-1
4129,563,1039,1
4130,20,241,-1
4131,563,118,1
4132,20,52,-1
4133,563,203304,-1
4134,20,38154,1
4135,1358,18553,-1
4136,20,37474,1
4137,1358,9396,-1
4138,563,975,1
4139,20,104,-1
4140,1358,3216,-1
4141,20,38277,1
4142,263,23923,-1
4143,20,151,1
4144,563,3532,1
4145,20,98,-1
4146,563,31817,1
4147,20,177,-1
4148,1440,296550,-1
4149,481,0,-1
4150,20,3771,1
4151,1077,302,1
4152,20,111,-1
4153,1358,20444,-1
4154,1358,37690,-1
4155,20,61,1
4156,563,1662,1
4157,20,158,-1
4158,1358,3962,-1
4159,20,39619,1
4160,1097,22443,-1
4161,20,44,1
4162,563,1212,1
4163,20,79,-1
4164,1358,72003,-1
4165,20,36275,1
4166,282,18503,-1
4167,20,97,1
4168,1077,128172,-1
4169,20,79,1
4170,563,1656,1
4171,20,174,-1
4172,563,125711,-1
4173,563,2027,1
4174,20,216,-1
4175,563,3327,1
4176,20,195,-1
4177,1440,45714,-1
4178,1276,49,-1
4179,20,123,1
4180,1077,1748,1
4181,20,148,-1
4182,1358,21950,-1
4183,20,37999,1
4184,292,17655,-1
4185,20,205,1
4186,563,1321,1
4187,20,169,-1
4188,563,57748,1
4189,20,177,-1
4190,563,85570,-1
4191,563,1807,1
4192,20,533,-1
4193,563,290,1
4194,20,149,-1
4195,1358,101686,-1
4196,20,36695,1
4197,825,23972,-1
4198,20,257,1
4199,1358,153558,-1
4200,20,229,1
4201,1358,669,-1
4202,563,115,1
4203,20,94,-1
4204,1358,538,-1
4205,1358,2339,-1
4206,20,15,1
4207,1358,2673,-1
4208,563,227,1
4209,20,218,-1
4210,1330,65216,-1
4211,1358,6574,-1
4212,20,60,1
4213,1358,97085,-1
4214,563,2398,1
4215,20,222,-1
4216,544,22508,-1
4217,563,1527,1
4218,20,176,-1
4219,563,292,1
4220,20,141,-1
4221,1440,49647,-1
4222,1276,52,-1
4223,20,105,1
4224,1440,35542,-1
4225,1276,72,-1
4226,20,18,1
4227,952,43439,-1
4228,20,38051,1
4229,563,226130,-1
4230,20,81,1
4231,1358,112798,-1
4232,20,56,1
4233,1440,22099,-1
4234,20,64,1
4235,1276,101,-1
4236,20,27,1
4237,563,2576,1
4238,20,326,-1
4239,748,76706,-1
4240,563,3054,1
4241,20,303,-1
4242,1358,28903,-1
4243,1358,1243,-1
4244,20,278,1
4245,1358,11843,-1
4246,1358,7915,-1
4247,20,54,1
4248,563,19448,1
4249,20,149,-1
4250,1358,23041,-1
4251,20,39573,1
4252,1358,9045,-1
4253,20,84,1
4254,563,3399,1
4255,20,606,-1
4256,1078,12188,-1
4257,20,37835,1
4258,1077,95314,-1
4259,20,37,1
4260,563,1012,1
4261,20,69,-1
4262,1077,9596,1
4263,20,144,-1
4264,1358,93590,-1
4265,282,23288,-1
4266,20,142,1
4267,1358,80813,-1
4268,1358,30093,-1
4269,20,251,1
4270,1029,16294,-1
4271,563,1213,1
4272,20,154,-1
4273,563,149715,-1
4274,1358,6824,-1
4275,20,107,1
4276,1358,789,-1
4277,1358,440,-1
4278,20,10,1
4279,1358,1532,-1
4280,1358,2244,-1
4281,20,15,1
4282,1358,5097,-1
4283,563,394,1
4284,20,223,-1
4285,1358,57214,-1
4286,1358,746,-1
4287,20,21,1
4288,1358,185,-1
4289,20,38417,1
4290,1358,1528,-1
4291,1358,11000,-1
4292,20,163,1
4293,1358,1086,-1
4294,1358,910,-1
4295,20,20,1
4296,1358,436,-1
4297,1358,754,-1
4298,20,27,1
4299,1358,44,-1
4300,1358,63,-1
4301,20,102,1
4302,1077,504,1
4303,20,81,-1
4304,1274,4273,-1
4305,1358,38491,-1
4306,20,52,1
4307,1358,49571,-1
4308,1358,5239,-1
4309,20,81,1
4310,1358,1492,-1
4311,1358,16839,-1
4312,20,59,1
4313,1330,16515,-1
4314,1358,28270,-1
4315,20,75,1
4316,825,127692,-1
4317,20,38621,1
4318,1358,24081,-1
4319,20,39926,1
4320,1358,30812,-1
4321,1358,751,-1
4322,20,87,1
4323,1440,1076,-1
4324,1276,51,-1
4325,20,20,1
4326,1358,58,-1
4327,20,3350,1
4328,1358,72,-1
4329,1358,21,-1
4330,20,225,1
4331,1358,30186,-1
4332,1358,1684,-1
4333,20,46,1
4334,1358,1581,-1
4335,1331,2103,-1
4336,20,33,1
4337,1358,900,-1
4338,20,38955,1
4339,1358,16268,-1
4340,563,576,1
4341,1358,77,-1
4342,20,173,-1
4343,1358,1970,-1
4344,20,135,1
4345,1358,2046,-1
4346,1358,2012,-1
4347,20,27,1
4348,1358,1160,-1
4349,1358,18764,-1
4350,20,34,1
4351,1358,1415,-1
4352,1358,1516,-1
4353,20,24,1
4354,1358,1401,-1
4355,1358,2429,-1
4356,20,47,1
4357,1358,1316,-1
4358,1358,1410,-1
4359,20,15,1
4360,1358,2141,-1
4361,1358,1595,-1
4362,20,19,1
4363,1358,14880,-1
4364,1358,954,-1
4365,20,22,1
4366,1358,257,-1
4367,1358,80,-1
4368,20,11,1
4369,563,252,1
4370,20,189,-1
4371,1358,14,-1
4372,1440,910,-1
4373,1276,27,-1
4374,20,62,1
4375,1358,322,-1
4376,563,67,1
4377,20,61,-1
4378,1358,488,-1
4379,1440,12636,-1
4380,20,49,1
4381,350,88,-1
4382,1358,972,-1
4383,20,25,1
4384,1358,525,-1
4385,20,39413,1
4386,1358,21600,-1
4387,1358,2802,-1
4388,20,178,1
4389,1358,104,-1
4390,1358,14,-1
4391,20,52,1
4392,1358,285,-1
4393,1440,516,-1
4394,20,11,1
4395,1276,30,-1
4396,20,216,1
4397,1358,3645,-1
4398,20,310,1
4399,1358,1814,-1
4400,1358,1881,-1
4401,20,87,1
4402,1358,2516,-1
4403,1358,2841,-1
4404,20,19,1
4405,1358,1529,-1
4406,1358,2604,-1
4407,20,17,1
4408,563,435,1
4409,20,116,-1
4410,1358,3161,-1
4411,1358,3186,-1
4412,20,154,1
4413,1358,4404,-1
4414,1358,5873,-1
4415,20,82,1
4416,1358,2408,-1
4417,1358,4162,-1
4418,20,134,1
4419,1358,3828,-1
4420,1358,1333,-1
4421,20,20,1
4422,1358,159,-1
4423,1358,277,-1
4424,20,46,1
4425,1358,36,-1
4426,1358,400,-1
4427,20,15,1
4428,1358,2179,-1
4429,1358,2515,-1
4430,20,15,1
4431,1358,1359,-1
4432,1358,3364,-1
4433,20,30,1
4434,288,4752,-1
4435,20,39601,1
4436,1358,10644,-1
4437,1358,509,-1
4438,20,122,1
4439,563,257,1
4440,20,204,-1
4441,1440,3935,-1
4442,1440,87,-1
4443,20,28,1
4444,1194,60,-1
4445,1440,37,-1
4446,1276,10,-1
4447,20,553,1
4448,1358,1057,-1
4449,1358,63,-1
4450,20,37,1
4451,563,1307,1
4452,20,425,-1
4453,1358,18794,-1
4454,20,37838,1
4455,866,12435,-1
4456,20,369,1
4457,1480,110522,1
4458,131,433,1
4459,20,277,-1
4460,1480,409,1
4461,131,206,1
4462,20,161,-1
4463,563,1445538,-1
4464,20,97,1
4465,1440,2569747,-1
4466,20,0,1
4467,171,0,-1
4468,20,0,1
4469,1440,219902,-1
4470,20,62,1
4471,171,99,-1
4472,20,23,1
4473,563,283153,-1
4474,20,38,1
4475,563,1486302,-1
4476,20,36,1
4477,563,136015,-1
4478,20,49,1
4479,1106,127803,-1
4480,20,50,1
4481,563,128849,-1
4482,20,42,1
4483,1440,227605,-1
4484,20,61,1
4485,171,54,-1
4486,20,15,1
4487,563,127714,-1
4488,20,38,1
4489,1440,947706,-1
4490,20,45,1
4491,171,44,-1
4492,20,9,1
4493,1440,1072876,-1
4494,20,37,1
4495,171,40,-1
4496,20,10,1
4497,1077,2428,1
4498,20,247,-1
4499,563,2050,1
4500,20,458,-1
4501,563,748,1
4502,20,145,-1
4503,563,479578,-1
4504,20,39514,1
4505,1358,77532,-1
4506,20,49,1
4507,563,1859,1
4508,20,188,-1
4509,282,48115,-1
4510,20,36337,1
4511,563,104017,1
4512,20,186,-1
4513,563,218456,-1
4514,20,164,1
4515,563,623,1
4516,20,355,-1
4517,563,157269,-1
4518,20,38831,1
4519,1440,333049,-1
4520,20,110,1
4521,1440,36,-1
4522,20,24,1
4523,1440,52,-1
4524,20,23,1
4525,317,43,-1
4526,20,20,1
4527,1440,126923,-1
4528,20,36,1
4529,472,46,-1
4530,20,17,1
4531,563,5009,1
4532,20,185,-1
4533,1480,778,1
4534,1480,61,1
4535,1201,39,1
4536,20,47,-1
4537,20,12,-1
4538,1480,23,1
4539,1480,21,1
4540,1201,19,1
4541,20,19,-1
4542,20,39,-1
4543,129,9,1
4544,20,67,-1
4545,563,401882,-1
4546,20,39448,1
4547,1440,386272,-1
4548,20,66,1
4549,1440,110,-1
4550,20,26,1
4551,293,39,-1
4552,20,19,1
4553,563,4837,1
4554,20,306,-1
4555,1077,17100,1
4556,20,126,-1
4557,563,280436,-1
4558,563,1547,1
4559,20,113,-1
4560,563,417289,-1
4561,1077,343,1
4562,20,134,-1
4563,563,215920,-1
4564,20,39279,1
4565,1358,79246,-1
4566,20,46,1
4567,767,48358,-1
4568,20,41,1
4569,563,127906,-1
4570,20,34,1
4571,563,956,1
4572,20,144,-1
4573,1480,22078,1
4574,1480,31,1
4575,1201,72,1
4576,20,47,-1
4577,20,27,-1
4578,1480,93,1
4579,1480,61,1
4580,20,100,-1
4581,1201,25,1
4582,20,51,-1
4583,129,77,1
4584,20,51,-1
4585,1077,220860,1
4586,20,149,-1
4587,563,6441,1
4588,20,165,-1
4589,1077,4061,1
4590,20,108,-1
4591,563,25319,-1
4592,1358,1332,-1
4593,1358,24,-1
4594,20,72,1
4595,1077,18144,1
4596,20,122,-1
4597,1077,1992,1
4598,20,173,-1
4599,1480,11563,1
4600,131,104,1
4601,20,67,-1
4602,1077,298,1
4603,20,74,-1
4604,563,2135,1
4605,20,77,-1
4606,563,22233,1
4607,20,156,-1
4608,1440,41933,-1
4609,1276,55,-1
4610,20,120,1
4611,1077,3139,1
4612,20,187,-1
4613,1440,25388,-1
4614,1276,44,-1
4615,20,116,1
4616,1358,20689,-1
4617,20,37158,1
4618,1137,41121,-1
4619,20,77,1
4620,1358,123536,-1
4621,20,66,1
4622,1077,1203,1
4623,20,139,-1
4624,282,3355,-1
4625,1077,1575,1
4626,20,128,-1
4627,563,78,1
4628,20,126,-1
4629,563,1501,1
4630,20,545,-1
4631,563,3015,1
4632,20,149,-1
4633,1358,67535,-1
4634,1077,1388,1
4635,20,142,-1
4636,563,463,1
4637,20,131,-1
4638,282,53290,-1
4639,20,36355,1
4640,1358,3695,-1
4641,20,184,1
4642,1358,77153,-1
4643,563,2298,1
4644,20,145,-1
4645,563,499,1
4646,20,365,-1
4647,563,333,1
4648,20,211,-1
4649,563,316,1
4650,20,80,-1
4651,563,103,1
4652,20,72,-1
4653,515,6742,-1
4654,20,39783,1
4655,1358,57005,-1
4656,1358,8060,-1
4657,20,124,1
4658,1440,4220,-1
4659,1276,24,-1
4660,20,20,1
4661,1358,11812,-1
4662,20,154,1
4663,1243,7006,-1
4664,20,670,1
4665,1440,120352,-1
4666,1276,40,-1
4667,1440,7,-1
4668,1276,6,-1
4669,20,52,1
4670,1440,6877,-1
4671,1440,69,-1
4672,20,11,1
4673,1194,25,-1
4674,20,575,1
4675,1358,120091,-1
4676,1440,56,-1
4677,1440,5,-1
4678,1194,5,-1
4679,20,98,1
4680,1480,901,1
4681,131,57,1
4682,20,197,-1
4683,1077,5002,1
4684,20,154,-1
4685,556,1698,-1
4686,1077,156,1
4687,20,120,-1
4688,1358,32291,-1
4689,1077,473,1
4690,20,329,-1
4691,563,801,1
4692,20,71,-1
4693,563,190,1
4694,20,67,-1
4695,563,247,1
4696,20,118,-1
4697,563,199,1
4698,20,91,-1
4699,563,206,1
4700,20,92,-1
4701,563,24,1
4702,20,75,-1
4703,854,92698,-1
4704,563,514,1
4705,20,136,-1
4706,563,28,1
4707,20,110,-1
4708,1358,156177,-1
4709,563,531,1
4710,20,156,-1
4711,311,21116,-1
4712,563,346,1
4713,20,115,-1
4714,1358,99994,-1
4715,796,27030,-1
4716,20,4125,1
4717,1358,103669,-1
4718,563,720,1
4719,20,242,-1
4720,563,45,1
4721,20,212,-1
4722,1358,52011,-1
4723,563,456,1
4724,20,144,-1
4725,563,1214,1
4726,20,277,-1
4727,1077,971,1
4728,20,277,-1
4729,1358,3057,-1
4730,292,675,-1
4731,20,60,1
4732,563,9738,1
4733,20,149,-1
4734,1358,114208,-1
4735,563,896,1
4736,20,297,-1
4737,563,66,1
4738,20,216,-1
4739,311,2588,-1
4740,563,340,1
4741,20,128,-1
4742,1358,13257,-1
4743,563,419,1
4744,20,324,-1
4745,1358,24104,-1
4746,20,37468,1
4747,1358,34461,-1
4748,1349,17152,-1
4749,20,159,1
4750,1358,15886,-1
4751,1480,637,1
4752,1480,46,1
4753,1201,46,1
4754,1480,87,1
4755,20,9,-1
4756,20,7,-1
4757,1480,10,1
4758,1201,36,1
4759,20,52,-1
4760,20,9,-1
4761,129,9,1
4762,20,65,-1
4763,563,5120,1
4764,20,115,-1
4765,1358,1353,-1
4766,1358,9638,-1
4767,20,140,1
4768,1358,11408,-1
4769,1358,8824,-1
4770,20,15,1
4771,1358,12445,-1
4772,563,8600,1
4773,20,442,-1
4774,1358,36113,-1
4775,1358,32842,-1
4776,20,88,1
4777,1358,133,-1
4778,836,16833,-1
4779,20,41,1
4780,563,7723,1
4781,20,764,-1
4782,1077,779,1
4783,20,438,-1
4784,1106,128910,-1
4785,1077,4984,1
4786,20,128,-1
4787,1358,98776,-1
4788,20,36399,1
4789,1358,15958,-1
4790,59,7885,-1
4791,20,38,1
4792,1358,25594,-1
4793,563,731,1
4794,20,74,-1
4795,1480,6542,1
4796,131,97,1
4797,20,128,-1
4798,1358,9068,-1
4799,563,947,1
4800,20,75,-1
4801,1358,32601,-1
4802,1358,18283,-1
4803,20,181,1
4804,1358,18893,-1
4805,1358,8888,-1
4806,20,51,1
4807,79,5926,-1
4808,1358,9688,-1
4809,20,36,1
4810,1358,19776,-1
4811,1358,17344,-1
4812,20,54,1
4813,1358,28928,-1
4814,1358,8731,-1
4815,20,29,1
4816,1358,28168,-1
4817,1358,449,-1
4818,20,20,1
4819,1440,16654,-1
4820,492,43,-1
4821,20,14,1
4822,1358,12472,-1
4823,1440,14799,-1
4824,20,21,1
4825,1276,46,-1
4826,563,1279,1
4827,20,117,-1
4828,1440,45269,-1
4829,1276,46,-1
4830,20,94,1
4831,1440,38701,-1
4832,1276,43,-1
4833,20,12,1
4834,563,808,1
4835,20,92,-1
4836,1358,14096,-1
4837,1440,4815,-1
4838,1276,43,-1
4839,20,92,1
4840,1440,7978,-1
4841,561,82,-1
4842,20,29,1
4843,563,1169,1
4844,20,471,-1
4845,1440,12976,-1
4846,1276,101,-1
4847,20,211,1
4848,1440,46397,-1
4849,1276,92,-1
4850,20,33,1
4851,1440,38243,-1
4852,1276,27,-1
4853,20,9,1
4854,1440,19955,-1
4855,1276,34,-1
4856,20,10,1
4857,1440,194,-1
4858,1276,6,-1
4859,20,47,1
4860,563,710,1
4861,20,132,-1
4862,1358,6514,-1
4863,1358,32,-1
4864,20,62,1
4865,1358,14917,-1
4866,1358,563,-1
4867,20,16,1
4868,563,371,1
4869,20,100,-1
4870,1358,45954,-1
4871,1358,51,-1
4872,20,107,1
4873,1440,38527,-1
4874,1276,111,-1
4875,20,30,1
4876,1440,19253,-1
4877,1276,75,-1
4878,20,20,1
4879,563,487,1
4880,1440,173,-1
4881,1276,70,-1
4882,20,10,-1
4883,20,104,1
4884,563,3883,1
4885,20,295,-1
4886,1358,2017,-1
4887,616,85,-1
4888,20,177,1
4889,563,20492,1
4890,20,195,-1
4891,1358,4446,-1
4892,1358,28553,-1
4893,20,452,1
4894,1480,234,1
4895,1480,92,1
4896,1201,22,1
4897,20,72,-1
4898,20,5,-1
4899,1480,116,1
4900,1480,82,1
4901,1201,69,1
4902,20,62,-1
4903,20,45,-1
4904,643,46,1
4905,20,77,-1
4906,563,219,1
4907,20,82,-1
4908,563,596,1
4909,20,132,-1
4910,1358,25282,-1
4911,1358,9037,-1
4912,20,434,1
4913,563,30416,1
4914,20,612,-1
4915,69,6690,-1
4916,20,37769,1
4917,563,90120,-1
4918,20,530,1
4919,563,2078,1
4920,20,153,-1
4921,563,125551,-1
4922,563,332,1
4923,20,123,-1
4924,1358,105435,-1
4925,1077,422,1
4926,20,103,-1
4927,563,1594,1
4928,20,72,-1
4929,1339,20100,-1
4930,20,37343,1
4931,1358,3957,-1
4932,1358,17191,-1
4933,20,108,1
4934,1358,17743,-1
4935,1480,313,1
4936,131,102,1
4937,20,56,-1
4938,1358,26937,-1
4939,1358,14576,-1
4940,20,29,1
4941,563,863,1
4942,20,190,-1
4943,1358,6441,-1
4944,50,1594,-1
4945,20,14,1
4946,1358,75857,-1
4947,20,37986,1
4948,825,14430,-1
4949,20,108,1
4950,1480,8536,1
4951,1480,49,1
4952,1201,30,1
4953,20,46,-1
4954,20,10,-1
4955,1480,6,1
4956,685,30,1
4957,20,46,-1
4958,1480,64,1
4959,1480,29,1
4960,213,25,1
4961,20,25,-1
4962,20,35,-1
4963,563,10,1
4964,20,38,-1
4965,563,160121,-1
4966,1480,780,1
4967,1480,54,1
4968,1201,27,1
4969,20,79,-1
4970,20,14,-1
4971,1480,30,1
4972,1480,30,1
4973,1201,25,1
4974,20,13,-1
4975,20,48,-1
4976,129,10,1
4977,20,55,-1
4978,1358,70005,-1
4979,1358,3551,-1
4980,1358,52,-1
4981,20,88,1
4982,1358,11708,-1
4983,563,1124,1
4984,20,314,-1
4985,1358,5453,-1
4986,1440,5964,-1
4987,1276,42,-1
4988,1358,6,-1
4989,20,55,1
4990,563,232,1
4991,20,122,-1
4992,1440,6635,-1
4993,1440,42,-1
4994,1194,5,-1
4995,20,62,1
4996,1358,5761,-1
4997,1358,8527,-1
4998,20,30,1
4999,1358,8567,-1
5000,20,38802,1
5001,1358,34869,-1
5002,1358,66,-1
5003,20,146,1
5004,1440,12610,-1
5005,1276,46,-1
5006,20,12,1
5007,1440,11100,-1
5008,1276,34,-1
5009,20,14,1
5010,563,1545,1
5011,20,180,-1
5012,563,134,1
5013,20,65,-1
5014,1358,3125,-1
5015,1440,4667,-1
5016,1440,40,-1
5017,1194,6,-1
5018,1358,5,-1
5019,20,926,1
5020,563,6703,1
5021,20,128,-1
5022,1077,2272,1
5023,20,101,-1
5024,1440,3861,-1
5025,1276,32,-1
5026,20,64,1
5027,1358,439,-1
5028,563,11302,1
5029,20,147,-1
5030,1358,34241,-1
5031,1440,34071,-1
5032,20,46,1
5033,1276,56,-1
5034,192,12281,-1
5035,20,53,1
5036,563,1212,1
5037,20,92,-1
5038,1358,27996,-1
5039,1440,5496,-1
5040,1276,55,-1
5041,20,125,1
5042,1358,4944,-1
5043,1440,10909,-1
5044,20,40,1
5045,1440,43,-1
5046,1194,8,-1
5047,20,88,1
5048,1358,8956,-1
5049,1440,7047,-1
5050,20,61,1
5051,1276,133,-1
5052,1358,5398,-1
5053,20,62,1
5054,1358,8411,-1
5055,20,39648,1
5056,1303,6694,-1
5057,20,321,1
5058,1358,9922,-1
5059,1358,10072,-1
5060,20,128,1
5061,1358,17639,-1
5062,563,20956,1
5063,20,285,-1
5064,1358,62724,-1
5065,98,15743,-1
5066,20,46,1
5067,1358,23462,-1
5068,20,39957,1
5069,1440,155995,-1
5070,1440,61,-1
5071,1440,8,-1
5072,1440,5,-1
5073,1440,5,-1
5074,581,5,-1
5075,20,125,1
5076,1077,610,1
5077,20,288,-1
5078,563,886,1
5079,20,241,-1
5080,1077,710,1
5081,20,163,-1
5082,1077,36962,1
5083,20,117,-1
5084,1358,7292,-1
5085,1480,4403,1
5086,1480,87,1
5087,20,79,-1
5088,1201,29,1
5089,20,40,-1
5090,1480,129,1
5091,1480,67,1
5092,20,51,-1
5093,1201,54,1
5094,20,51,-1
5095,1157,74,1
5096,20,54,-1
5097,311,75413,-1
5098,20,40206,1
5099,1358,34425,-1
5100,20,273,1
5101,854,57346,-1
5102,20,271,1
5103,1440,365887,-1
5104,20,77,1
5105,1440,15,-1
5106,20,14,1
5107,1440,23,-1
5108,20,15,1
5109,1440,37,-1
5110,20,15,1
5111,1440,30,-1
5112,20,14,1
5113,1440,26,-1
5114,20,14,1
5115,1440,26,-1
5116,20,14,1
5117,1440,25,-1
5118,20,13,1
5119,1440,25,-1
5120,20,13,1
5121,1440,26,-1
5122,20,14,1
5123,1440,25,-1
5124,20,15,1
5125,1440,25,-1
5126,20,15,1
5127,1440,73,-1
5128,20,15,1
5129,1349,26,-1
5130,20,15,1
5131,563,1747,1
5132,20,121,-1
5133,563,359,1
5134,20,180,-1
5135,1358,19,-1
5136,563,2088,1
5137,20,225,-1
5138,563,6379,1
5139,20,297,-1
5140,1077,973,1
5141,20,164,-1
5142,1358,44574,-1
5143,1358,3752,-1
5144,20,300,1
5145,1358,3993,-1
5146,563,400,1
5147,20,228,-1
5148,563,304,1
5149,20,63,-1
5150,1358,7166,-1
5151,1358,12073,-1
5152,20,357,1
5153,916,42013,-1
5154,1480,16034,1
5155,1480,40,1
5156,1201,69,1
5157,20,52,-1
5158,20,19,-1
5159,1480,114,1
5160,1480,68,1
5161,20,75,-1
5162,1201,72,1
5163,20,57,-1
5164,1157,94,1
5165,20,75,-1
5166,1440,16031,-1
5167,1276,49,-1
5168,20,98,1
5169,457,95035,-1
5170,563,1302,1
5171,20,203,-1
5172,1358,10534,-1
5173,20,37064,1
5174,825,80878,-1
5175,20,466,1
5176,563,1424,1
5177,20,187,-1
5178,1358,127589,-1
5179,1358,7822,-1
5180,20,185,1
5181,1358,7072,-1
5182,1358,9700,-1
5183,20,36,1
5184,1358,4006,-1
5185,816,8826,-1
5186,20,72,1
5187,563,2227,1
5188,20,272,-1
5189,1358,1159,-1
5190,563,479,1
5191,20,182,-1
5192,1358,6691,-1
5193,1358,6064,-1
5194,20,235,1
5195,1358,7396,-1
5196,1358,15022,-1
5197,20,51,1
5198,1358,4005,-1
5199,1358,8359,-1
5200,20,51,1
5201,563,1397,1
5202,20,133,-1
5203,563,3442,1
5204,20,128,-1
5205,1480,21960,1
5206,131,89,1
5207,20,78,-1
5208,1077,111,1
5209,20,130,-1
5210,1077,184,1
5211,20,96,-1
5212,312,48172,-1
5213,20,39633,1
5214,1358,108314,-1
5215,563,5082,1
5216,20,227,-1
5217,1077,68,1
5218,20,92,-1
5219,825,14132,-1
5220,1358,30616,-1
5221,20,128,1
5222,1358,27206,-1
5223,563,854,1
5224,20,113,-1
5225,1358,12513,-1
5226,563,309,1
5227,20,122,-1
5228,835,87646,-1
5229,563,1008,1
5230,20,106,-1
5231,1358,40942,-1
5232,20,38486,1
5233,1358,46447,-1
5234,563,993,1
5235,20,108,-1
5236,30,295,-1
5237,20,40288,1
5238,1440,87126,-1
5239,1276,62,-1
5240,20,91,1
5241,1029,64,-1
5242,20,146,1
5243,563,665,1
5244,20,154,-1
5245,1440,7723,-1
5246,1440,44,-1
5247,1194,4,-1
5248,20,70,1
5249,1440,22183,-1
5250,1276,36,-1
5251,20,10,1
5252,563,289,1
5253,20,83,-1
5254,1358,1402,-1
5255,1358,6951,-1
5256,20,88,1
5257,1358,7527,-1
5258,1358,4178,-1
5259,20,26,1
5260,1118,77898,-1
5261,20,39783,1
5262,563,27092,1
5263,20,123,-1
5264,1358,15782,-1
5265,20,36453,1
5266,854,8754,-1
5267,20,304,1
5268,1358,48295,-1
5269,1440,53,-1
5270,1276,15,-1
5271,20,99,1
5272,563,754,1
5273,20,1738,-1
5274,1440,2618,-1
5275,1440,25,-1
5276,1194,5,-1
5277,20,76,1
5278,1440,29901,-1
5279,1440,46,-1
5280,20,11,1
5281,1194,32,-1
5282,1358,8,-1
5283,20,56,1
5284,1358,3590,-1
5285,1358,12820,-1
5286,20,39,1
5287,1358,18991,-1
5288,563,442,1
5289,20,127,-1
5290,1358,9104,-1
5291,20,37872,1
5292,1440,11516,-1
5293,1276,50,-1
5294,20,98,1
5295,1440,3156,-1
5296,1440,50,-1
5297,20,11,1
5298,1440,30,-1
5299,1440,7,-1
5300,1030,5,-1
5301,20,52,1
5302,1440,30319,-1
5303,1276,57,-1
5304,20,18,1
5305,1358,41,-1
5306,1358,10,-1
5307,20,62,1
5308,563,561,1
5309,20,187,-1
5310,1440,14822,-1
5311,1276,62,-1
5312,20,19,1
5313,563,376,1
5314,20,119,-1
5315,1440,25998,-1
5316,1098,0,-1
5317,20,0,1
5318,1358,40606,-1
5319,563,5388,1
5320,20,110,-1
5321,1358,6609,-1
5322,1358,2999,-1
5323,20,136,1
5324,1358,13509,-1
5325,1358,5732,-1
5326,20,38,1
5327,1358,7917,-1
5328,1358,9108,-1
5329,20,45,1
5330,563,348,1
5331,20,194,-1
5332,563,729,1
5333,20,110,-1
5334,1358,6537,-1
5335,1358,3529,-1
5336,20,148,1
5337,1358,21437,-1
5338,1358,3995,-1
5339,20,53,1
5340,274,1770,-1
5341,1358,6732,-1
5342,20,70,1
5343,1358,8466,-1
5344,1358,7926,-1
5345,20,57,1
5346,1358,9958,-1
5347,1358,4284,-1
5348,20,64,1
5349,563,504,1
5350,20,273,-1
5351,273,89718,-1
5352,20,37346,1
5353,1358,28800,-1
5354,563,2152,1
5355,20,289,-1
5356,825,59511,-1
5357,563,1539,1
5358,20,206,-1
5359,1358,30354,-1
5360,20,37065,1
5361,1358,45970,-1
5362,30,12428,-1
5363,20,40,1
5364,563,1203,1
5365,20,141,-1
5366,1106,127592,-1
5367,563,2183,1
5368,20,128,-1
5369,1358,16988,-1
5370,20,37293,1
5371,282,71514,-1
5372,20,195,1
5373,1358,97692,-1
5374,1358,5822,-1
5375,20,121,1
5376,1358,15176,-1
5377,835,8641,-1
5378,20,46,1
5379,563,5261,1
5380,20,364,-1
5381,1358,8172,-1
5382,1358,11564,-1
5383,20,39,1
5384,1358,3923,-1
5385,1358,10623,-1
5386,20,32,1
5387,1358,9322,-1
5388,1358,7583,-1
5389,20,128,1
5390,1358,4709,-1
5391,1358,11840,-1
5392,20,100,1
5393,563,1286,1
5394,20,334,-1
5395,1358,3859,-1
5396,1358,7889,-1
5397,20,150,1
5398,1358,8456,-1
5399,759,33128,-1
5400,20,168,1
5401,1358,119967,-1
5402,563,2448,1
5403,20,113,-1
5404,282,4207,-1
5405,563,236,1
5406,20,128,-1
5407,1358,40125,-1
5408,1358,9639,-1
5409,20,296,1
5410,1358,15921,-1
5411,1358,15351,-1
5412,20,118,1
5413,563,676,1
5414,20,262,-1
5415,554,45512,-1
5416,1358,30570,-1
5417,20,63,1
5418,1358,51767,-1
5419,1440,13828,-1
5420,20,51,1
5421,1276,61,-1
5422,1358,18013,-1
5423,20,44,1
5424,1358,17441,-1
5425,1358,21395,-1
5426,20,41,1
5427,225,7709,-1
5428,563,2678,1
5429,20,149,-1
5430,1358,41673,-1
5431,20,39354,1
5432,253,41521,-1
5433,20,141,1
5434,1077,849,1
5435,20,157,-1
5436,563,208,1
5437,20,142,-1
5438,563,122,1
5439,20,154,-1
5440,1077,196,1
5441,20,61,-1
5442,1077,143,1
5443,20,134,-1
5444,563,379,1
5445,20,96,-1
5446,563,921,1
5447,20,82,-1
5448,563,133,1
5449,20,63,-1
5450,1077,37637,1
5451,20,189,-1
5452,563,326143,-1
5453,1358,11441,-1
5454,20,144,1
5455,1358,6863,-1
5456,1077,17627,1
5457,20,499,-1
5458,563,6000,1
5459,20,180,-1
5460,1358,468,-1
5461,563,18335,1
5462,20,119,-1
5463,1358,38257,-1
5464,20,38693,1
5465,1358,6558,-1
5466,20,72,1
5467,758,806,-1
5468,20,36,1
5469,1077,2857,1
5470,20,382,-1
5471,563,1977,1
5472,20,235,-1
5473,1358,2684,-1
5474,563,662,1
5475,20,232,-1
5476,1358,6397,-1
5477,1077,404,1
5478,20,118,-1
5479,1358,6567,-1
5480,563,1541,1
5481,20,200,-1
5482,1440,22084,-1
5483,1440,77,-1
5484,1194,10,-1
5485,20,167,1
5486,563,1778,1
5487,20,165,-1
5488,1358,1191,-1
5489,1358,11001,-1
5490,20,209,1
5491,1358,203,-1
5492,563,176,1
5493,20,184,-1
5494,1358,11775,-1
5495,1358,9524,-1
5496,20,19,1
5497,1480,27002,1
5498,131,92,1
5499,20,80,-1
5500,585,18287,-1
5501,563,1629,1
5502,20,222,-1
5503,563,79664,1
5504,20,154,-1
5505,1358,64449,-1
5506,796,21546,-1
5507,20,136,1
5508,1358,74373,-1
5509,563,1081,1
5510,20,154,-1
5511,825,51995,-1
5512,563,1768,1
5513,20,118,-1
5514,563,61,1
5515,20,69,-1
5516,1358,28970,-1
5517,563,1060,1
5518,20,114,-1
5519,1358,5362,-1
5520,563,924,1
5521,20,132,-1
5522,1358,11637,-1
5523,1358,12454,-1
5524,20,136,1
5525,1358,11579,-1
5526,1358,6188,-1
5527,20,36,1
5528,1358,10596,-1
5529,1358,8879,-1
5530,20,33,1
5531,1358,9021,-1
5532,1358,7354,-1
5533,20,46,1
5534,1358,4503,-1
5535,563,212,1
5536,20,96,-1
5537,1358,7264,-1
5538,1358,5023,-1
5539,20,102,1
5540,1077,6833,1
5541,20,126,-1
5542,1077,2614,1
5543,20,87,-1
5544,1440,15295,-1
5545,1276,35,-1
5546,20,108,1
5547,1440,18694,-1
5548,1276,55,-1
5549,20,20,1
5550,1358,23905,-1
5551,1358,378,-1
5552,20,18,1
5553,1358,6817,-1
5554,563,236,1
5555,20,134,-1
5556,1440,18876,-1
5557,1276,45,-1
5558,20,11,1
5559,1440,16643,-1
5560,1276,159,-1
5561,20,57,1
5562,563,4914,1
5563,20,102,-1
5564,1358,6107,-1
5565,1256,27,-1
5566,20,59,1
5567,1358,7827,-1
5568,1358,13947,-1
5569,20,46,1
5570,1358,8695,-1
5571,1358,7709,-1
5572,20,77,1
5573,1358,12290,-1
5574,1358,11708,-1
5575,20,82,1
5576,1358,4491,-1
5577,1358,11324,-1
5578,20,48,1
5579,1358,7349,-1
5580,1358,12372,-1
5581,20,72,1
5582,1358,13401,-1
5583,1358,16109,-1
5584,20,56,1
5585,1440,239,-1
5586,1440,17,-1
5587,751,9,-1
5588,20,149,1
5589,563,1555,1
5590,20,193,-1
5591,1440,4972,-1
5592,1276,46,-1
5593,20,5456,1
5594,563,147,1
5595,20,195,-1
5596,1440,9552,-1
5597,1276,63,-1
5598,20,158,1
5599,1358,6844,-1
5600,1358,9371,-1
5601,20,41,1
5602,1358,1940,-1
5603,563,2017,1
5604,20,468,-1
5605,1440,19802,-1
5606,1276,78,-1
5607,20,180,1
5608,1440,15764,-1
5609,1276,46,-1
5610,20,10,1
5611,563,313,1
5612,20,102,-1
5613,1358,7602,-1
5614,1358,12608,-1
5615,20,138,1
5616,1440,12145,-1
5617,1276,46,-1
5618,20,10,1
5619,563,6006,1
5620,20,122,-1
5621,1440,10593,-1
5622,1276,46,-1
5623,1440,5,-1
5624,1276,4,-1
5625,20,92,1
5626,1440,5872,-1
5627,1276,45,-1
5628,20,12,1
5629,1358,3376,-1
5630,1440,12141,-1
5631,20,39,1
5632,1276,41,-1
5633,1440,16103,-1
5634,20,43,1
5635,1276,43,-1
5636,1358,1883,-1
5637,20,38,1
5638,1358,6551,-1
5639,1440,18088,-1
5640,20,39,1
5641,1276,43,-1
5642,563,309,1
5643,20,107,-1
5644,1440,13213,-1
5645,1080,42,-1
5646,20,87,1
5647,563,1876,1
5648,20,139,-1
5649,1358,7011,-1
5650,1440,28408,-1
5651,1440,44,-1
5652,1440,5,-1
5653,1112,4,-1
5654,20,125,1
5655,1440,12337,-1
5656,1276,56,-1
5657,20,15,1
5658,563,346,1
5659,20,71,-1
5660,1358,4343,-1
5661,1440,5622,-1
5662,20,39,1
5663,1276,41,-1
5664,1358,6807,-1
5665,20,37,1
5666,1440,6290,-1
5667,1440,72,-1
5668,1194,13,-1
5669,20,186,1
5670,1440,21157,-1
5671,1276,71,-1
5672,20,25,1
5673,1358,1477,-1
5674,1358,4586,-1
5675,20,30,1
5676,563,491,1
5677,20,344,-1
5678,1358,5722,-1
5679,563,510,1
5680,20,360,-1
5681,1440,5908,-1
5682,1276,94,-1
5683,20,249,1
5684,1440,13245,-1
5685,1276,105,-1
5686,20,259,1
5687,1358,2599,-1
5688,783,6381,-1
5689,20,33,1
5690,1440,28250,-1
5691,1440,85,-1
5692,1194,12,-1
5693,1358,8,-1
5694,20,185,1
5695,1440,14770,-1
5696,1276,91,-1
5697,20,32,1
5698,1440,9773,-1
5699,1440,98,-1
5700,20,36,1
5701,1194,83,-1
5702,1358,6400,-1
5703,20,55,1
5704,1440,5331,-1
5705,1276,112,-1
5706,20,252,1
5707,1358,4000,-1
5708,563,1132,1
5709,20,410,-1
5710,1358,10745,-1
5711,1440,3782,-1
5712,1276,28,-1
5713,20,889,1
5714,563,184,1
5715,20,110,-1
5716,563,415,1
5717,20,218,-1
5718,563,374,1
5719,20,111,-1
5720,563,697,1
5721,20,210,-1
5722,563,535,1
5723,20,105,-1
5724,563,166,1
5725,20,108,-1
5726,1440,8835,-1
5727,1276,44,-1
5728,20,86,1
5729,1358,324,-1
5730,563,1857,1
5731,20,262,-1
5732,1358,13483,-1
5733,1440,9140,-1
5734,20,66,1
5735,1276,92,-1
5736,1440,4460,-1
5737,20,41,1
5738,1440,80,-1
5739,1440,18,-1
5740,712,10,-1
5741,20,124,1
5742,1440,27707,-1
5743,1440,51,-1
5744,20,12,1
5745,1194,32,-1
5746,1358,9581,-1
5747,20,43,1
5748,1440,5548,-1
5749,1276,52,-1
5750,20,108,1
5751,1358,15067,-1
5752,563,555,1
5753,20,308,-1
5754,1440,7475,-1
5755,1276,30,-1
5756,20,85,1
5757,1440,13391,-1
5758,1440,236,-1
5759,20,29,1
5760,1194,63,-1
5761,563,687,1
5762,20,3708,-1
5763,1358,8471,-1
5764,1440,68,-1
5765,1276,5,-1
5766,20,76,1
5767,1440,20888,-1
5768,1440,42,-1
5769,20,21,1
5770,1194,35,-1
5771,563,998,1
5772,20,277,-1
5773,1358,6790,-1
5774,563,443,1
5775,20,166,-1
5776,161,4967,-1
5777,1358,14706,-1
5778,20,155,1
5779,1440,133,-1
5780,1276,21,-1
5781,20,44,1
5782,1440,8153,-1
5783,1276,45,-1
5784,20,99,1
5785,1358,12765,-1
5786,1440,6778,-1
5787,20,37,1
5788,1276,39,-1
5789,1358,7516,-1
5790,20,36,1
5791,1440,6403,-1
5792,1440,29,-1
5793,1194,4,-1
5794,20,74,1
5795,1440,18244,-1
5796,1440,46,-1
5797,20,15,1
5798,1194,20,-1
5799,563,422,1
5800,20,107,-1
5801,1440,5746,-1
5802,1440,31,-1
5803,20,9,1
5804,1194,12,-1
5805,1358,9680,-1
5806,20,25,1
5807,1358,6016,-1
5808,1358,273,-1
5809,20,1195,1
5810,1358,5062,-1
5811,1358,3710,-1
5812,20,0,1
5813,1358,0,-1
5814,1358,9274,-1
5815,20,20,1
5816,1358,10437,-1
5817,163,262,-1
5818,20,20,1
5819,563,799,1
5820,20,203,-1
5821,1440,6404,-1
5822,1276,46,-1
5823,20,154,1
5824,1358,4568,-1
5825,1440,3904,-1
5826,20,16,1
5827,1276,34,-1
5828,1440,10308,-1
5829,20,56,1
5830,1276,42,-1
5831,563,381,1
5832,20,271,-1
5833,1358,5297,-1
5834,1440,10308,-1
5835,20,37,1
5836,1276,42,-1
5837,563,369,1
5838,20,516,-1
5839,1358,9352,-1
5840,1358,3336,-1
5841,20,44,1
5842,1358,11562,-1
5843,1358,77,-1
5844,20,22,1
5845,1440,10567,-1
5846,1276,45,-1
5847,20,13,1
5848,1358,32,-1
5849,1358,7656,-1
5850,20,34,1
5851,1440,8680,-1
5852,1440,140,-1
5853,20,40,1
5854,1194,56,-1
5855,1440,18127,-1
5856,20,66,1
5857,1276,92,-1
5858,1358,142,-1
5859,20,56,1
5860,725,14976,-1
5861,563,3049,1
5862,20,183,-1
5863,1440,5990,-1
5864,1276,44,-1
5865,1358,6,-1
5866,20,117,1
5867,1440,6500,-1
5868,1276,37,-1
5869,20,13,1
5870,1358,7481,-1
5871,1440,11089,-1
5872,20,72,1
5873,1276,103,-1
5874,1358,10977,-1
5875,20,65,1
5876,1440,7642,-1
5877,1440,169,-1
5878,1194,30,-1
5879,20,275,1
5880,1358,23993,-1
5881,1440,45,-1
5882,20,10,1
5883,1276,30,-1
5884,1358,12737,-1
5885,20,92,1
5886,1440,333,-1
5887,1276,10,-1
5888,20,103,1
5889,563,446,1
5890,20,133,-1
5891,1440,15749,-1
5892,1276,61,-1
5893,1358,8,-1
5894,20,108,1
5895,563,382,1
5896,20,267,-1
5897,1440,19925,-1
5898,1440,52,-1
5899,20,13,1
5900,1194,16,-1
5901,725,263,-1
5902,20,90,1
5903,1440,20550,-1
5904,1440,71,-1
5905,20,30,1
5906,1194,78,-1
5907,563,9501,1
5908,20,108,-1
5909,1358,142822,-1
5910,1358,430,-1
5911,20,59,1
5912,1440,17190,-1
5913,1440,72,-1
5914,20,21,1
5915,1440,58,-1
5916,1440,13,-1
5917,1440,10,-1
5918,1440,8,-1
5919,1440,7,-1
5920,1440,8,-1
5921,1440,8,-1
5922,1440,8,-1
5923,1440,7,-1
5924,1440,8,-1
5925,1440,8,-1
5926,1440,7,-1
5927,1440,7,-1
5928,1440,7,-1
5929,20,1,1
5930,1440,6,-1
5931,1440,7,-1
5932,1440,8,-1
5933,1440,6,-1
5934,1440,6,-1
5935,1440,10,-1
5936,1440,323,-1
5937,1440,14,-1
5938,1440,7,-1
5939,1440,8,-1
5940,1440,8,-1
5941,1440,6,-1
5942,1440,7,-1
5943,563,960,1
5944,20,212,-1
5945,563,3919,1
5946,20,1162,-1
5947,1106,60,1
5948,20,56,-1
5949,563,446,1
5950,20,86,-1
5951,1358,6850,-1
5952,1358,4163,-1
5953,1358,23,-1
5954,20,52,1
5955,1358,6526,-1
5956,1358,1631,-1
5957,20,15,1
5958,1358,11791,-1
5959,1358,27674,-1
5960,20,39,1
5961,563,678,1
5962,20,145,-1
5963,1358,16479,-1
5964,1440,1307,-1
5965,1276,59,-1
5966,20,234,1
5967,1358,14164,-1
5968,1440,21315,-1
5969,1276,56,-1
5970,1358,7,-1
5971,20,113,1
5972,563,3555,1
5973,20,262,-1
5974,337,4185,-1
5975,1440,15807,-1
5976,20,54,1
5977,1440,79,-1
5978,1194,13,-1
5979,20,159,1
5980,1358,16966,-1
5981,563,1338,1
5982,20,655,-1
5983,1440,5299,-1
5984,1440,92,-1
5985,1194,15,-1
5986,20,223,1
5987,1358,32038,-1
5988,1440,18364,-1
5989,20,60,1
5990,1276,66,-1
5991,1358,10,-1
5992,20,141,1
5993,1358,18410,-1
5994,1440,8464,-1
5995,20,50,1
5996,1276,68,-1
5997,1358,7435,-1
5998,20,50,1
5999,431,1847,-1
6000,1440,16058,-1
6001,20,51,1
6002,1440,71,-1
6003,1194,11,-1
6004,20,149,1
6005,1440,22300,-1
6006,1276,65,-1
6007,20,18,1
6008,1440,80941,-1
6009,1276,120,-1
6010,20,35,1
6011,1358,59,-1
6012,563,667,1
6013,20,1217,-1
6014,827,6658,-1
6015,563,405,1
6016,20,98,-1
6017,1358,33139,-1
6018,1440,236,-1
6019,1276,15,-1
6020,20,42,1
6021,1440,18255,-1
6022,1276,34,-1
6023,20,10,1
6024,1358,7337,-1
6025,1440,8942,-1
6026,20,39,1
6027,1276,41,-1
6028,1440,7867,-1
6029,20,16,1
6030,1276,34,-1
6031,20,37645,1
6032,1358,94,-1
6033,563,2753,1
6034,20,194,-1
6035,563,513,1
6036,20,101,-1
6037,1358,7815,-1
6038,1358,20174,-1
6039,20,141,1
6040,993,15434,-1
6041,1358,22819,-1
6042,20,37,1
6043,563,11760,1
6044,20,149,-1
6045,1358,12112,-1
6046,1358,9517,-1
6047,20,145,1
6048,1358,40717,-1
6049,1358,17319,-1
6050,20,55,1
6051,1077,3829,1
6052,20,137,-1
6053,563,341,1
6054,20,242,-1
6055,1358,5952,-1
6056,506,3929,-1
6057,20,138,1
6058,1358,20031,-1
6059,1440,19846,-1
6060,1440,66,-1
6061,1194,12,-1
6062,20,196,1
6063,1358,15849,-1
6064,1440,11394,-1
6065,20,1193,1
6066,1440,103,-1
6067,1194,21,-1
6068,20,136,1
6069,1440,6298,-1
6070,1276,86,-1
6071,20,25,1
6072,1358,7033,-1
6073,1358,22907,-1
6074,20,42,1
6075,1440,10293,-1
6076,1276,33,-1
6077,20,12,1
6078,712,12602,-1
6079,563,288,1
6080,20,185,-1
6081,1440,24861,-1
6082,1440,31,-1
6083,1194,5,-1
6084,20,102,1
6085,1358,8198,-1
6086,563,2255,1
6087,20,142,-1
6088,1440,15327,-1
6089,1276,49,-1
6090,1358,6,-1
6091,20,62,1
6092,1440,16813,-1
6093,1276,59,-1
6094,20,15,1
6095,563,459,1
6096,20,212,-1
6097,1358,24204,-1
6098,1358,24345,-1
6099,20,57,1
6100,1358,14625,-1
6101,1358,8773,-1
6102,20,30,1
6103,52,11811,-1
6104,1358,10723,-1
6105,20,37,1
6106,1358,19895,-1
6107,1358,8691,-1
6108,20,27,1
6109,1358,7373,-1
6110,1440,11394,-1
6111,20,52,1
6112,1440,174,-1
6113,1194,25,-1
6114,20,119,1
6115,1440,20586,-1
6116,1440,41,-1
6117,20,14,1
6118,1194,31,-1
6119,1358,31826,-1
6120,20,49,1
6121,1440,10426,-1
6122,1276,39,-1
6123,1358,6,-1
6124,20,46,1
6125,712,18032,-1
6126,563,378,1
6127,20,154,-1
6128,563,13603,1
6129,20,117,-1
6130,1440,5343,-1
6131,1440,39,-1
6132,1194,9,-1
6133,20,43,1
6134,1358,17241,-1
6135,563,1477,1
6136,20,68,-1
6137,563,1285,1
6138,20,116,-1
6139,563,971,1
6140,20,61,-1
6141,1440,1814,-1
6142,1440,0,-1
6143,1194,0,-1
6144,20,4064,1
6145,1440,28034,-1
6146,1440,53,-1
6147,20,13,1
6148,1194,32,-1
6149,1358,21184,-1
6150,20,40,1
6151,1440,13669,-1
6152,1440,44,-1
6153,1194,6,-1
6154,20,80,1
6155,1440,11334,-1
6156,1276,60,-1
6157,20,12,1
6158,1091,6850,-1
6159,563,648,1
6160,20,272,-1
6161,1440,9902,-1
6162,1440,0,-1
6163,1194,0,-1
6164,20,3767,1
6165,1358,23237,-1
6166,563,481,1
6167,20,113,-1
6168,1440,8563,-1
6169,1440,61,-1
6170,1194,9,-1
6171,20,110,1
6172,1440,8726,-1
6173,1276,46,-1
6174,20,15,1
6175,1358,8162,-1
6176,1358,7794,-1
6177,20,30,1
6178,1358,20579,-1
6179,1358,14749,-1
6180,20,38,1
6181,1358,8413,-1
6182,1255,12840,-1
6183,20,32,1
6184,1358,14857,-1
6185,1358,16885,-1
6186,20,41,1
6187,1358,19101,-1
6188,20,39061,1
6189,1440,139173,-1
6190,1440,59,-1
6191,1440,8,-1
6192,1440,4,-1
6193,1440,4,-1
6194,1440,4,-1
6195,1440,4,-1
6196,1440,3,-1
6197,1440,3,-1
6198,1440,4,-1
6199,1440,3,-1
6200,1440,3,-1
6201,1132,4,-1
6202,20,6,1
6203,20,133,1
6204,563,792,1
6205,20,80,-1
6206,1358,14658,-1
6207,1077,494,1
6208,20,72,-1
6209,1077,3949,1
6210,20,163,-1
6211,1358,21233,-1
6212,1077,336,1
6213,20,203,-1
6214,1077,15,1
6215,20,66,-1
6216,563,15,1
6217,20,62,-1
6218,1358,16680,-1
6219,1077,324,1
6220,20,176,-1
6221,1077,25,1
6222,20,75,-1
6223,1358,16897,-1
6224,1077,349,1
6225,20,163,-1
6226,1358,3813,-1
6227,1358,9046,-1
6228,20,55,1
6229,1358,18452,-1
6230,563,1008,1
6231,20,310,-1
6232,1358,4975,-1
6233,1440,14158,-1
6234,1440,138,-1
6235,1440,11,-1
6236,631,8,-1
6237,20,134,1
6238,563,849,1
6239,20,271,-1
6240,1358,17039,-1
6241,1358,16368,-1
6242,20,51,1
6243,1358,10414,-1
6244,1358,20208,-1
6245,20,71,1
6246,1358,18062,-1
6247,1358,18563,-1
6248,20,39,1
6249,1358,8908,-1
6250,563,12172,1
6251,20,164,-1
6252,1311,4669,-1
6253,1358,9322,-1
6254,20,128,1
6255,1358,16201,-1
6256,1358,9870,-1
6257,20,24,1
6258,1358,17292,-1
6259,1358,6485,-1
6260,20,43,1
6261,1358,16431,-1
6262,563,307,1
6263,20,74,-1
6264,1358,6853,-1
6265,563,1127,1
6266,20,77,-1
6267,1358,9851,-1
6268,1358,10637,-1
6269,20,161,1
6270,1358,21021,-1
6271,1440,11069,-1
6272,20,55,1
6273,1440,98,-1
6274,1194,19,-1
6275,20,154,1
6276,653,467,-1
6277,1358,16617,-1
6278,20,41,1
6279,1358,66,-1
6280,1358,14,-1
6281,20,140,1
6282,1358,17875,-1
6283,1358,10062,-1
6284,20,37,1
6285,1358,15043,-1
6286,563,1878,1
6287,20,78,-1
6288,1358,20414,-1
6289,563,286,1
6290,20,154,-1
6291,1358,19120,-1
6292,1358,5902,-1
6293,20,134,1
6294,1358,15829,-1
6295,1358,15669,-1
6296,20,36,1
6297,672,4403,-1
6298,1358,9639,-1
6299,20,31,1
6300,1358,12876,-1
6301,1358,17319,-1
6302,20,37,1
6303,1358,16527,-1
6304,1358,10093,-1
6305,20,32,1
6306,1358,16138,-1
6307,563,1141,1
6308,20,92,-1
6309,1440,7906,-1
6310,1276,30,-1
6311,20,13,1
6312,1358,133,-1
6313,1440,26684,-1
6314,20,45,1
6315,1440,43,-1
6316,1194,8,-1
6317,20,117,1
6318,563,464,1
6319,20,153,-1
6320,1358,7735,-1
6321,52,679,-1
6322,20,90,1
6323,1440,15548,-1
6324,1440,45,-1
6325,1194,8,-1
6326,20,92,1
6327,1358,19883,-1
6328,1440,9296,-1
6329,20,36,1
6330,1276,53,-1
6331,1358,15,-1
6332,20,72,1
6333,1440,26940,-1
6334,1440,117,-1
6335,20,39,1
6336,1194,86,-1
6337,1358,15843,-1
6338,20,46,1
6339,1358,6798,-1
6340,1440,16017,-1
6341,20,40,1
6342,1276,49,-1
6343,1358,12,-1
6344,20,94,1
6345,1440,2709,-1
6346,1276,31,-1
6347,20,13,1
6348,563,281,1
6349,20,87,-1
6350,1358,6099,-1
6351,1440,7738,-1
6352,1276,82,-1
6353,1358,14,-1
6354,20,160,1
6355,171,39,-1
6356,1358,18538,-1
6357,20,35,1
6358,1358,25245,-1
6359,1358,1064,-1
6360,20,15,1
6361,1440,15557,-1
6362,1440,75,-1
6363,1194,14,-1
6364,20,116,1
6365,1358,17940,-1
6366,1440,13763,-1
6367,20,44,1
6368,1276,51,-1
6369,1358,9444,-1
6370,20,69,1
6371,1358,16949,-1
6372,563,1437,1
6373,20,176,-1
6374,498,7801,-1
6375,1358,10825,-1
6376,20,185,1
6377,563,318,1
6378,20,114,-1
6379,1358,14738,-1
6380,563,4683,1
6381,20,248,-1
6382,1358,4307,-1
6383,1358,15165,-1
6384,20,80,1
6385,1358,4672,-1
6386,1358,15543,-1
6387,20,49,1
6388,1358,13282,-1
6389,1358,12248,-1
6390,20,43,1
6391,563,435,1
6392,20,264,-1
6393,1358,7200,-1
6394,1358,12996,-1
6395,20,64,1
6396,497,10108,-1
6397,1358,8878,-1
6398,20,29,1
6399,1358,14794,-1
6400,1358,3530,-1
6401,20,66,1
6402,1358,20069,-1
6403,1358,6203,-1
6404,20,39,1
6405,1358,17999,-1
6406,1440,15647,-1
6407,20,54,1
6408,1440,72,-1
6409,1194,16,-1
6410,20,133,1
6411,1358,16882,-1
6412,1440,4503,-1
6413,20,81,1
6414,1440,96,-1
6415,1194,17,-1
6416,20,144,1
6417,1358,16209,-1
6418,343,2081,-1
6419,20,30,1
6420,1358,12038,-1
6421,1358,11872,-1
6422,20,53,1
6423,1358,5778,-1
6424,1358,8735,-1
6425,20,53,1
6426,563,602,1
6427,20,226,-1
6428,1358,11361,-1
6429,1440,11750,-1
6430,1440,125,-1
6431,1194,24,-1
6432,1358,19,-1
6433,20,203,1
6434,1440,6077,-1
6435,1276,53,-1
6436,20,29,1
6437,1358,4970,-1
6438,1440,6160,-1
6439,1276,15,-1
6440,563,2911,1
6441,20,88,-1
6442,1077,56,1
6443,20,155,-1
6444,1358,9803,-1
6445,563,1397,1
6446,20,74,-1
6447,1358,6915,-1
6448,1358,20410,-1
6449,20,123,1
6450,563,289,1
6451,20,108,-1
6452,499,5620,-1
6453,1358,6767,-1
6454,20,42,1
6455,563,683,1
6456,20,174,-1
6457,1358,10953,-1
6458,563,4743,1
6459,20,152,-1
6460,1358,972,-1
6461,1358,12981,-1
6462,20,138,1
6463,1358,16261,-1
6464,1358,14119,-1
6465,20,38,1
6466,1358,6728,-1
6467,1358,13262,-1
6468,20,42,1
6469,1358,4502,-1
6470,1358,11449,-1
6471,20,82,1
6472,1358,4677,-1
6473,563,6989,1
6474,20,633,-1
6475,1358,2374,-1
6476,1358,6652,-1
6477,20,15,1
6478,740,9116,-1
6479,1358,14382,-1
6480,20,38,1
6481,1358,19566,-1
6482,563,2182,1
6483,20,125,-1
6484,1358,15070,-1
6485,1358,9545,-1
6486,20,155,1
6487,1358,9185,-1
6488,1358,12101,-1
6489,20,39,1
6490,563,299,1
6491,20,151,-1
6492,1358,7924,-1
6493,1358,14800,-1
6494,20,107,1
6495,1440,17306,-1
6496,1440,109,-1
6497,20,31,1
6498,1194,119,-1
6499,1358,8080,-1
6500,20,89,1
6501,1440,429,-1
6502,1276,30,-1
6503,20,51,1
6504,1440,9752,-1
6505,1440,90,-1
6506,20,28,1
6507,1194,44,-1
6508,412,546,-1
6509,20,270,1
6510,1440,12308,-1
6511,1276,65,-1
6512,20,216,1
6513,1358,43,-1
6514,1440,13034,-1
6515,20,51,1
6516,1276,124,-1
6517,1358,4800,-1
6518,20,50,1
6519,1440,5980,-1
6520,1276,50,-1
6521,20,109,1
6522,1440,6555,-1
6523,1440,51,-1
6524,20,11,1
6525,1194,34,-1
6526,1077,363,1
6527,20,122,-1
6528,1358,5345,-1
6529,1358,4433,-1
6530,20,103,1
6531,1358,2243,-1
6532,1358,2515,-1
6533,20,41,1
6534,1440,28886,-1
6535,1276,49,-1
6536,20,15,1
6537,1440,21287,-1
6538,1440,231,-1
6539,20,16,1
6540,1440,37,-1
6541,1112,8,-1
6542,20,72,1
6543,1358,8522,-1
6544,1440,82,-1
6545,20,24,1
6546,1276,59,-1
6547,1358,5697,-1
6548,20,48,1
6549,1440,4613,-1
6550,1276,61,-1
6551,20,142,1
6552,1440,224,-1
6553,1276,19,-1
6554,20,169,1
6555,563,529,1
6556,20,396,-1
6557,1440,11193,-1
6558,1276,59,-1
6559,20,130,1
6560,1358,3462,-1
6561,1440,8353,-1
6562,1276,60,-1
6563,20,136,1
6564,1358,11277,-1
6565,1358,708,-1
6566,20,167,1
6567,1358,674,-1
6568,1358,2539,-1
6569,20,0,1
6570,1358,0,-1
6571,1440,0,-1
6572,773,0,-1
6573,20,4890,1
6574,563,3797,1
6575,20,113,-1
6576,563,545,1
6577,20,101,-1
6578,1440,9779,-1
6579,1440,31,-1
6580,1194,5,-1
6581,20,79,1
6582,1440,4050,-1
6583,1276,26,-1
6584,20,10,1
6585,1440,23447,-1
6586,1276,51,-1
6587,20,20,1
6588,1440,21368,-1
6589,1440,41,-1
6590,20,21,1
6591,1440,25,-1
6592,1112,6,-1
6593,20,41,1
6594,563,1967,1
6595,20,167,-1
6596,563,25,1
6597,20,90,-1
6598,563,39,1
6599,20,137,-1
6600,1440,6188,-1
6601,1276,43,-1
6602,1358,113,-1
6603,20,2,1
6604,563,703,1
6605,20,99,-1
6606,563,18,1
6607,20,67,-1
6608,1077,200,1
6609,20,145,-1
6610,1358,19371,-1
6611,1440,8545,-1
6612,1440,24,-1
6613,1194,6,-1
6614,20,53,1
6615,1440,23370,-1
6616,1276,42,-1
6617,20,20,1
6618,1358,25,-1
6619,801,792,-1
6620,20,14,1
6621,1077,474,1
6622,20,207,-1
6623,1440,8700,-1
6624,1276,67,-1
6625,20,127,1
6626,1358,6083,-1
6627,563,360,1
6628,20,218,-1
6629,1440,6400,-1
6630,1276,46,-1
6631,20,92,1
6632,1358,6474,-1
6633,1440,5765,-1
6634,20,39,1
6635,1276,70,-1
6636,1358,9713,-1
6637,20,66,1
6638,1440,13383,-1
6639,1276,51,-1
6640,1358,8,-1
6641,20,66,1
6642,1440,3069,-1
6643,1440,0,-1
6644,20,0,1
6645,1194,0,-1
6646,1440,25037,-1
6647,20,34,1
6648,1440,41,-1
6649,1194,7,-1
6650,20,85,1
6651,1358,8802,-1
6652,1440,12302,-1
6653,20,46,1
6654,1440,46,-1
6655,1194,7,-1
6656,20,102,1
6657,1440,6385,-1
6658,1276,30,-1
6659,20,8,1
6660,563,370,1
6661,20,123,-1
6662,1358,11492,-1
6663,1016,2633,-1
6664,20,86,1
6665,1358,18105,-1
6666,563,250,1
6667,20,95,-1
6668,1358,10676,-1
6669,563,2496,1
6670,20,117,-1
6671,1358,6582,-1
6672,1358,7772,-1
6673,20,111,1
6674,1358,3005,-1
6675,1358,11160,-1
6676,20,41,1
6677,1358,5224,-1
6678,1358,10108,-1
6679,20,47,1
6680,1358,10688,-1
6681,1358,8553,-1
6682,20,31,1
6683,1358,5133,-1
6684,1358,10936,-1
6685,20,59,1
6686,1358,5232,-1
6687,1358,10140,-1
6688,20,29,1
6689,488,2212,-1
6690,1358,30241,-1
6691,20,38,1
6692,1358,20131,-1
6693,563,873,1
6694,20,195,-1
6695,1358,9967,-1
6696,1358,8534,-1
6697,20,142,1
6698,563,1103,1
6699,20,110,-1
6700,1358,1394,-1
6701,1440,10292,-1
6702,1276,57,-1
6703,20,97,1
6704,1077,5589,1
6705,20,159,-1
6706,1358,2202,-1
6707,563,2097,1
6708,20,153,-1
6709,563,100,1
6710,20,168,-1
6711,1358,959,-1
6712,1077,5456,1
6713,20,133,-1
6714,1358,2446,-1
6715,1077,704,1
6716,20,67,-1
6717,1358,6009,-1
6718,1077,6541,1
6719,20,150,-1
6720,1358,2109,-1
6721,1358,4074,-1
6722,20,75,1
6723,740,6021,-1
6724,563,247,1
6725,20,160,-1
6726,1358,4546,-1
6727,1358,8433,-1
6728,20,163,1
6729,1358,3291,-1
6730,1358,11726,-1
6731,20,66,1
6732,563,4614,1
6733,20,208,-1
6734,1358,2563,-1
6735,1358,4404,-1
6736,20,32,1
6737,563,1546,1
6738,20,355,-1
6739,1358,2125,-1
6740,1358,10550,-1
6741,20,179,1
6742,1077,6471,1
6743,20,203,-1
6744,1358,4454,-1
6745,1358,10224,-1
6746,20,161,1
6747,1440,157510,-1
6748,1440,143,-1
6749,20,43,1
6750,1440,102,-1
6751,1440,26,-1
6752,1440,17,-1
6753,1440,15,-1
6754,1440,15,-1
6755,1440,15,-1
6756,1440,14,-1
6757,1440,15,-1
6758,1440,14,-1
6759,1440,15,-1
6760,20,8,1
6761,1440,5,-1
6762,1440,15,-1
6763,1440,14,-1
6764,1440,61,-1
6765,1440,16,-1
6766,132,15,-1
6767,20,332,1
6768,563,982,1
6769,20,124,-1
6770,563,164,1
6771,20,60,-1
6772,1440,152700,-1
6773,1440,49,-1
6774,20,10,1
6775,1440,12,-1
6776,1440,5,-1
6777,1440,4,-1
6778,1440,3,-1
6779,1440,4,-1
6780,1440,3,-1
6781,1440,4,-1
6782,1440,4,-1
6783,1440,3,-1
6784,1440,3,-1
6785,1440,4,-1
6786,1440,4,-1
6787,1440,2,-1
6788,1440,4,-1
6789,1440,4,-1
6790,1440,4,-1
6791,1440,2,-1
6792,1440,4,-1
6793,1440,4,-1
6794,1440,2,-1
6795,1440,4,-1
6796,1440,3,-1
6797,890,4,-1
6798,20,8,1
6799,20,123,1
6800,563,442,1
6801,20,111,-1
6802,563,3244,1
6803,20,179,-1
6804,1358,3515,-1
6805,563,205,1
6806,20,168,-1
6807,1358,7435,-1
6808,1358,5558,-1
6809,20,37,1
6810,1358,8691,-1
6811,1358,5011,-1
6812,20,22,1
6813,1358,11532,-1
6814,1358,3983,-1
6815,20,38,1
6816,1358,18532,-1
6817,1358,9652,-1
6818,20,139,1
6819,1358,9167,-1
6820,1358,6572,-1
6821,20,57,1
6822,1440,6031,-1
6823,1276,108,-1
6824,20,277,1
6825,1358,329,-1
6826,1440,30,-1
6827,1440,13,-1
6828,1194,12,-1
6829,1440,10,-1
6830,1276,11,-1
6831,20,826,1
6832,563,2018,1
6833,20,190,-1
6834,1077,7112,1
6835,20,133,-1
6836,1358,739,-1
6837,1358,8941,-1
6838,20,126,1
6839,646,5905,-1
6840,1440,936,-1
6841,20,32,1
6842,1440,84,-1
6843,1194,13,-1
6844,1440,7,-1
6845,1440,6,-1
6846,1194,7,-1
6847,1358,6,-1
6848,20,107,1
6849,1358,5446,-1
6850,563,6703,1
6851,1358,1220,-1
6852,20,30,-1
6853,563,238,1
6854,1358,264,-1
6855,20,24,-1
6856,563,5249,1
6857,20,182,-1
6858,563,513,1
6859,20,79,-1
6860,1077,454,1
6861,20,109,-1
6862,1358,258,-1
6863,1077,977,1
6864,20,129,-1
6865,1480,225,1
6866,131,119,1
6867,20,61,-1
6868,563,205,1
6869,20,95,-1
6870,1077,366,1
6871,20,89,-1
6872,563,61,1
6873,20,56,-1
6874,1358,4234,-1
6875,1358,7025,-1
6876,20,113,1
6877,563,4281,1
6878,20,121,-1
6879,1358,466,-1
6880,1440,10370,-1
6881,1276,42,-1
6882,20,95,1
6883,1440,27812,-1
6884,1276,34,-1
6885,20,18,1
6886,1440,16200,-1
6887,1276,23,-1
6888,20,16,1
6889,1358,3834,-1
6890,563,324,1
6891,20,169,-1
6892,1440,1460,-1
6893,1276,20,-1
6894,20,66,1
6895,1440,1191,-1
6896,1440,20,-1
6897,1440,14,-1
6898,1112,4,-1
6899,1358,4,-1
6900,20,52,1
6901,1358,102,-1
6902,1440,20615,-1
6903,20,28,1
6904,1276,45,-1
6905,563,334,1
6906,20,184,-1
6907,1358,2147,-1
6908,1358,2825,-1
6909,1440,76,-1
6910,1276,3,-1
6911,1440,4,-1
6912,1276,4,-1
6913,1358,4,-1
6914,20,79,1
6915,1358,813,-1
6916,1440,3374,-1
6917,20,15,1
6918,1276,30,-1
6919,1358,7133,-1
6920,20,11,1
6921,1440,9485,-1
6922,1276,40,-1
6923,20,93,1
6924,1358,3137,-1
6925,1440,10827,-1
6926,20,28,1
6927,1276,51,-1
6928,1440,16034,-1
6929,20,21,1
6930,1276,44,-1
6931,1358,8696,-1
6932,20,14,1
6933,563,420,1
6934,20,232,-1
6935,1440,18343,-1
6936,1276,75,-1
6937,20,142,1
6938,1440,15965,-1
6939,1276,35,-1
6940,20,10,1
6941,1358,6291,-1
6942,1440,43,-1
6943,20,8,1
6944,1276,24,-1
6945,1358,5,-1
6946,20,39,1
6947,1440,437,-1
6948,1440,20,-1
6949,20,30,1
6950,1440,20,-1
6951,138,5,-1
6952,1440,313,-1
6953,1276,10,-1
6954,20,14,1
6955,563,77,1
6956,20,80,-1
6957,1077,583,1
6958,20,92,-1
6959,563,206,1
6960,20,82,-1
6961,1077,27561,1
6962,20,116,-1
6963,563,13804,1
6964,20,280,-1
6965,1358,12633,-1
6966,563,2026,1
6967,20,224,-1
6968,1480,1206,1
6969,645,111,1
6970,20,82,-1
6971,864,68326,-1
6972,20,40000,1
6973,1358,11775,-1
6974,20,961,1
6975,1358,1790,-1
6976,1358,1646,-1
6977,20,2354,1
6978,563,160,1
6979,20,115,-1
6980,563,54,1
6981,20,70,-1
6982,1440,14657,-1
6983,1276,56,-1
6984,20,15,1
6985,1358,8280,-1
6986,563,1891,1
6987,20,540,-1
6988,1358,5788,-1
6989,1358,8952,-1
6990,20,211,1
6991,1358,6469,-1
6992,20,1829,1
6993,1358,3643,-1
6994,20,51,1
6995,1358,2522,-1
6996,1358,4475,-1
6997,20,37,1
6998,1358,2236,-1
6999,1358,3511,-1
7000,20,26,1
7001,1358,1714,-1
7002,1358,3924,-1
7003,20,27,1
7004,1358,4847,-1
7005,1358,4449,-1
7006,20,41,1
7007,1358,1318,-1
7008,1358,2624,-1
7009,20,58,1
7010,1358,3777,-1
7011,1358,16216,-1
7012,20,50,1
7013,470,936,-1
7014,1358,2490,-1
7015,20,22,1
7016,1358,3280,-1
7017,1358,1183,-1
7018,20,12,1
7019,1440,5266,-1
7020,1440,26,-1
7021,20,8,1
7022,1194,20,-1
7023,1077,3103,1
7024,20,102,-1
7025,1358,1990,-1
7026,563,581,1
7027,20,128,-1
7028,1440,2657,-1
7029,1276,25,-1
7030,20,71,1
7031,1358,2235,-1
7032,1440,3756,-1
7033,20,41,1
7034,1440,44,-1
7035,1194,8,-1
7036,20,73,1
7037,1358,3555,-1
7038,563,292,1
7039,20,95,-1
7040,1358,1614,-1
7041,1440,3678,-1
7042,1276,19,-1
7043,20,64,1
7044,1440,2914,-1
7045,1276,20,-1
7046,20,8,1
7047,1358,466,-1
7048,1077,4890,1
7049,20,182,-1
7050,1358,3762,-1
7051,1440,14826,-1
7052,1276,35,-1
7053,20,90,1
7054,1077,8540,1
7055,20,204,-1
7056,20,247,-1
7057,20,54,1
7058,252,181,1
7059,20,89,-1
7060,1440,1371,-1
7061,1276,21,-1
7062,20,72,1
7063,1440,8160,-1
7064,1276,25,-1
7065,20,19,1
7066,563,263,1
7067,20,123,-1
7068,1358,6452,-1
7069,1358,939,-1
7070,20,105,1
7071,1440,3310,-1
7072,1276,32,-1
7073,20,73,1
7074,1440,9073,-1
7075,1276,22,-1
7076,20,16,1
7077,1440,3812,-1
7078,1276,24,-1
7079,20,7,1
7080,1358,5887,-1
7081,1440,14395,-1
7082,20,35,1
7083,1276,56,-1
7084,1358,2887,-1
7085,20,15,1
7086,1358,396,-1
7087,1440,4788,-1
7088,20,16,1
7089,1276,41,-1
7090,563,1508,1
7091,20,194,-1
7092,1358,4755,-1
7093,1358,458,-1
7094,20,113,1
7095,1440,4261,-1
7096,657,23,-1
7097,20,16,1
7098,771,55809,-1
7099,20,31,1
7100,146,1662,1
7101,20,132,-1
7102,563,42701,1
7103,20,162,-1
7104,1106,27387,-1
7105,563,363,1
7106,20,192,-1
7107,563,268,1
7108,20,82,-1
7109,1358,7837,-1
7110,20,36456,1
7111,71,13155,-1
7112,58,226,1
7113,20,121,-1
7114,1358,15940,-1
7115,1358,16541,-1
7116,20,103,1
7117,563,1294,1
7118,20,119,-1
7119,1480,720,1
7120,131,96,1
7121,20,61,-1
7122,1358,4333,-1
7123,563,1831,1
7124,20,139,-1
7125,1358,396,-1
7126,563,231,1
7127,20,219,-1
7128,1358,1034,-1
7129,1358,2573,-1
7130,20,15,1
7131,563,288,1
7132,20,163,-1
7133,1358,147,-1
7134,1358,1942,-1
7135,20,87,1
7136,1358,1584,-1
7137,1077,1648,1
7138,20,115,-1
7139,1440,3172,-1
7140,1276,37,-1
7141,20,88,1
7142,1358,226,-1
7143,563,53,1
7144,20,113,-1
7145,1358,2151,-1
7146,546,11769,-1
7147,20,39,1
7148,1480,6669,1
7149,131,111,1
7150,20,74,-1
7151,1358,7498,-1
7152,1440,2084,-1
7153,1276,28,-1
7154,20,72,1
7155,1358,2254,-1
7156,1358,72,-1
7157,20,10,1
7158,1358,4143,-1
7159,1440,5342,-1
7160,20,30,1
7161,1276,48,-1
7162,1358,4922,-1
7163,20,0,1
7164,563,5085,1
7165,20,126,-1
7166,1358,2341,-1
7167,1358,1670,-1
7168,20,164,1
7169,1358,6443,-1
7170,1358,4794,-1
7171,20,19,1
7172,1358,5548,-1
7173,188,36,-1
7174,20,19,1
7175,1077,898,1
7176,20,108,-1
7177,1358,582,-1
7178,1358,6299,-1
7179,20,17,1
7180,1358,7588,-1
7181,20,38123,1
7182,563,76694,-1
7183,563,2460,1
7184,20,164,-1
7185,1440,55682,-1
7186,1440,53,-1
7187,1440,5,-1
7188,1440,5,-1
7189,1440,5,-1
7190,1440,5,-1
7191,1440,5,-1
7192,1440,5,-1
7193,1440,5,-1
7194,1440,5,-1
7195,1440,5,-1
7196,1440,5,-1
7197,1440,5,-1
7198,1440,5,-1
7199,1440,5,-1
7200,1440,5,-1
7201,1440,5,-1
7202,1440,5,-1
7203,1440,5,-1
7204,1440,5,-1
7205,1440,4,-1
7206,1440,5,-1
7207,82,5,-1
7208,20,15,1
7209,563,272,1
7210,20,111,-1
7211,563,1899,1
7212,20,89,-1
7213,1358,4796,-1
7214,1358,7504,-1
7215,20,55,1
7216,1358,9594,-1
7217,1358,9458,-1
7218,20,43,1
7219,1358,5365,-1
7220,1358,24768,-1
7221,20,68,1
7222,1358,18724,-1
7223,1077,15226,1
7224,20,149,-1
7225,563,11554,-1
7226,563,3767,1
7227,20,272,-1
7228,1358,11726,-1
7229,1358,1039,-1
7230,20,267,1
7231,151,831,-1
7232,563,927,1
7233,20,422,-1
7234,563,1438,1
7235,20,181,-1
7236,563,112,1
7237,20,138,-1
7238,1358,8694,-1
7239,563,334,1
7240,20,144,-1
7241,1358,12022,-1
7242,1358,10635,-1
7243,20,164,1
7244,563,1109,1
7245,20,90,-1
7246,1358,10045,-1
7247,1358,9456,-1
7248,20,172,1
7249,1358,4863,-1
7250,1358,7474,-1
7251,20,35,1
7252,1440,8318,-1
7253,1276,46,-1
7254,20,13,1
7255,1440,6496,-1
7256,1440,53,-1
7257,20,13,1
7258,1194,34,-1
7259,563,2032,1
7260,20,103,-1
7261,563,58,1
7262,20,87,-1
7263,1358,2577,-1
7264,1358,8948,-1
7265,20,208,1
7266,563,228,1
7267,20,98,-1
7268,1358,8523,-1
7269,1358,9732,-1
7270,20,39,1
7271,1358,5520,-1
7272,1358,5095,-1
7273,20,18,1
7274,1333,845,-1
7275,1358,9304,-1
7276,20,37,1
7277,1358,11126,-1
7278,1440,9901,-1
7279,20,38,1
7280,1440,39,-1
7281,1194,8,-1
7282,20,87,1
7283,1440,4326,-1
7284,1440,44,-1
7285,20,20,1
7286,1194,34,-1
7287,1358,3329,-1
7288,20,35,1
7289,1358,10708,-1
7290,563,431,1
7291,20,139,-1
7292,563,1075,1
7293,20,88,-1
7294,1358,6710,-1
7295,1358,5258,-1
7296,20,262,1
7297,1358,7364,-1
7298,563,2933,-1
7299,1358,1241,-1
7300,20,30,1
7301,1358,12292,-1
7302,563,552,1
7303,20,242,-1
7304,1358,14256,-1
7305,1358,6518,-1
7306,20,66,1
7307,20,1215,1
7308,1440,3893,-1
7309,1276,64,-1
7310,20,19,1
7311,563,2444,1
7312,20,180,-1
7313,1358,4368,-1
7314,563,2346,1
7315,20,148,-1
7316,563,115,1
7317,20,135,-1
7318,1358,4058,-1
7319,1358,2624,-1
7320,20,144,1
7321,1358,3952,-1
7322,956,2687,-1
7323,20,34,1
7324,1358,4018,-1
7325,1358,5734,-1
7326,20,24,1
7327,1358,2354,-1
7328,1358,4825,-1
7329,20,25,1
7330,1358,5357,-1
7331,1077,413,1
7332,20,259,-1
7333,1358,4027,-1
7334,1358,8889,-1
7335,20,153,1
7336,1358,5286,-1
7337,1358,3239,-1
7338,20,20,1
7339,1358,7493,-1
7340,1358,6114,-1
7341,20,41,1
7342,1358,7797,-1
7343,1358,8777,-1
7344,20,47,1
7345,1358,6397,-1
7346,563,447,1
7347,20,156,-1
7348,1358,3615,-1
7349,1358,11661,-1
7350,20,38,1
7351,1358,4425,-1
7352,731,26304,-1
7353,20,70,1
7354,1358,6729,-1
7355,1358,9891,-1
7356,20,44,1
7357,1358,3853,-1
7358,1358,19532,-1
7359,20,41,1
7360,1358,18907,-1
7361,1358,9431,-1
7362,20,0,1
7363,1358,7970,-1
7364,1358,9661,-1
7365,20,48,1
7366,1358,5630,-1
7367,1358,13428,-1
7368,20,67,1
7369,1358,3887,-1
7370,563,815,1
7371,20,467,-1
7372,1358,6939,-1
7373,1358,2249,-1
7374,20,108,1
7375,1358,4671,-1
7376,1031,3973,-1
7377,20,43,1
7378,1358,3587,-1
7379,1358,8622,-1
7380,20,54,1
7381,563,697,1
7382,20,231,-1
7383,1358,1853,-1
7384,1358,8011,-1
7385,20,43,1
7386,563,5668,-1
7387,20,36,1
7388,563,1010,1
7389,20,123,-1
7390,1358,2188,-1
7391,1358,8202,-1
7392,20,35,1
7393,1358,5757,-1
7394,1358,8727,-1
7395,20,58,1
7396,1358,4039,-1
7397,1358,7668,-1
7398,20,104,1
7399,1358,11955,-1
7400,1358,12964,-1
7401,20,66,1
7402,1358,4096,-1
7403,1358,12397,-1
7404,20,0,1
7405,1358,12975,-1
7406,563,643,1
7407,20,249,-1
7408,1293,9523,-1
7409,563,2494,1
7410,20,190,-1
7411,1358,9526,-1
7412,563,854,1
7413,20,258,-1
7414,563,895,1
7415,20,217,-1
7416,1440,1265,-1
7417,1276,61,-1
7418,20,159,1
7419,1358,4097,-1
7420,1358,6692,-1
7421,20,37,1
7422,1077,1723,1
7423,20,311,-1
7424,1358,4181,-1
7425,1358,6608,-1
7426,20,239,1
7427,1358,6601,-1
7428,1358,4692,-1
7429,20,46,1
7430,1358,7411,-1
7431,1358,2902,-1
7432,20,16,1
7433,1358,12320,-1
7434,1358,11184,-1
7435,20,26,1
7436,1358,13559,-1
7437,1358,5903,-1
7438,20,37,1
7439,1358,12428,-1
7440,1358,4073,-1
7441,20,41,1
7442,702,6273,-1
7443,1358,7256,-1
7444,20,18,1
7445,1358,15120,-1
7446,563,5168,-1
7447,563,228,1
7448,20,121,-1
7449,1358,869,-1
7450,20,17,1
7451,1358,18934,-1
7452,1077,477,1
7453,20,138,-1
7454,1358,14957,-1
7455,1358,12037,-1
7456,20,37,1
7457,1358,8151,-1
7458,1358,11950,-1
7459,20,37,1
7460,1358,5486,-1
7461,1358,13386,-1
7462,20,66,1
7463,1358,13132,-1
7464,759,7294,-1
7465,20,58,1
7466,1440,8955,-1
7467,1440,61,-1
7468,20,15,1
7469,1194,36,-1
7470,1440,6540,-1
7471,20,56,1
7472,1276,84,-1
7473,1358,9871,-1
7474,20,41,1
7475,1440,5670,-1
7476,1276,56,-1
7477,20,19,1
7478,1358,8777,-1
7479,1440,8879,-1
7480,20,46,1
7481,1440,62,-1
7482,1194,11,-1
7483,20,97,1
7484,1440,25436,-1
7485,1440,56,-1
7486,20,13,1
7487,1194,39,-1
7488,563,415,1
7489,20,186,-1
7490,1358,21939,-1
7491,1077,1984,1
7492,20,219,-1
7493,1358,11501,-1
7494,1358,15025,-1
7495,20,180,1
7496,558,1306,-1
7497,1358,9166,-1
7498,20,51,1
7499,1077,359,1
7500,20,123,-1
7501,1440,5244,-1
7502,1276,36,-1
7503,20,11,1
7504,1077,4397,1
7505,20,138,-1
7506,1077,674,1
7507,20,95,-1
7508,1358,3456,-1
7509,1077,6258,1
7510,20,149,-1
7511,1358,753,-1
7512,1440,169,-1
7513,1276,17,-1
7514,20,252,1
7515,563,141,1
7516,20,59,-1
7517,563,453,1
7518,20,94,-1
7519,1440,4662,-1
7520,1276,43,-1
7521,20,85,1
7522,563,297,1
7523,20,69,-1
7524,1358,9247,-1
7525,1440,5554,-1
7526,1276,43,-1
7527,20,89,1
7528,1358,6911,-1
7529,563,627,1
7530,20,282,-1
7531,1440,2918,-1
7532,1276,63,-1
7533,20,151,1
7534,1358,6935,-1
7535,1440,15305,-1
7536,20,50,1
7537,1440,71,-1
7538,1194,17,-1
7539,20,114,1
7540,1440,8665,-1
7541,1440,46,-1
7542,20,15,1
7543,1194,18,-1
7544,1440,14748,-1
7545,20,60,1
7546,1440,68,-1
7547,1194,17,-1
7548,20,108,1
7549,563,13154,1
7550,20,235,-1
7551,1358,1465,-1
7552,1358,44,-1
7553,1358,51,-1
7554,20,30,1
7555,563,334,1
7556,20,152,-1
7557,600,3947,-1
7558,1358,13972,-1
7559,20,56,1
7560,1440,48,-1
7561,1276,9,-1
7562,20,162,1
7563,1440,4947,-1
7564,1276,61,-1
7565,20,15,1
7566,1358,8841,-1
7567,1440,5726,-1
7568,20,37,1
7569,1276,40,-1
7570,1358,7415,-1
7571,20,46,1
7572,1358,9532,-1
7573,1440,82,-1
7574,1276,11,-1
7575,20,149,1
7576,1358,18418,-1
7577,1358,9184,-1
7578,20,52,1
7579,1077,447,1
7580,20,183,-1
7581,1358,9251,-1
7582,1358,6112,-1
7583,20,37,1
7584,1358,10453,-1
7585,563,302,1
7586,20,93,-1
7587,1358,14312,-1
7588,1188,7988,-1
7589,20,43,1
7590,1358,6835,-1
7591,1358,7686,-1
7592,20,82,1
7593,1358,3542,-1
7594,1358,7427,-1
7595,20,48,1
7596,1358,9793,-1
7597,563,529,1
7598,20,476,-1
7599,1358,10257,-1
7600,1358,3587,-1
7601,20,3751,1
7602,1358,11159,-1
7603,1358,4177,-1
7604,20,30,1
7605,1440,38186,-1
7606,1276,51,-1
7607,20,17,1
7608,1244,19720,-1
7609,563,4620,1
7610,20,153,-1
7611,563,586,1
7612,20,149,-1
7613,563,280,1
7614,20,135,-1
7615,1358,19546,-1
7616,1440,8647,-1
7617,1276,82,-1
7618,20,153,1
7619,1358,9806,-1
7620,1358,9206,-1
7621,20,41,1
7622,1358,87,-1
7623,1358,6705,-1
7624,20,55,1
7625,563,575,1
7626,20,234,-1
7627,563,1075,1
7628,20,184,-1
7629,1358,3610,-1
7630,563,2711,1
7631,20,241,-1
7632,1358,11631,-1
7633,1358,24942,-1
7634,20,288,1
7635,1358,3276,-1
7636,1358,17613,-1
7637,20,298,1
7638,304,7330,-1
7639,1358,2918,-1
7640,20,25,1
7641,1358,16422,-1
7642,1358,15773,-1
7643,20,33,1
7644,1440,17136,-1
7645,1276,68,-1
7646,20,19,1
7647,1440,22201,-1
7648,1276,68,-1
7649,20,18,1
7650,563,4066,1
7651,20,289,-1
7652,1358,9082,-1
7653,563,2742,1
7654,20,154,-1
7655,563,92,1
7656,20,149,-1
7657,1358,13936,-1
7658,1358,14750,-1
7659,20,203,1
7660,1440,10941,-1
7661,76,59,-1
7662,20,15,1
7663,563,1259,1
7664,20,196,-1
7665,1358,64491,-1
7666,563,429,1
7667,20,82,-1
7668,1358,12315,-1
7669,1077,988,1
7670,20,128,-1
7671,1358,37965,-1
7672,563,326,1
7673,20,97,-1
7674,563,864,1
7675,20,94,-1
7676,1358,24485,-1
7677,612,21871,-1
7678,20,158,1
7679,1358,13922,-1
7680,1358,18146,-1
7681,20,33,1
7682,1358,7568,-1
7683,1358,17575,-1
7684,20,37,1
7685,1358,7740,-1
7686,1358,22502,-1
7687,20,42,1
7688,1358,16768,-1
7689,1440,400,-1
7690,20,36,1
7691,1276,66,-1
7692,563,558,1
7693,20,73,-1
7694,1358,13958,-1
7695,563,7344,1
7696,20,104,-1
7697,563,319,1
7698,20,180,-1
7699,563,487,1
7700,20,75,-1
7701,563,380,1
7702,20,141,-1
7703,1440,3876,-1
7704,1276,42,-1
7705,20,112,1
7706,1358,7491,-1
7707,563,385,1
7708,20,127,-1
7709,563,756,1
7710,20,97,-1
7711,81,545,-1
7712,1077,298,1
7713,20,123,-1
7714,1358,13454,-1
7715,1358,4676,-1
7716,20,151,1
7717,1358,16936,-1
7718,1077,1189,1
7719,20,179,-1
7720,1358,7972,-1
7721,1358,9799,-1
7722,20,185,1
7723,1358,4089,-1
7724,1358,7665,-1
7725,20,51,1
7726,1358,11549,-1
7727,1358,10445,-1
7728,20,53,1
7729,1358,12065,-1
7730,1358,11363,-1
7731,20,44,1
7732,1358,9684,-1
7733,1480,1164,1
7734,1159,154,1
7735,20,131,-1
7736,51,4539,-1
7737,1480,1090,1
7738,645,113,1
7739,20,205,-1
7740,563,9568,1
7741,20,92,-1
7742,1358,106504,-1
7743,563,1181,1
7744,20,216,-1
7745,1358,4313,-1
7746,573,6110,-1
7747,20,275,1
7748,1358,10153,-1
7749,1440,5699,-1
7750,20,37,1
7751,1276,40,-1
7752,1440,4975,-1
7753,20,38,1
7754,1276,41,-1
7755,1358,8,-1
7756,20,92,1
7757,1358,6350,-1
7758,563,1667,1
7759,20,172,-1
7760,1358,3667,-1
7761,1358,166,-1
7762,20,37,1
7763,1358,6754,-1
7764,563,602,1
7765,20,276,-1
7766,1440,5384,-1
7767,1276,56,-1
7768,20,138,1
7769,1358,5748,-1
7770,1358,8301,-1
7771,20,41,1
7772,1440,10341,-1
7773,1440,67,-1
7774,20,23,1
7775,1194,53,-1
7776,1358,10425,-1
7777,20,58,1
7778,563,7438,1
7779,20,194,-1
7780,1480,913,1
7781,131,144,1
7782,20,102,-1
7783,1358,3451,-1
7784,1358,13041,-1
7785,20,148,1
7786,1358,5446,-1
7787,1315,26762,-1
7788,20,61,1
7789,1358,10238,-1
7790,1358,20539,-1
7791,20,97,1
7792,563,19340,1
7793,20,120,-1
7794,1358,28100,-1
7795,1358,11576,-1
7796,20,145,1
7797,563,230,1
7798,20,183,-1
7799,1077,10540,1
7800,20,137,-1
7801,1077,670,1
7802,20,174,-1
7803,563,182,1
7804,20,85,-1
7805,563,7014,1
7806,20,195,-1
7807,1358,2953,-1
7808,1440,11539,-1
7809,1440,60,-1
7810,1194,10,-1
7811,20,113,1
7812,487,2753,-1
7813,1480,7210,1
7814,131,114,1
7815,20,180,-1
7816,1440,6000,-1
7817,1276,0,-1
7818,1358,0,-1
7819,20,4653,1
7820,1358,9304,-1
7821,563,390,1
7822,20,72,-1
7823,1358,5410,-1
7824,1440,4886,-1
7825,20,58,1
7826,1276,46,-1
7827,1358,7313,-1
7828,20,37,1
7829,563,1266,1
7830,20,135,-1
7831,1358,1660,-1
7832,1358,8353,-1
7833,20,127,1
7834,1358,7992,-1
7835,1358,9847,-1
7836,20,66,1
7837,1358,5958,-1
7838,1358,7876,-1
7839,20,38,1
7840,1358,3551,-1
7841,1358,7669,-1
7842,20,33,1
7843,1358,8005,-1
7844,1358,16337,-1
7845,20,49,1
7846,877,3951,-1
7847,1358,8756,-1
7848,20,34,1
7849,1358,10550,-1
7850,1358,6047,-1
7851,20,16,1
7852,1358,5218,-1
7853,1358,5511,-1
7854,20,41,1
7855,1358,3298,-1
7856,1358,7681,-1
7857,20,36,1
7858,563,293,1
7859,20,133,-1
7860,1358,7580,-1
7861,1358,3952,-1
7862,20,41,1
7863,1358,8085,-1
7864,1358,7377,-1
7865,20,45,1
7866,1358,8764,-1
7867,1358,4155,-1
7868,20,36,1
7869,1440,6649,-1
7870,1276,44,-1
7871,20,19,1
7872,1358,27,-1
7873,1358,7541,-1
7874,20,44,1
7875,563,377,1
7876,20,91,-1
7877,1440,4000,-1
7878,1276,38,-1
7879,20,51,1
7880,1358,437,-1
7881,1358,3865,-1
7882,20,20,1
7883,1440,4873,-1
7884,1276,26,-1
7885,20,11,1
7886,1358,26,-1
7887,563,184,1
7888,20,106,-1
7889,1358,6435,-1
7890,1358,3041,-1
7891,20,48,1
7892,1358,3258,-1
7893,1358,62,-1
7894,20,21,1
7895,1358,5612,-1
7896,563,1108,1
7897,20,122,-1
7898,928,711,-1
7899,1358,3761,-1
7900,20,111,1
7901,1358,6762,-1
7902,1358,5508,-1
7903,20,42,1
7904,1358,5151,-1
7905,1358,2367,-1
7906,20,21,1
7907,1358,5654,-1
7908,1358,1852,-1
7909,20,30,1
7910,1358,9798,-1
7911,1358,1152,-1
7912,20,15,1
7913,1358,2956,-1
7914,1358,3090,-1
7915,20,23,1
7916,563,2115,1
7917,20,133,-1
7918,563,105,1
7919,20,108,-1
7920,1358,8895,-1
7921,1358,4753,-1
7922,20,145,1
7923,1358,4928,-1
7924,563,262,1
7925,20,106,-1
7926,1358,7174,-1
7927,1358,6196,-1
7928,20,42,1
7929,1358,6765,-1
7930,1358,11307,-1
7931,20,29,1
7932,1358,480,-1
7933,1358,1975,-1
7934,20,23,1
7935,1358,1482,-1
7936,1358,7985,-1
7937,20,56,1
7938,1358,3953,-1
7939,1358,1875,-1
7940,20,20,1
7941,1358,2403,-1
7942,1358,2969,-1
7943,20,59,1
7944,1358,3465,-1
7945,607,4390,-1
7946,20,72,1
7947,563,1127,1
7948,20,56,-1
7949,563,265,1
7950,20,72,-1
7951,1358,10171,-1
7952,1358,7913,-1
7953,20,118,1
7954,1480,267,1
7955,131,25,1
7956,20,33,-1
7957,563,35,1
7958,20,46,-1
7959,1358,10730,-1
7960,1358,5722,-1
7961,20,103,1
7962,1358,9382,-1
7963,1358,6165,-1
7964,20,44,1
7965,563,4767,1
7966,20,128,-1
7967,1358,5686,-1
7968,1358,3582,-1
7969,20,66,1
7970,1358,10333,-1
7971,563,1857,1
7972,20,133,-1
7973,563,40,1
7974,20,182,-1
7975,1358,4523,-1
7976,1440,7457,-1
7977,1440,39,-1
7978,1194,6,-1
7979,20,52,1
7980,1440,1945,-1
7981,1440,36,-1
7982,20,12,1
7983,1194,30,-1
7984,1358,5594,-1
7985,20,20,1
7986,1440,108,-1
7987,1276,10,-1
7988,20,189,1
7989,1440,4029,-1
7990,1276,30,-1
7991,20,15,1
7992,1077,2707,1
7993,20,186,-1
7994,1358,2990,-1
7995,563,9147,1
7996,20,209,-1
7997,1358,405,-1
7998,1358,6098,-1
7999,20,161,1
8000,1334,5375,-1
8001,1358,3917,-1
8002,20,36,1
8003,1358,4175,-1
8004,1358,467,-1
8005,20,30,1
8006,1358,15875,-1
8007,563,2557,1
8008,20,139,-1
8009,563,20,1
8010,20,82,-1
8011,1358,4026,-1
8012,1358,6517,-1
8013,20,95,1
8014,1358,2484,-1
8015,563,230,1
8016,20,137,-1
8017,1358,6372,-1
8018,1358,4045,-1
8019,20,104,1
8020,1358,5851,-1
8021,1358,6800,-1
8022,20,25,1
8023,1358,7346,-1
8024,1358,1554,-1
8025,20,45,1
8026,1358,7447,-1
8027,1358,8545,-1
8028,20,55,1
8029,1358,6306,-1
8030,1358,3178,-1
8031,20,37,1
8032,1358,5340,-1
8033,1358,4224,-1
8034,20,39,1
8035,563,297,1
8036,20,159,-1
8037,1358,6752,-1
8038,1358,2462,-1
8039,20,43,1
8040,563,2126,1
8041,20,138,-1
8042,1358,1513,-1
8043,1358,4266,-1
8044,20,87,1
8045,1077,2804,1
8046,20,97,-1
8047,1358,2507,-1
8048,1480,51,1
8049,1159,62,1
8050,20,66,-1
8051,422,370,-1
8052,1358,4832,-1
8053,20,18,1
8054,1358,4500,-1
8055,1358,3129,-1
8056,20,25,1
8057,1358,1878,-1
8058,1358,3741,-1
8059,20,39,1
8060,1358,4297,-1
8061,1358,2611,-1
8062,20,20,1
8063,1358,4270,-1
8064,1358,808,-1
8065,20,20,1
8066,1358,4348,-1
8067,1358,473,-1
8068,20,12,1
8069,1358,2407,-1
8070,1440,25,-1
8071,20,10,1
8072,1276,29,-1
8073,563,482,1
8074,20,141,-1
8075,1358,741,-1
8076,1358,524,-1
8077,20,78,1
8078,1358,696,-1
8079,1358,2315,-1
8080,20,23,1
8081,1358,4003,-1
8082,1358,1796,-1
8083,20,36,1
8084,1077,1103,1
8085,20,162,-1
8086,1077,2047,1
8087,20,104,-1
8088,1358,725,-1
8089,563,9586,1
8090,20,152,-1
8091,1440,137750,-1
8092,1440,56,-1
8093,1440,10,-1
8094,1440,10,-1
8095,1440,8,-1
8096,1440,7,-1
8097,1440,9,-1
8098,1440,8,-1
8099,1440,6,-1
8100,1440,8,-1
8101,1440,7,-1
8102,1440,7,-1
8103,1440,6,-1
8104,1440,7,-1
8105,1440,7,-1
8106,1440,9,-1
8107,20,2,1
8108,1440,4,-1
8109,1440,7,-1
8110,1440,7,-1
8111,1440,7,-1
8112,1440,7,-1
8113,1440,6,-1
8114,1440,6,-1
8115,1440,8,-1
8116,1440,8,-1
8117,1440,6,-1
8118,1440,6,-1
8119,1440,8,-1
8120,1440,7,-1
8121,1440,8,-1
8122,20,180,1
8123,563,2520,1
8124,20,135,-1
8125,563,735,1
8126,20,82,-1
8127,563,971,1
8128,20,80,-1
8129,1358,4732,-1
8130,1358,4940,-1
8131,20,24,1
8132,1358,2624,-1
8133,1358,5812,-1
8134,20,36,1
8135,1077,1815,1
8136,20,124,-1
8137,1077,235,1
8138,20,76,-1
8139,1358,1113,-1
8140,1480,6129,1
8141,131,44,1
8142,20,110,-1
8143,1480,252,1
8144,645,38,1
8145,20,67,-1
8146,1440,1798,-1
8147,1276,20,-1
8148,20,43,1
8149,1440,7061,-1
8150,1276,20,-1
8151,20,18,1
8152,1358,8900,-1
8153,1358,44,-1
8154,20,10,1
8155,563,237,1
8156,20,123,-1
8157,1358,6293,-1
8158,1440,4071,-1
8159,1276,35,-1
8160,20,61,1
8161,1440,6229,-1
8162,1276,51,-1
8163,20,57,1
8164,1480,1659,1
8165,131,87,1
8166,20,61,-1
8167,1358,9915,-1
8168,1358,77,-1
8169,20,105,1
8170,563,306,1
8171,20,168,-1
8172,1358,1023,-1
8173,1440,2855,-1
8174,1276,31,-1
8175,20,51,1
8176,1440,1030,-1
8177,1276,27,-1
8178,20,49,1
8179,1440,6138,-1
8180,1276,41,-1
8181,20,10,1
8182,1480,4244,1
8183,131,77,1
8184,1358,43,-1
8185,20,9,-1
8186,1358,6777,-1
8187,20,67,1
8188,1358,6197,-1
8189,1440,18467,-1
8190,20,66,1
8191,1440,63,-1
8192,891,77,-1
8193,1440,8,-1
8194,1440,6,-1
8195,1194,5,-1
8196,1440,7,-1
8197,1440,5,-1
8198,1194,6,-1
8199,20,15,1
8200,20,369,1
8201,563,211,1
8202,20,82,-1
8203,1440,975,-1
8204,240,18,-1
8205,20,12,1
8206,563,668,1
8207,20,124,-1
8208,563,539,1
8209,20,91,-1
8210,563,13741,1
8211,20,133,-1
8212,1358,2110,-1
8213,1358,25,-1
8214,20,54,1
8215,1077,3113,1
8216,20,88,-1
8217,1440,5419,-1
8218,1276,46,-1
8219,20,77,1
8220,1440,142637,-1
8221,1440,70,-1
8222,1440,6,-1
8223,1440,5,-1
8224,1440,5,-1
8225,1440,4,-1
8226,1440,5,-1
8227,1440,4,-1
8228,1440,5,-1
8229,1440,5,-1
8230,1440,15,-1
8231,1440,5,-1
8232,1440,5,-1
8233,1440,5,-1
8234,1440,5,-1
8235,1440,5,-1
8236,1440,5,-1
8237,20,2,1
8238,1440,2,-1
8239,1440,5,-1
8240,1440,3,-1
8241,1440,5,-1
8242,1440,4,-1
8243,1440,5,-1
8244,1440,5,-1
8245,1440,5,-1
8246,1440,5,-1
8247,1440,5,-1
8248,1440,5,-1
8249,1440,5,-1
8250,1138,5,-1
8251,20,169,1
8252,563,665,1
8253,20,102,-1
8254,1077,133,1
8255,20,130,-1
8256,1077,108,1
8257,20,85,-1
8258,563,1074,1
8259,20,46,-1
8260,1077,138,1
8261,20,111,-1
8262,563,427,1
8263,20,49,-1
8264,563,1025,1
8265,20,174,-1
8266,1358,149,-1
8267,1358,4889,-1
8268,20,358,1
8269,1358,2048,-1
8270,1440,10378,-1
8271,1276,65,-1
8272,1440,5,-1
8273,1276,5,-1
8274,20,77,1
8275,1358,4474,-1
8276,1358,9324,-1
8277,20,37,1
8278,1358,9451,-1
8279,1358,3020,-1
8280,20,47,1
8281,1358,3296,-1
8282,1358,1379,-1
8283,20,33,1
8284,1440,4191,-1
8285,1276,118,-1
8286,20,20,1
8287,1358,30,-1
8288,1358,4231,-1
8289,20,82,1
8290,1358,4461,-1
8291,1358,3784,-1
8292,20,61,1
8293,1077,3345,1
8294,20,167,-1
8295,1358,6886,-1
8296,1358,6521,-1
8297,20,105,1
8298,1358,6559,-1
8299,1358,8009,-1
8300,20,97,1
8301,1358,5687,-1
8302,1358,7565,-1
8303,20,22,1
8304,1358,3414,-1
8305,1358,5744,-1
8306,20,36,1
8307,1358,39,-1
8308,1077,375,1
8309,20,65,-1
8310,1440,2871,-1
8311,1276,88,-1
8312,1440,17,-1
8313,1440,13,-1
8314,1440,12,-1
8315,95,13,-1
8316,20,115,1
8317,1358,36300,-1
8318,1358,33951,-1
8319,20,39,1
8320,1358,4452,-1
8321,1358,20083,-1
8322,20,57,1
8323,1358,15565,-1
8324,1358,7945,-1
8325,20,0,1
8326,21,9054,-1
8327,1358,8358,-1
8328,20,47,1
8329,1358,14498,-1
8330,1358,7099,-1
8331,20,48,1
8332,1440,13241,-1
8333,1276,45,-1
8334,20,43,1
8335,1358,14831,-1
8336,1358,5619,-1
8337,20,53,1
8338,1358,9275,-1
8339,1358,7146,-1
8340,20,66,1
8341,1358,9657,-1
8342,1358,13772,-1
8343,20,53,1
8344,1358,16119,-1
8345,1358,6554,-1
8346,20,46,1
8347,168,752,-1
8348,1358,17881,-1
8349,20,52,1
8350,1358,13643,-1
8351,563,1051,1
8352,20,167,-1
8353,1440,7030,-1
8354,1440,67,-1
8355,1194,10,-1
8356,20,171,1
8357,1440,5683,-1
8358,1276,37,-1
8359,20,14,1
8360,1358,8574,-1
8361,1358,13904,-1
8362,20,50,1
8363,563,587,1
8364,20,234,-1
8365,1358,14724,-1
8366,1358,8639,-1
8367,20,506,1
8368,1358,4528,-1
8369,563,3784,1
8370,20,154,-1
8371,1358,9057,-1
8372,563,2573,1
8373,20,316,-1
8374,563,195,1
8375,20,204,-1
8376,1358,4194,-1
8377,1440,18711,-1
8378,1276,129,-1
8379,1358,24,-1
8380,20,210,1
8381,955,8886,-1
8382,563,656,1
8383,20,467,-1
8384,1358,2636,-1
8385,1440,319,-1
8386,1276,36,-1
8387,20,87,1
8388,1440,4856,-1
8389,1276,130,-1
8390,20,268,1
8391,1358,2937,-1
8392,563,1888,1
8393,20,225,-1
8394,1440,4981,-1
8395,1276,39,-1
8396,20,15,1
8397,1358,4261,-1
8398,1358,3391,-1
8399,20,19,1
8400,1358,7061,-1
8401,1358,6595,-1
8402,20,36,1
8403,1358,51,-1
8404,1440,14154,-1
8405,20,34,1
8406,1440,44,-1
8407,1194,9,-1
8408,20,80,1
8409,563,275,1
8410,20,226,-1
8411,1440,7496,-1
8412,1276,49,-1
8413,20,14,1
8414,1358,33,-1
8415,1440,7369,-1
8416,20,36,1
8417,1276,47,-1
8418,1358,10915,-1
8419,20,30,1
8420,563,1235,1
8421,20,95,-1
8422,563,370,1
8423,20,169,-1
8424,1358,6678,-1
8425,1077,2611,1
8426,20,154,-1
8427,1358,7827,-1
8428,1358,13977,-1
8429,20,427,1
8430,1358,4173,-1
8431,337,8220,-1
8432,20,46,1
8433,563,3892,1
8434,20,261,-1
8435,1358,4081,-1
8436,1358,15464,-1
8437,20,236,1
8438,1358,32638,-1
8439,1358,20128,-1
8440,20,69,1
8441,1358,6549,-1
8442,1077,14495,1
8443,20,400,-1
8444,1358,2095,-1
8445,563,2999,1
8446,20,172,-1
8447,1358,11298,-1
8448,1340,13989,-1
8449,20,138,1
8450,1358,9716,-1
8451,1358,15972,-1
8452,20,103,1
8453,1358,6216,-1
8454,1358,10746,-1
8455,20,41,1
8456,1358,7400,-1
8457,563,491,1
8458,20,228,-1
8459,1358,9985,-1
8460,1358,9341,-1
8461,20,19,1
8462,1358,12007,-1
8463,1358,5815,-1
8464,20,37,1
8465,563,2654,1
8466,20,172,-1
8467,1358,16674,-1
8468,1358,7736,-1
8469,20,427,1
8470,1358,12042,-1
8471,992,216,-1
8472,20,21,1
8473,563,280,1
8474,20,180,-1
8475,563,647,1
8476,20,105,-1
8477,1077,1965,1
8478,20,113,-1
8479,1358,4734,-1
8480,1358,50,-1
8481,20,117,1
8482,1358,8221,-1
8483,1358,11691,-1
8484,20,62,1
8485,1358,7467,-1
8486,1358,15412,-1
8487,20,72,1
8488,563,721,1
8489,20,283,-1
8490,1358,12619,-1
8491,1440,13225,-1
8492,1276,76,-1
8493,20,203,1
8494,1358,12508,-1
8495,563,576,1
8496,20,241,-1
8497,1358,16236,-1
8498,1358,11289,-1
8499,20,56,1
8500,1358,7604,-1
8501,110,1200,-1
8502,20,16,1
8503,1358,19139,-1
8504,1358,14307,-1
8505,20,97,1
8506,1358,6820,-1
8507,1358,7430,-1
8508,20,18,1
8509,563,1344,1
8510,20,159,-1
8511,1358,3773,-1
8512,1358,12202,-1
8513,20,103,1
8514,1358,9776,-1
8515,1358,8852,-1
8516,20,52,1
8517,1358,4191,-1
8518,1358,6309,-1
8519,20,39,1
8520,1358,9793,-1
8521,563,1171,1
8522,20,150,-1
8523,563,1465,1
8524,20,124,-1
8525,1358,8412,-1
8526,1358,6833,-1
8527,20,113,1
8528,1358,11253,-1
8529,1358,9794,-1
8530,20,25,1
8531,692,3566,-1
8532,1358,15110,-1
8533,20,23,1
8534,1077,280,1
8535,20,82,-1
8536,1358,18893,-1
8537,1358,14900,-1
8538,20,130,1
8539,1358,12125,-1
8540,1358,10710,-1
8541,20,26,1
8542,1358,24721,-1
8543,563,366,1
8544,20,168,-1
8545,1358,5074,-1
8546,1358,13243,-1
8547,20,515,1
8548,1358,10859,-1
8549,1358,8242,-1
8550,20,41,1
8551,1358,5892,-1
8552,245,1667,-1
8553,20,17,1
8554,1358,8316,-1
8555,563,415,1
8556,20,118,-1
8557,1358,8131,-1
8558,1358,10819,-1
8559,20,205,1
8560,1358,6344,-1
8561,1358,6747,-1
8562,20,48,1
8563,1358,6620,-1
8564,1358,2936,-1
8565,20,25,1
8566,1358,6545,-1
8567,1358,2002,-1
8568,20,29,1
8569,1358,6371,-1
8570,1358,8359,-1
8571,20,51,1
8572,1358,9131,-1
8573,1358,4278,-1
8574,20,31,1
8575,1358,9320,-1
8576,1358,331,-1
8577,20,35,1
8578,1358,1393,-1
8579,1358,6121,-1
8580,20,51,1
8581,1358,9016,-1
8582,1358,5486,-1
8583,20,47,1
8584,1255,8981,-1
8585,1358,3727,-1
8586,20,51,1
8587,1358,11493,-1
8588,1358,5742,-1
8589,20,45,1
8590,563,1095,1
8591,20,178,-1
8592,563,651,1
8593,20,329,-1
8594,563,22,1
8595,20,151,-1
8596,1358,8050,-1
8597,1358,9094,-1
8598,20,245,1
8599,563,1358,1
8600,20,171,-1
8601,1358,6268,-1
8602,1358,2620,-1
8603,20,162,1
8604,1358,6109,-1
8605,1358,5955,-1
8606,20,90,1
8607,1358,5605,-1
8608,1358,3067,-1
8609,20,36,1
8610,1358,5904,-1
8611,563,644,1
8612,20,209,-1
8613,1358,2885,-1
8614,1480,23532,1
8615,645,179,1
8616,20,191,-1
8617,563,45495,-1
8618,563,3695,1
8619,20,179,-1
8620,1440,88787,-1
8621,1440,87,-1
8622,1440,11,-1
8623,1440,10,-1
8624,1440,9,-1
8625,1440,9,-1
8626,1440,10,-1
8627,1440,8,-1
8628,1440,9,-1
8629,1440,9,-1
8630,1440,10,-1
8631,1440,9,-1
8632,1440,8,-1
8633,1440,9,-1
8634,1440,10,-1
8635,1440,9,-1
8636,1440,10,-1
8637,1440,7,-1
8638,1440,9,-1
8639,1440,9,-1
8640,1440,10,-1
8641,1440,9,-1
8642,1440,8,-1
8643,1440,9,-1
8644,1440,8,-1
8645,1105,8,-1
8646,20,15,1
8647,20,303,1
8648,563,859,1
8649,20,312,-1
8650,1358,8560,-1
8651,563,1701,1
8652,20,356,-1
8653,563,1753,1
8654,20,201,-1
8655,1358,2697,-1
8656,1358,10001,-1
8657,20,37,1
8658,1358,4546,-1
8659,563,25693,-1
8660,1358,56,-1
8661,20,10,1
8662,1440,26,-1
8663,1276,17,-1
8664,1358,538,-1
8665,563,1338,1
8666,20,87,1
8667,20,99,-1
8668,1077,125,1
8669,20,140,-1
8670,1358,510,-1
8671,1358,5908,-1
8672,20,19,1
8673,1358,9898,-1
8674,1358,11663,-1
8675,20,51,1
8676,1358,6877,-1
8677,1358,6421,-1
8678,20,50,1
8679,563,543,1
8680,20,231,-1
8681,1358,8183,-1
8682,1358,17529,-1
8683,1358,51,-1
8684,1440,51,-1
8685,984,5,-1
8686,20,36,1
8687,1358,20030,-1
8688,1358,252,-1
8689,20,20,1
8690,1358,768,-1
8691,1440,903,-1
8692,20,19,1
8693,1276,41,-1
8694,1358,9,-1
8695,20,72,1
8696,563,350,1
8697,20,299,-1
8698,1440,508,-1
8699,1440,27,-1
8700,1194,6,-1
8701,1440,3,-1
8702,1276,6,-1
8703,20,63,1
8704,563,1671,1
8705,20,75,-1
8706,1358,14227,-1
8707,1077,575,1
8708,20,150,-1
8709,563,596,1
8710,20,116,-1
8711,1358,16729,-1
8712,563,1285,1
8713,20,84,-1
8714,1480,2923,1
8715,131,82,1
8716,20,96,-1
8717,1358,2722,-1
8718,563,20433,-1
8719,1480,9824,1
8720,1159,102,1
8721,20,56,-1
8722,1480,7014,1
8723,1480,97,1
8724,20,134,-1
8725,727,18,1
8726,20,87,-1
8727,1480,183,1
8728,1480,81,1
8729,20,77,-1
8730,727,59,1
8731,20,72,-1
8732,1077,2403,1
8733,20,112,-1
8734,1077,2050,1
8735,20,132,-1
8736,1358,10828,-1
8737,20,3993,1
8738,344,5124,-1
8739,20,149,1
8740,563,841,1
8741,20,112,-1
8742,563,12624,1
8743,20,164,-1
8744,563,41872,1
8745,20,161,-1
8746,1440,35768,-1
8747,1440,44,-1
8748,1194,7,-1
8749,1440,5,-1
8750,1440,5,-1
8751,1440,5,-1
8752,1112,5,-1
8753,1358,5,-1
8754,20,72,1
8755,1358,21658,-1
8756,1358,9309,-1
8757,20,0,1
8758,178,5264,-1
8759,1358,10879,-1
8760,20,36,1
8761,1440,48963,-1
8762,1440,63,-1
8763,20,21,1
8764,1194,41,-1
8765,1440,11,-1
8766,1440,6,-1
8767,1194,5,-1
8768,20,109,1
8769,1440,35,-1
8770,1440,10,-1
8771,1440,5,-1
8772,1440,5,-1
8773,1030,5,-1
8774,1358,5,-1
8775,20,0,1
8776,20,386,1
8777,563,644,1
8778,20,68,-1
8779,1440,13546,-1
8780,1276,51,-1
8781,20,14,1
8782,1358,34,-1
8783,1440,108,-1
8784,1440,10,-1
8785,1440,5,-1
8786,1112,5,-1
8787,20,236,1
8788,563,148,1
8789,20,73,-1
8790,1440,174,-1
8791,1440,10,-1
8792,20,10,1
8793,1194,30,-1
8794,1440,7,-1
8795,1276,6,-1
8796,20,117,1
8797,1440,7217,-1
8798,1276,53,-1
8799,20,19,1
8800,1440,7546,-1
8801,1276,0,-1
8802,20,0,1
8803,1358,0,-1
8804,1440,0,-1
8805,1440,0,-1
8806,1194,0,-1
8807,20,4078,1
8808,563,699,1
8809,20,112,-1
8810,1358,3772,-1
8811,1281,28992,-1
8812,20,54,1
8813,1358,32267,-1
8814,1440,30,-1
8815,1276,5,-1
8816,20,58,1
8817,1440,7135,-1
8818,1276,62,-1
8819,20,25,1
8820,1440,20014,-1
8821,1440,56,-1
8822,20,14,1
8823,1194,28,-1
8824,1440,12,-1
8825,1440,5,-1
8826,1440,4,-1
8827,1112,3,-1
8828,1440,5,-1
8829,1440,5,-1
8830,1194,4,-1
8831,20,0,1
8832,1440,4,-1
8833,1276,4,-1
8834,20,272,1
8835,563,615,1
8836,20,226,-1
8837,563,179,1
8838,20,47,-1
8839,1440,13727,-1
8840,1276,38,-1
8841,20,65,1
8842,1440,177,-1
8843,1440,27,-1
8844,1194,6,-1
8845,1440,5,-1
8846,1276,5,-1
8847,1358,5,-1
8848,20,54,1
8849,1440,388,-1
8850,1440,14,-1
8851,20,11,1
8852,1194,37,-1
8853,1358,707,-1
8854,20,14,1
8855,563,2074,1
8856,20,146,-1
8857,563,22,1
8858,20,82,-1
8859,630,49130,-1
8860,563,1206,1
8861,20,190,-1
8862,1440,5111,-1
8863,1440,44,-1
8864,1440,8,-1
8865,1440,5,-1
8866,1030,6,-1
8867,1358,5,-1
8868,20,144,1
8869,1440,644,-1
8870,1440,75,-1
8871,20,25,1
8872,1194,19,-1
8873,1440,6,-1
8874,1276,5,-1
8875,20,18,1
8876,1440,25362,-1
8877,1276,49,-1
8878,20,15,1
8879,563,479,1
8880,20,133,-1
8881,1358,70152,-1
8882,538,26512,-1
8883,20,39,1
8884,563,91137,1
8885,20,156,-1
8886,1077,36108,-1
8887,563,2407,1
8888,20,134,-1
8889,563,86,1
8890,20,75,-1
8891,1440,42559,-1
8892,1276,40,-1
8893,1358,5,-1
8894,1440,174,-1
8895,1276,14,-1
8896,1440,3,-1
8897,1276,4,-1
8898,1358,4,-1
8899,20,52,1
8900,1440,62,-1
8901,1276,8,-1
8902,1440,4,-1
8903,1276,2,-1
8904,20,50,1
8905,563,1210,1
8906,20,84,-1
8907,563,203,1
8908,20,49,-1
8909,563,182,1
8910,20,51,-1
8911,1440,15738,-1
8912,1440,29,-1
8913,1194,5,-1
8914,20,97,1
8915,1440,108,-1
8916,1440,14,-1
8917,1194,4,-1
8918,1440,3,-1
8919,1276,3,-1
8920,20,288,1
8921,563,591,1
8922,20,61,-1
8923,563,706,1
8924,20,58,-1
8925,1248,64025,-1
8926,1440,17369,-1
8927,1276,29,-1
8928,1358,6,-1
8929,1440,4,-1
8930,1276,3,-1
8931,20,127,1
8932,1358,98981,-1
8933,563,540,1
8934,20,87,-1
8935,1331,12199,-1
8936,20,38271,1
8937,1358,66862,-1
8938,20,200,1
8939,825,22653,-1
8940,20,239,1
8941,1480,153,1
8942,645,61,1
8943,20,45,-1
8944,563,128047,-1
8945,20,37343,1
8946,1358,25745,-1
8947,20,406,1
8948,282,64550,-1
8949,20,165,1
8950,1440,1979,-1
8951,1276,31,-1
8952,20,101,1
8953,1440,99372,-1
8954,1440,87,-1
8955,20,36,1
8956,1194,122,-1
8957,1440,16,-1
8958,1276,10,-1
8959,1440,9,-1
8960,1276,9,-1
8961,1440,9,-1
8962,20,5,1
8963,1276,221,-1
8964,1358,16,-1
8965,1440,9,-1
8966,1276,10,-1
8967,20,388,1
8968,1077,1376,1
8969,20,433,-1
8970,1440,12844,-1
8971,1440,82,-1
8972,20,26,1
8973,1194,58,-1
8974,1358,2146,-1
8975,20,35,1
8976,840,8239,-1
8977,20,37389,1
8978,1440,37685,-1
8979,1440,44,-1
8980,1194,5,-1
8981,1440,4,-1
8982,1440,4,-1
8983,1194,4,-1
8984,20,87,1
8985,1331,52716,-1
8986,20,707,1
8987,1077,267,1
8988,20,197,-1
8989,563,2979,1
8990,20,144,-1
8991,563,61822,1
8992,20,164,-1
8993,1440,81578,-1
8994,1440,74,-1
8995,1261,11,-1
8996,20,174,1
8997,1440,98948,-1
8998,1276,77,-1
8999,20,21,1
9000,1060,28316,-1
9001,1480,6416,1
9002,131,208,1
9003,20,96,-1
9004,1480,2505,1
9005,1159,26,1
9006,20,122,-1
9007,1358,88130,-1
9008,20,36473,1
9009,253,1571,-1
9010,20,150,1
9011,1077,2933,1
9012,20,164,-1
9013,1077,1183,1
9014,20,135,-1
9015,1077,701,1
9016,20,133,-1
9017,563,123900,-1
9018,20,37077,1
9019,1358,70647,-1
9020,20,201,1
9021,796,19605,-1
9022,20,160,1
9023,563,1940,1
9024,20,109,-1
9025,563,66,1
9026,20,78,-1
9027,1358,77696,-1
9028,20,37005,1
9029,282,11408,-1
9030,20,146,1
9031,563,3145,1
9032,20,183,-1
9033,563,303,1
9034,20,158,-1
9035,1358,45274,-1
9036,20,39528,1
9037,1310,39016,-1
9038,20,643,1
9039,1480,508,1
9040,131,149,1
9041,20,126,-1
9042,1480,140458,1
9043,131,125,1
9044,20,86,-1
9045,563,30509,-1
9046,20,36442,1
9047,563,212875,-1
9048,20,57,1
9049,1358,100070,-1
9050,20,39,1
9051,1077,9385,1
9052,20,270,-1
9053,1480,2810,1
9054,131,98,1
9055,20,51,-1
9056,1077,4055,1
9057,20,87,-1
9058,1480,6392,1
9059,131,113,1
9060,20,66,-1
9061,311,43689,-1
9062,1440,30843,-1
9063,1440,43,-1
9064,1194,5,-1
9065,20,95,1
9066,1440,101882,-1
9067,1440,99,-1
9068,20,22,1
9069,1194,51,-1
9070,303,25444,-1
9071,20,40,1
9072,563,4547,1
9073,20,466,-1
9074,563,9633,1
9075,20,175,-1
9076,1358,59705,-1
9077,20,38158,1
9078,1358,59366,-1
9079,20,38,1
9080,563,3774,1
9081,20,126,-1
9082,1000,21110,-1
9083,563,2198,1
9084,20,138,-1
9085,563,116,1
9086,20,124,-1
9087,1077,67258,1
9088,20,205,-1
9089,1358,8990,-1
9090,20,36538,1
9091,253,12300,-1
9092,20,153,1
9093,563,1514,1
9094,20,138,-1
9095,563,84,1
9096,20,69,-1
9097,563,9035,1
9098,20,511,-1
9099,1358,35374,-1
9100,563,24063,1
9101,20,209,-1
9102,253,57375,-1
9103,563,1504,1
9104,20,82,-1
9105,563,134259,-1
9106,1480,1250,1
9107,645,74,1
9108,20,64,-1
9109,1358,81197,-1
9110,20,36788,1
9111,767,8385,-1
9112,20,241,1
9113,563,132022,-1
9114,20,312,1
9115,1358,126172,-1
9116,282,5118,-1
9117,20,108,1
9118,563,36424,1
9119,20,144,-1
9120,1077,91245,-1
9121,563,275,1
9122,20,82,-1
9123,1106,165932,-1
9124,1077,500,1
9125,20,269,-1
9126,563,62102,1
9127,20,522,-1
9128,563,631,1
9129,20,241,-1
9130,1358,38880,-1
9131,1077,18163,1
9132,20,365,-1
9133,767,7167,-1
9134,1077,7539,1
9135,20,305,-1
9136,1077,50408,1
9137,20,204,-1
9138,563,241,1
9139,20,104,-1
9140,1077,209345,-1
9141,20,39958,1
9142,1077,108124,1
9143,20,171,-1
9144,1480,5069,1
9145,131,113,1
9146,20,66,-1
9147,563,14771,-1
9148,20,0,1
9149,1358,33092,-1
9150,20,35,1
9151,253,95067,-1
9152,20,36,1
9153,1077,1195,1
9154,20,61,-1
9155,563,104,1
9156,20,96,-1
9157,563,1749,1
9158,20,83,-1
9159,563,539,1
9160,20,293,-1
9161,563,732,1
9162,20,63,-1
9163,563,107,1
9164,20,61,-1
9165,1358,102775,-1
9166,767,22109,-1
9167,20,145,1
9168,563,1780,1
9169,20,118,-1
9170,563,81,1
9171,20,70,-1
9172,563,255,1
9173,20,113,-1
9174,1480,3789,1
9175,645,105,1
9176,20,84,-1
9177,1077,121657,-1
9178,20,36828,1
9179,563,78420,1
9180,20,448,-1
9181,563,12609,-1
9182,20,261,1
9183,563,375,1
9184,20,123,-1
9185,1077,37606,1
9186,20,177,-1
9187,563,135,1
9188,20,64,-1
9189,563,106639,-1
9190,20,39149,1
9191,1440,31485,-1
9192,1440,52,-1
9193,1440,8,-1
9194,1112,5,-1
9195,20,105,1
9196,1440,259,-1
9197,1440,10,-1
9198,20,10,1
9199,1194,27,-1
9200,20,720,1
9201,563,97,1
9202,20,123,-1
9203,507,56834,-1
9204,563,4456,1
9205,20,415,-1
9206,1077,31451,1
9207,20,175,-1
9208,1358,6042,-1
9209,20,39700,1
9210,767,45764,-1
9211,20,166,1
9212,1077,428,1
9213,20,115,-1
9214,1358,14929,-1
9215,20,38607,1
9216,767,73210,-1
9217,20,144,1
9218,1480,327,1
9219,131,44,1
9220,20,92,-1
9221,1077,224264,-1
9222,563,6222,1
9223,20,355,-1
9224,563,256,1
9225,20,159,-1
9226,563,278286,1
9227,20,325,-1
9228,1077,183834,-1
9229,20,39974,1
9230,1358,65926,-1
9231,20,77,1
9232,282,22496,-1
9233,20,37,1
9234,1358,25279,-1
9235,20,34,1
9236,1358,43823,-1
9237,20,40,1
9238,1358,14683,-1
9239,20,38,1
9240,1358,29106,-1
9241,20,38,1
9242,1068,18826,-1
9243,20,38,1
9244,1077,9930,1
9245,20,246,-1
9246,1077,444,1
9247,20,161,-1
9248,1077,1074,1
9249,20,77,-1
9250,1077,499,1
9251,20,75,-1
9252,1077,4206,1
9253,20,128,-1
9254,1358,27226,-1
9255,1440,82,-1
9256,1440,10,-1
9257,1194,6,-1
9258,1440,4,-1
9259,1276,5,-1
9260,1440,5,-1
9261,1276,5,-1
9262,20,66,1
9263,563,444,1
9264,20,94,-1
9265,1440,270,-1
9266,1276,21,-1
9267,20,10,1
9268,563,239,1
9269,20,144,-1
9270,1358,20204,-1
9271,20,37377,1
9272,353,29040,-1
9273,20,137,1
9274,1077,128299,-1
9275,20,369,1
9276,1106,166907,-1
9277,20,223,1
9278,563,79317,1
9279,20,196,-1
9280,1077,47621,-1
9281,20,308,1
9282,563,191,1
9283,20,94,-1
9284,1077,155,1
9285,20,111,-1
9286,1077,1923,1
9287,20,66,-1
9288,563,218,1
9289,20,85,-1
9290,563,124780,-1
9291,20,41251,1
9292,1358,22568,-1
9293,20,557,1
9294,796,103742,-1
9295,20,152,1
9296,1440,8452,-1
9297,1276,31,-1
9298,20,90,1
9299,1358,71909,-1
9300,20,759,1
9301,563,1194,1
9302,20,267,-1
9303,563,123,1
9304,20,133,-1
9305,563,313,1
9306,20,115,-1
9307,563,354,1
9308,20,128,-1
9309,563,184,1
9310,20,69,-1
9311,563,14,1
9312,20,62,-1
9313,1358,19925,-1
9314,1358,7799,-1
9315,20,164,1
9316,186,15575,-1
9317,20,39959,1
9318,1358,11281,-1
9319,1440,279,-1
9320,1440,37,-1
9321,1194,6,-1
9322,20,48,1
9323,1358,31485,-1
9324,20,271,1
9325,1440,5699,-1
9326,1276,87,-1
9327,20,130,1
9328,563,2003,1
9329,20,118,-1
9330,563,771,1
9331,20,139,-1
9332,1440,62222,-1
9333,1276,44,-1
9334,1358,4,-1
9335,20,72,1
9336,1206,9513,-1
9337,20,39243,1
9338,563,88963,-1
9339,20,145,1
9340,563,1404,1
9341,20,119,-1
9342,563,169970,-1
9343,563,390,1
9344,20,113,-1
9345,1358,85953,-1
9346,563,27768,1
9347,20,188,-1
9348,767,52983,-1
9349,1077,684,1
9350,20,156,-1
9351,1106,126991,-1
9352,1480,497,1
9353,131,63,1
9354,20,86,-1
9355,563,128086,-1
9356,20,39584,1
9357,563,162367,-1
9358,1480,340,1
9359,1159,48,1
9360,20,63,-1
9361,1358,104840,-1
9362,282,22344,-1
9363,20,196,1
9364,563,134069,-1
9365,1358,33700,-1
9366,20,39,1
9367,1440,68406,-1
9368,1440,133,-1
9369,1194,24,-1
9370,1440,15,-1
9371,1440,17,-1
9372,1194,14,-1
9373,20,238,1
9374,1077,17071,1
9375,20,169,-1
9376,1077,266,1
9377,20,82,-1
9378,51,41464,-1
9379,20,37461,1
9380,1077,1271,1
9381,20,140,-1
9382,1077,129,1
9383,20,165,-1
9384,563,1473,1
9385,20,106,-1
9386,1077,128525,-1
9387,20,170,1
9388,563,2951,1
9389,20,139,-1
9390,1077,164395,-1
9391,563,5149,1
9392,20,156,-1
9393,563,93,1
9394,20,74,-1
9395,563,160099,-1
9396,1358,37014,-1
9397,20,35,1
9398,1358,101224,-1
9399,563,6091,1
9400,20,309,-1
9401,563,136,1
9402,20,198,-1
9403,486,20070,-1
9404,1077,6097,1
9405,20,125,-1
9406,1077,50,1
9407,20,92,-1
9408,1077,128314,-1
9409,20,38841,1
9410,563,96978,-1
9411,20,304,1
9412,1480,446,1
9413,131,60,1
9414,20,159,-1
9415,1077,125696,1
9416,20,205,-1
9417,563,1908,-1
9418,20,38133,1
9419,1077,90495,-1
9420,20,37461,1
9421,1358,4785,-1
9422,20,39112,1
9423,1310,98616,-1
9424,20,998,1
9425,1077,526,1
9426,20,525,-1
9427,1480,33497,1
9428,131,102,1
9429,20,125,-1
9430,563,94634,-1
9431,20,40179,1
9432,563,87682,-1
9433,20,38711,1
9434,1106,164570,-1
9435,563,6884,1
9436,20,289,-1
9437,1077,775,1
9438,20,164,-1
9439,563,127004,-1
9440,563,3301,1
9441,20,174,-1
9442,563,89920,1
9443,20,244,-1
9444,1358,162566,-1
9445,20,36139,1
9446,1440,91750,-1
9447,20,52,1
9448,1276,32,-1
9449,20,10,1
9450,1440,128271,-1
9451,20,45,1
9452,1440,48,-1
9453,20,13,1
9454,1440,30,-1
9455,20,10,1
9456,1085,20,-1
9457,20,11,1
9458,563,2185,1
9459,20,157,-1
9460,1077,31947,1
9461,20,139,-1
9462,563,215,1
9463,20,105,-1
9464,1077,15571,1
9465,20,148,-1
9466,1480,14657,1
9467,131,46,1
9468,20,149,-1
9469,1106,62090,-1
9470,20,39829,1
9471,563,184810,-1
9472,20,56,1
9473,1077,169832,-1
9474,20,38,1
9475,1358,53733,-1
9476,20,45,1
9477,563,2014,1
9478,20,169,-1
9479,563,267,1
9480,20,98,-1
9481,563,147,1
9482,20,153,-1
9483,282,70688,-1
9484,563,4135,1
9485,20,527,-1
9486,563,427,1
9487,20,395,-1
9488,1358,4607,-1
9489,20,40036,1
9490,253,82092,-1
9491,20,52,1
9492,563,3076,1
9493,20,153,-1
9494,563,280,1
9495,20,133,-1
9496,563,124001,-1
9497,20,37955,1
9498,563,106071,-1
9499,20,77,1
9500,563,166069,-1
9501,20,122,1
9502,1077,20786,1
9503,20,182,-1
9504,1358,111166,-1
9505,796,16437,-1
9506,20,180,1
9507,1480,545,1
9508,1159,72,1
9509,20,144,-1
9510,1077,131606,-1
9511,1480,586,1
9512,1159,79,1
9513,20,150,-1
9514,1480,83745,1
9515,131,56,1
9516,20,134,-1
9517,1077,44486,-1
9518,20,36804,1
9519,563,384552,-1
9520,20,59,1
9521,1358,99517,-1
9522,20,53,1
9523,767,87716,-1
9524,20,35,1
9525,563,21002,1
9526,20,144,-1
9527,1480,8219,1
9528,131,101,1
9529,20,48,-1
9530,563,100260,-1
9531,20,37784,1
9532,1440,545387,-1
9533,20,73,1
9534,1440,25,-1
9535,20,15,1
9536,1261,31,-1
9537,20,15,1
9538,1440,219,-1
9539,20,16,1
9540,1440,34,-1
9541,20,12,1
9542,1194,25,-1
9543,20,11,1
9544,1264,127233,-1
9545,20,37,1
9546,563,40937,1
9547,20,266,-1
9548,563,31934,1
9549,20,160,-1
9550,563,433408,1
9551,20,210,-1
9552,563,695,1
9553,20,205,-1
9554,563,564772,1
9555,20,170,-1
9556,1077,42495,1
9557,20,188,-1
9558,1440,482626,-1
9559,20,64,1
9560,171,18,-1
9561,20,10,1
9562,563,127671,-1
9563,20,52,1
9564,563,3453,1
9565,20,276,-1
9566,1480,778731,1
9567,131,144,1
9568,20,80,-1
9569,563,660618,-1
9570,20,39710,1
9571,1480,58619,1
9572,131,93,1
9573,20,61,-1
9574,1077,241230,1
9575,20,269,-1
9576,1077,460011,-1
9577,20,49,1
9578,563,934,1
9579,20,125,-1
9580,1077,7513,1
9581,20,133,-1
9582,1077,81,1
9583,20,116,-1
9584,563,118780,-1
9585,20,39484,1
9586,1077,331378,-1
9587,20,406,1
9588,563,399550,-1
9589,20,39,1
9590,1440,2328561,-1
9591,20,93,1
9592,171,208,-1
9593,20,35,1
9594,1077,10136,1
9595,20,270,-1
9596,563,66,1
9597,20,121,-1
9598,563,1878,1
9599,20,135,-1
9600,1440,76966,-1
9601,1276,56,-1
9602,20,303,1
9603,457,37369,-1
9604,20,38842,1
9605,1077,248346,-1
9606,20,87,1
9607,1358,134896,-1
9608,20,46,1
9609,767,32428,-1
9610,20,56,1
9611,563,2661,1
9612,20,130,-1
9613,563,177,1
9614,20,58,-1
9615,563,215,1
9616,20,61,-1
9617,563,111,1
9618,20,62,-1
9619,1480,46425,1
9620,131,92,1
9621,20,46,-1
9622,1440,44039,-1
9623,1440,46,-1
9624,1194,5,-1
9625,20,102,1
9626,1480,469,1
9627,1480,40,1
9628,1201,16,1
9629,20,67,-1
9630,20,14,-1
9631,1480,30,1
9632,1480,27,1
9633,1201,39,1
9634,20,50,-1
9635,20,56,-1
9636,643,16,1
9637,20,92,-1
9638,1358,10735,-1
9639,1358,96,-1
9640,20,221,1
9641,1358,16460,-1
9642,563,627,1
9643,20,133,-1
9644,332,4284,-1
9645,1358,11748,-1
9646,20,298,1
9647,1440,11390,-1
9648,1276,37,-1
9649,20,11,1
9650,1358,13083,-1
9651,20,39822,1
9652,1358,17554,-1
9653,1127,33566,-1
9654,20,32,1
9655,563,356,1
9656,20,80,-1
9657,1480,125862,1
9658,131,33,1
9659,20,120,-1
9660,563,37467,-1
9661,1480,5223,1
9662,1480,63,1
9663,1201,24,1
9664,20,76,-1
9665,20,12,-1
9666,1480,36,1
9667,1480,31,1
9668,1201,16,1
9669,20,81,-1
9670,20,7,-1
9671,129,8,1
9672,20,154,-1
9673,563,129087,-1
9674,1480,735,1
9675,1480,66,1
9676,1201,46,1
9677,20,57,-1
9678,20,23,-1
9679,1480,20,1
9680,1480,27,1
9681,1201,40,1
9682,20,65,-1
9683,20,11,-1
9684,129,14,1
9685,20,82,-1
9686,1480,23684,1
9687,131,43,1
9688,20,137,-1
9689,1440,16007,-1
9690,1440,42,-1
9691,1194,14,-1
9692,20,87,1
9693,1440,132,-1
9694,1276,22,-1
9695,20,12,1
9696,1358,25,-1
9697,563,460,1
9698,1440,45,-1
9699,1276,16,-1
9700,1440,9,-1
9701,1276,10,-1
9702,1358,9,-1
9703,20,5,-1
9704,20,113,1
9705,1077,31492,1
9706,20,279,-1
9707,563,1277,1
9708,20,108,-1
9709,1352,52296,-1
9710,563,1124,1
9711,20,98,-1
9712,1077,11337,1
9713,20,217,-1
9714,563,3051,1
9715,20,128,-1
9716,563,13346,1
9717,20,168,-1
9718,1077,2083,1
9719,20,118,-1
9720,1106,96377,-1
9721,1480,983,1
9722,1480,61,1
9723,1201,42,1
9724,20,69,-1
9725,20,18,-1
9726,1480,20,1
9727,1480,39,1
9728,1201,24,1
9729,20,21,-1
9730,20,63,-1
9731,129,15,1
9732,1480,56,1
9733,20,13,-1
9734,1480,16,1
9735,1201,54,1
9736,20,17,-1
9737,20,52,-1
9738,1480,34,1
9739,1480,29,1
9740,1201,30,1
9741,20,65,-1
9742,20,12,-1
9743,129,10,1
9744,20,66,-1
9745,1106,126955,-1
9746,563,1096,1
9747,20,97,-1
9748,1440,158400,-1
9749,1276,90,-1
9750,1425,11,-1
9751,1440,5,-1
9752,1276,5,-1
9753,1440,25,-1
9754,1276,6,-1
9755,1440,72,-1
9756,20,4,1
9757,1276,3,-1
9758,20,47,1
9759,1358,93,-1
9760,1358,87,-1
9761,1358,6,-1
9762,20,145,1
9763,1480,827,1
9764,1159,52,1
9765,20,94,-1
9766,563,113,1
9767,20,53,-1
9768,1358,21871,-1
9769,563,3887,1
9770,20,143,-1
9771,1077,8213,1
9772,20,190,-1
9773,209,91911,-1
9774,1077,25614,1
9775,20,158,-1
9776,1358,640,-1
9777,1077,398,1
9778,20,118,-1
9779,563,71751,1
9780,20,140,-1
9781,767,29762,-1
9782,1480,9619,1
9783,131,103,1
9784,20,58,-1
9785,563,3481,1
9786,20,127,-1
9787,1358,26905,-1
9788,1480,17823,1
9789,131,100,1
9790,20,149,-1
9791,1077,1902,1
9792,20,124,-1
9793,1077,10798,1
9794,20,180,-1
9795,1077,5622,1
9796,20,198,-1
9797,1077,371,1
9798,20,83,-1
9799,563,808,1
9800,20,85,-1
9801,1480,7901,1
9802,131,99,1
9803,20,95,-1
9804,1077,2079,1
9805,20,164,-1
9806,253,39390,-1
9807,20,36381,1
9808,1480,30155,1
9809,131,102,1
9810,20,91,-1
9811,1358,47733,-1
9812,1358,553,-1
9813,20,155,1
9814,563,871,1
9815,20,249,-1
9816,486,13499,-1
9817,563,1557,1
9818,20,108,-1
9819,1440,75530,-1
9820,1440,72,-1
9821,1194,10,-1
9822,20,138,1
9823,1440,607,-1
9824,1276,45,-1
9825,20,14,1
9826,1358,38,-1
9827,563,921,1
9828,20,185,-1
9829,1440,19964,-1
9830,1276,66,-1
9831,20,122,1
9832,563,578,1
9833,20,193,-1
9834,1358,9380,-1
9835,459,20228,-1
9836,20,51,1
9837,1480,34924,1
9838,131,34,1
9839,20,144,-1
9840,1440,10519,-1
9841,1276,48,-1
9842,1358,6,-1
9843,20,109,1
9844,1358,910,-1
9845,1440,25,-1
9846,20,10,1
9847,1276,14,-1
9848,563,1085,1
9849,20,79,-1
9850,303,79941,-1
9851,1077,1390,1
9852,20,87,-1
9853,1440,18281,-1
9854,1276,44,-1
9855,1358,5,-1
9856,20,83,1
9857,1440,550,-1
9858,1276,25,-1
9859,20,10,1
9860,1440,20,-1
9861,1440,5,-1
9862,1194,4,-1
9863,1440,3,-1
9864,1276,4,-1
9865,1440,2,-1
9866,1276,4,-1
9867,20,0,1
9868,20,334,1
9869,563,512,1
9870,20,128,-1
9871,1440,19644,-1
9872,1276,33,-1
9873,20,87,1
9874,1358,75844,-1
9875,563,1482,1
9876,20,120,-1
9877,563,417,1
9878,20,152,-1
9879,1256,8977,-1
9880,563,1574,1
9881,20,110,-1
9882,1358,88320,-1
9883,253,38069,-1
9884,20,50,1
9885,1077,4925,1
9886,20,96,-1
9887,563,185,1
9888,20,89,-1
9889,563,54,1
9890,20,62,-1
9891,1106,122046,-1
9892,1440,32402,-1
9893,20,82,1
9894,1440,66,-1
9895,1194,13,-1
9896,1440,7,-1
9897,1440,7,-1
9898,1440,5,-1
9899,1112,8,-1
9900,1440,7,-1
9901,1276,5,-1
9902,20,85,1
9903,1440,370,-1
9904,1276,23,-1
9905,20,14,1
9906,563,12882,1
9907,20,134,-1
9908,1077,4549,1
9909,20,100,-1
9910,867,77218,-1
9911,1440,4273,-1
9912,1440,36,-1
9913,1194,7,-1
9914,20,160,1
9915,1440,1,-1
9916,1276,41,-1
9917,20,29,1
9918,1358,101104,-1
9919,563,1634,1
9920,20,652,-1
9921,303,20635,-1
9922,20,39891,1
9923,563,27530,1
9924,20,122,-1
9925,1480,103787,1
9926,131,106,1
9927,20,85,-1
9928,563,80,1
9929,20,82,-1
9930,1440,103091,-1
9931,20,41,1
9932,171,49,-1
9933,20,12,1
9934,563,127421,-1
9935,20,51,1
9936,1358,173848,-1
9937,20,36,1
9938,1440,38,-1
9939,20,12,1
9940,1343,20,-1
9941,20,20,1
9942,1440,29,-1
9943,20,10,1
9944,1440,17,-1
9945,1194,7,-1
9946,1358,5,-1
9947,20,0,1
9948,20,40,1
9949,20,27,1
9950,1077,1781,1
9951,20,126,-1
9952,1440,107501,-1
9953,1440,63,-1
9954,1194,18,-1
9955,20,126,1
9956,1440,458,-1
9957,1440,24,-1
9958,20,9,1
9959,1440,21,-1
9960,1440,6,-1
9961,1030,5,-1
9962,1440,4,-1
9963,1276,5,-1
9964,20,6,1
9965,20,380,1
9966,563,608,1
9967,20,93,-1
9968,563,74,1
9969,20,153,-1
9970,540,17149,-1
9971,1077,2551,1
9972,20,207,-1
9973,1358,68835,-1
9974,20,38681,1
9975,253,20461,-1
9976,20,135,1
9977,563,128298,-1
9978,20,471,1
9979,563,126899,-1
9980,1480,1000,1
9981,1480,89,1
9982,1201,59,1
9983,20,84,-1
9984,20,27,-1
9985,1480,91,1
9986,1480,56,1
9987,1201,84,1
9988,20,87,-1
9989,20,25,-1
9990,643,24,1
9991,20,128,-1
9992,1440,83520,-1
9993,1440,113,-1
9994,1194,15,-1
9995,20,249,1
9996,563,3026,1
9997,20,139,-1
9998,563,77,1
9999,20,101,-1
10000,1233,40772,-1
10001,1077,700,1
10002,20,195,-1
10003,1077,2541,1
10004,20,169,-1
10005,563,124,1
10006,20,84,-1
10007,1358,51120,-1
10008,1077,15613,1
10009,20,137,-1
10010,1077,56,1
10011,20,54,-1
10012,1077,50390,1
10013,20,178,-1
10014,767,6358,-1
10015,563,9492,1
10016,20,241,-1
10017,563,313,1
10018,20,185,-1
10019,1077,129,1
10020,20,102,-1
10021,1077,316210,-1
10022,1077,360,1
10023,20,128,-1
10024,563,951,1
10025,20,213,-1
10026,1077,127601,-1
10027,563,2897,1
10028,20,325,-1
10029,1480,1809,1
10030,131,1110,1
10031,20,265,-1
10032,1480,643,1
10033,131,252,1
10034,20,172,-1
10035,1358,62179,-1
10036,563,382,1
10037,20,131,-1
10038,1339,62067,-1
10039,1358,36646,-1
10040,20,45,1
10041,253,91097,-1
10042,563,1463,1
10043,20,191,-1
10044,1440,8999,-1
10045,1440,61,-1
10046,1194,46,-1
10047,1440,24,-1
10048,1440,39,-1
10049,1194,10,-1
10050,1358,11,-1
10051,1440,10,-1
10052,1276,11,-1
10053,20,3,1
10054,1358,6,-1
10055,20,80,1
10056,563,2183,1
10057,20,138,-1
10058,1358,29752,-1
10059,20,38935,1
10060,1440,31290,-1
10061,20,67,1
10062,1440,45,-1
10063,20,20,1
10064,1440,30,-1
10065,1112,11,-1
10066,20,160,1
10067,1440,974,-1
10068,1276,31,-1
10069,20,15,1
10070,1440,36,-1
10071,1440,12,-1
10072,1194,7,-1
10073,1440,6,-1
10074,1276,7,-1
10075,20,0,1
10076,20,421,1
10077,563,384,1
10078,20,254,-1
10079,143,12127,-1
10080,20,38028,1
10081,1440,43730,-1
10082,1276,267,-1
10083,1440,19,-1
10084,1440,10,-1
10085,1440,9,-1
10086,1112,8,-1
10087,1440,9,-1
10088,1276,9,-1
10089,1358,8,-1
10090,1358,7,-1
10091,20,57,1
10092,1440,250,-1
10093,1276,15,-1
10094,20,18,1
10095,1358,833,-1
10096,563,567,1
10097,20,106,-1
10098,1440,16249,-1
10099,1276,60,-1
10100,20,125,1
10101,1440,12619,-1
10102,1440,75,-1
10103,20,22,1
10104,1194,54,-1
10105,1358,13,-1
10106,20,334,1
10107,563,438,1
10108,1440,209,-1
10109,1276,25,-1
10110,20,12,-1
10111,20,22,1
10112,1480,18886,1
10113,1480,118,1
10114,1201,92,1
10115,20,64,-1
10116,20,54,-1
10117,1480,174,1
10118,1480,36,1
10119,20,57,-1
10120,1201,209,1
10121,20,69,-1
10122,1157,157,1
10123,20,82,-1
10124,453,32043,-1
10125,1440,16076,-1
10126,1440,123,-1
10127,1194,26,-1
10128,1440,19,-1
10129,1276,17,-1
10130,20,216,1
10131,1358,18031,-1
10132,1440,9309,-1
10133,20,63,1
10134,1276,149,-1
10135,1440,24,-1
10136,1440,11,-1
10137,1440,82,-1
10138,1440,12,-1
10139,1030,12,-1
10140,1440,10,-1
10141,1440,11,-1
10142,20,92,1
10143,1440,78,-1
10144,1440,21,-1
10145,1030,13,-1
10146,20,540,1
10147,563,2060,1
10148,20,306,-1
10149,1440,15758,-1
10150,1276,106,-1
10151,20,298,1
10152,1440,52365,-1
10153,1440,51,-1
10154,20,13,1
10155,1194,30,-1
10156,1440,283,-1
10157,1440,15,-1
10158,1194,5,-1
10159,1358,4,-1
10160,20,108,1
10161,1440,16258,-1
10162,1276,82,-1
10163,20,25,1
10164,563,622,1
10165,20,298,-1
10166,1440,9948,-1
10167,1276,52,-1
10168,20,308,1
10169,1440,141,-1
10170,1276,11,-1
10171,1440,154,-1
10172,1276,11,-1
10173,20,46,1
10174,563,503,1
10175,20,185,-1
10176,1440,26607,-1
10177,550,47,-1
10178,20,14,1
10179,563,1461,1
10180,20,190,-1
10181,1480,2630,1
10182,131,40,1
10183,20,124,-1
10184,1077,124276,-1
10185,563,331,1
10186,20,102,-1
10187,563,747,1
10188,20,72,-1
10189,563,127511,-1
10190,20,37968,1
10191,563,8091,1
10192,20,146,-1
10193,563,138729,-1
10194,20,36995,1
10195,563,265308,-1
10196,20,53,1
10197,1077,167352,-1
10198,20,97,1
10199,563,3642,1
10200,20,115,-1
10201,563,128731,-1
10202,20,38888,1
10203,1077,26316,1
10204,20,174,-1
10205,1077,224,1
10206,20,73,-1
10207,563,128062,-1
10208,20,36,1
10209,563,1948,1
10210,20,119,-1
10211,563,141837,1
10212,20,176,-1
10213,563,164093,-1
10214,20,36317,1
10215,563,167946,-1
10216,20,52,1
10217,1077,164508,-1
10218,20,48,1
10219,563,1400,1
10220,20,163,-1
10221,563,128144,-1
10222,20,37771,1
10223,563,299889,1
10224,20,154,-1
10225,1077,338249,1
10226,20,191,-1
10227,563,207,1
10228,20,75,-1
10229,563,451922,-1
10230,20,47,1
10231,1077,992,1
10232,20,94,-1
10233,563,126423,-1
10234,563,2544,1
10235,20,149,-1
10236,563,327,1
10237,20,86,-1
10238,563,138,1
10239,20,84,-1
10240,563,338161,-1
10241,20,39189,1
10242,563,128762,-1
10243,20,41,1
10244,1077,341,1
10245,20,101,-1
10246,563,131497,-1
10247,1077,655,1
10248,20,293,-1
10249,563,128300,-1
10250,20,37906,1
10251,563,132755,-1
10252,20,59,1
10253,563,144870,1
10254,20,238,-1
10255,563,54618,-1
10256,20,38,1
10257,563,3945477,1
10258,20,144,-1
10259,563,92689,-1
10260,20,38,1
10261,1480,145159,1
10262,131,233,1
10263,20,195,-1
10264,1440,17729,-1
10265,20,40,1
10266,171,40,-1
10267,20,8,1
10268,1077,127678,-1
10269,20,38,1
10270,1077,9635,1
10271,20,917,-1
10272,1077,456518,-1
10273,20,39977,1
10274,1358,58007,-1
10275,20,36,1
10276,563,1396,1
10277,20,325,-1
10278,282,28065,-1
10279,563,360,1
10280,20,87,-1
10281,563,171817,-1
10282,563,2695,1
10283,20,397,-1
10284,563,233983,-1
10285,563,959,1
10286,20,365,-1
10287,563,494259,-1
10288,1077,8677,1
10289,20,151,-1
10290,563,127,1
10291,20,62,-1
10292,1077,358407,-1
10293,20,39358,1
10294,563,105059,1
10295,20,186,-1
10296,563,22916,-1
10297,20,43,1
10298,563,1725,1
10299,20,170,-1
10300,563,429174,-1
10301,20,36122,1
10302,563,142182,-1
10303,20,40,1
10304,1077,299,1
10305,20,85,-1
10306,563,822368,-1
10307,20,38502,1
10308,1077,584201,1
10309,20,191,-1
10310,1077,367,1
10311,20,64,-1
10312,1077,143,1
10313,20,88,-1
10314,563,473776,-1
10315,20,58,1
10316,1077,12711,1
10317,20,189,-1
10318,563,114929,-1
10319,20,36770,1
10320,563,128423,-1
10321,20,206,1
10322,563,210970,-1
10323,20,56,1
10324,1480,1737521,1
10325,131,98,1
10326,20,57,-1
10327,563,457614,-1
10328,20,70,1
10329,1077,2253260,1
10330,20,226,-1
10331,1077,346991,-1
10332,20,108,1
10333,563,1941405,1
10334,20,132,-1
10335,563,263308,-1
10336,20,108,1
10337,563,2738173,1
10338,20,204,-1
10339,563,288,1
10340,20,166,-1
10341,563,250572,-1
10342,20,50,1
10343,563,127548,-1
10344,20,40,1
10345,563,622541,1
10346,20,154,-1
10347,563,465131,-1
10348,20,104,1
10349,563,437,1
10350,20,500,-1
10351,1480,2290342,1
10352,645,157,1
10353,20,87,-1
10354,563,243392,1
10355,20,649,-1
10356,563,449112,-1
10357,20,38761,1
10358,1077,96798,1
10359,20,159,-1
10360,1480,168894,1
10361,1159,108,1
10362,20,54,-1
10363,563,395666,-1
10364,20,56,1
10365,1480,604130,1
10366,1159,91,1
10367,20,123,-1
10368,563,61,1
10369,20,103,-1
10370,563,250712,1
10371,20,159,-1
10372,563,252,1
10373,20,154,-1
10374,563,538,1
10375,20,211,-1
10376,563,243474,-1
10377,20,55,1
10378,563,199679,-1
10379,20,84,1
10380,563,127586,-1
10381,20,36,1
10382,1480,178555,1
10383,131,107,1
10384,20,91,-1
10385,563,2251610,1
10386,20,382,-1
10387,563,246486,-1
10388,20,78,1
10389,1480,504342,1
10390,1480,116,1
10391,20,108,-1
10392,213,45,1
10393,20,63,-1
10394,563,1116746,-1
10395,20,66,1
10396,563,1134562,1
10397,20,360,-1
10398,563,474,1
10399,20,436,-1
10400,563,238963,-1
10401,20,76,1
10402,563,199198,-1
10403,20,135,1
10404,1077,11123,1
10405,20,242,-1
10406,1480,7184,1
10407,131,51,1
10408,20,102,-1
10409,1440,374454,-1
10410,171,47,-1
10411,20,202,1
10412,563,168456,1
10413,20,168,-1
10414,563,330889,-1
10415,20,36350,1
10416,563,964433,-1
10417,20,97,1
10418,1077,5285,1
10419,20,242,-1
10420,1077,128,1
10421,20,95,-1
10422,1077,392989,-1
10423,20,39663,1
10424,563,230825,1
10425,20,162,-1
10426,563,228765,-1
10427,20,80,1
10428,563,127544,-1
10429,20,40,1
10430,1077,128159,-1
10431,20,36,1
10432,563,128357,-1
10433,20,38,1
10434,1077,127892,-1
10435,20,39,1
10436,1077,5112455,1
10437,20,150,-1
10438,1480,20663,1
10439,131,92,1
10440,20,45,-1
10441,1077,368216,-1
10442,20,56,1
10443,563,186072,-1
10444,20,70,1
10445,563,138525,-1
10446,20,39,1
10447,563,127493,-1
10448,20,38,1
10449,563,808,1
10450,20,108,-1
10451,1480,55666,1
10452,1480,120,1
10453,20,75,-1
10454,213,71,1
10455,20,87,-1
10456,563,673377,-1
10457,1077,5990,1
10458,20,217,-1
10459,563,127974,-1
10460,20,38155,1
10461,563,127461,-1
10462,20,68,1
10463,563,199085,-1
10464,20,48,1
10465,563,828155,1
10466,20,404,-1
10467,563,473866,-1
10468,20,95,1
10469,1077,2854956,1
10470,20,319,-1
10471,1077,2185,1
10472,20,136,-1
10473,563,5368,1
10474,20,192,-1
10475,1077,332617,-1
10476,20,61,1
10477,563,199558,-1
10478,20,38,1
10479,563,1976,1
10480,20,360,-1
10481,563,125722,-1
10482,20,36365,1
10483,563,337445,-1
10484,20,65,1
10485,1480,346,1
10486,131,56,1
10487,20,58,-1
10488,563,604749,-1
10489,20,36724,1
10490,563,127861,-1
10491,20,45,1
10492,1480,3190955,1
10493,131,107,1
10494,20,247,-1
10495,1077,435285,-1
10496,20,52,1
10497,563,202291,-1
10498,20,36,1
10499,1480,118073,1
10500,131,99,1
10501,20,78,-1
10502,563,380428,-1
10503,20,47,1
10504,1077,1865264,1
10505,20,445,-1
10506,563,434374,-1
10507,20,47,1
10508,563,127812,-1
10509,20,61,1
10510,563,1439396,1
10511,20,161,-1
10512,563,427567,-1
10513,20,46,1
10514,563,5218545,1
10515,20,166,-1
10516,563,1001163,1
10517,20,155,-1
10518,1077,998924,1
10519,20,133,-1
10520,1077,1000992,1
10521,20,195,-1
10522,563,349404,1
10523,20,207,-1
10524,563,426453,-1
10525,20,84,1
10526,563,1224453,1
10527,20,211,-1
10528,563,1806334,1
10529,20,153,-1
10530,1480,698,1
10531,131,82,1
10532,20,48,-1
10533,563,297265,-1
10534,20,47,1
10535,563,130187,-1
10536,20,39,1
10537,563,374367,-1
10538,20,82,1
10539,563,394102,1
10540,20,394,-1
10541,1480,2478670,1
10542,131,35,1
10543,20,169,-1
10544,563,319777,-1
10545,20,47,1
10546,563,205012,1
10547,20,149,-1
10548,563,476253,1
10549,20,147,-1
10550,563,184847,-1
10551,20,42,1
10552,1077,264544,1
10553,20,172,-1
10554,1077,340185,-1
10555,20,50,1
10556,563,210294,1
10557,20,155,-1
10558,1077,286384,-1
10559,20,56,1
10560,1077,236941,1
10561,20,150,-1
10562,1480,2000342,1
10563,645,91,1
10564,20,168,-1
10565,1077,54,1
10566,20,107,-1
10567,563,478024,1
10568,20,154,-1
10569,1077,156024,-1
10570,20,44,1
10571,563,365679,1
10572,20,160,-1
10573,563,479479,1
10574,20,150,-1
10575,563,151670,-1
10576,20,66,1
10577,1077,1316,1
10578,20,209,-1
10579,563,126611,-1
10580,20,36676,1
10581,563,684071,1
10582,20,158,-1
10583,1077,520024,1
10584,20,170,-1
10585,563,97902,-1
10586,20,33,1
10587,1480,902894,1
10588,645,102,1
10589,20,59,-1
10590,563,1480041,1
10591,20,711,-1
10592,563,437629,-1
10593,20,51,1
10594,563,82031,1
10595,20,199,-1
10596,563,485065,1
10597,20,424,-1
10598,563,227236,-1
10599,20,51,1
10600,1480,287894,1
10601,131,131,1
10602,20,60,-1
10603,563,133,1
10604,20,66,-1
10605,563,484352,1
10606,20,144,-1
10607,563,87,1
10608,20,58,-1
10609,563,383202,-1
10610,20,92,1
10611,563,127136,-1
10612,20,37,1
10613,1480,6038,1
10614,645,169,1
10615,20,63,-1
10616,1480,121,1
10617,131,78,1
10618,20,67,-1
10619,563,999246,1
10620,20,321,-1
10621,563,485655,1
10622,20,129,-1
10623,1077,183954,-1
10624,20,37837,1
10625,563,1293073,1
10626,20,144,-1
10627,1077,1000183,1
10628,20,166,-1
10629,563,486558,1
10630,20,541,-1
10631,1077,164520,-1
10632,20,39,1
10633,563,135262,-1
10634,20,59,1
10635,1077,213438,1
10636,20,144,-1
10637,563,489655,1
10638,20,474,-1
10639,1077,162345,-1
10640,20,61,1
10641,563,839066,1
10642,20,174,-1
10643,563,237805,-1
10644,20,59,1
10645,563,764286,1
10646,20,627,-1
10647,563,158283,-1
10648,20,60,1
10649,1077,129436,1
10650,20,176,-1
10651,1480,329,1
10652,131,40,1
10653,20,99,-1
10654,1077,217791,1
10655,20,265,-1
10656,1077,171,1
10657,20,253,-1
10658,563,59247,-1
10659,20,97,1
10660,1077,128036,-1
10661,20,100,1
10662,563,322408,-1
10663,20,52,1
10664,1480,2634,1
10665,131,88,1
10666,20,168,-1
10667,563,80,1
10668,20,57,-1
10669,1440,428241,-1
10670,171,48,-1
10671,20,102,1
10672,1077,55818,1
10673,20,143,-1
10674,563,71666,-1
10675,1077,303,1
10676,20,117,-1
10677,563,747190,-1
10678,20,39758,1
10679,1358,63514,-1
10680,20,38,1
10681,282,23653,-1
10682,20,36,1
10683,563,53851,1
10684,20,161,-1
10685,1077,469,1
10686,20,83,-1
10687,1077,542,1
10688,20,118,-1
10689,1358,24060,-1
10690,20,37,1
10691,282,798556,-1
10692,20,62,1
10693,563,268,1
10694,20,244,-1
10695,1077,126811,-1
10696,20,39357,1
10697,563,9269,1
10698,20,149,-1
10699,563,999431,1
10700,20,118,-1
10701,563,355,1
10702,20,71,-1
10703,1077,881,1
10704,20,116,-1
10705,563,2512914,1
10706,20,524,-1
10707,563,404241,-1
10708,20,126,1
10709,563,1599785,1
10710,20,118,-1
10711,563,361551,-1
10712,20,54,1
10713,563,128116,-1
10714,20,36,1
10715,1077,1899459,1
10716,20,176,-1
10717,563,300147,-1
10718,20,60,1
10719,563,128562,-1
10720,20,42,1
10721,563,1660696,1
10722,20,158,-1
10723,1077,714,1
10724,20,72,-1
10725,563,438854,-1
10726,20,48,1
10727,563,128598,-1
10728,20,37,1
10729,563,1432347,1
10730,20,140,-1
10731,1480,1000258,1
10732,131,89,1
10733,20,78,-1
10734,563,999690,1
10735,20,134,-1
10736,1077,517574,1
10737,20,139,-1
10738,563,51,1
10739,20,46,-1
10740,563,138044,-1
10741,20,57,1
10742,563,130233,-1
10743,20,61,1
10744,1106,127422,-1
10745,20,36,1
10746,563,86747,1
10747,20,165,-1
10748,1077,1000321,1
10749,20,159,-1
10750,563,1000151,1
10751,20,124,-1
10752,1480,62092,1
10753,131,82,1
10754,20,82,-1
10755,563,216920,-1
10756,20,193,1
10757,563,782546,1
10758,20,308,-1
10759,563,93,1
10760,20,181,-1
10761,563,592416,-1
10762,20,52,1
10763,563,127621,-1
10764,20,38,1
10765,563,280902,1
10766,20,232,-1
10767,563,438554,-1
10768,20,53,1
10769,563,4496773,1
10770,20,276,-1
10771,563,1000154,1
10772,20,579,-1
10773,563,2000240,1
10774,20,142,-1
10775,563,1064668,1
10776,20,497,-1
10777,563,421443,-1
10778,20,50,1
10779,563,127878,-1
10780,20,195,1
10781,563,3237,1
10782,20,1770,-1
10783,1077,880,1
10784,20,356,-1
10785,563,121757,-1
10786,20,36154,1
10787,1480,8500140,1
10788,131,97,1
10789,20,93,-1
10790,563,288893,-1
10791,20,56,1
10792,563,4709642,1
10793,20,138,-1
10794,563,626519,-1
10795,20,52,1
10796,563,2376396,1
10797,20,151,-1
10798,563,529902,-1
10799,20,53,1
10800,563,748,1
10801,20,247,-1
10802,1077,185,1
10803,20,261,-1
10804,563,125816,-1
10805,20,39716,1
10806,563,15204,1
10807,20,756,-1
10808,1077,436,1
10809,20,216,-1
10810,563,287828,1
10811,20,121,-1
10812,563,172168,-1
10813,20,36,1
10814,1358,142643,-1
10815,20,51,1
10816,282,24734,-1
10817,20,36,1
10818,1077,662074,1
10819,20,457,-1
10820,563,386601,-1
10821,20,154,1
10822,1077,3365,1
10823,20,493,-1
10824,1077,79742,1
10825,20,147,-1
10826,1077,138,1
10827,20,129,-1
10828,563,46958,-1
10829,20,38752,1
10830,563,90507,-1
10831,20,51,1
10832,1077,169914,-1
10833,20,154,1
10834,563,2792902,-1
10835,20,37,1
10836,563,97117,1
10837,20,489,-1
10838,1077,1723,1
10839,20,462,-1
10840,563,3119997,-1
10841,20,156,1
10842,1077,3451534,1
10843,20,360,-1
10844,1480,535,1
10845,131,102,1
10846,20,289,-1
10847,563,293220,-1
10848,20,53,1
10849,1077,127564,-1
10850,20,57,1
10851,563,488877,-1
10852,20,102,1
10853,1077,8295,1
10854,20,562,-1
10855,563,1244,1
10856,20,562,-1
10857,563,1463,1
10858,20,312,-1
10859,1077,313709,-1
10860,20,36117,1
10861,563,128789,-1
10862,20,102,1
10863,563,127892,-1
10864,20,87,1
10865,1077,844,1
10866,20,264,-1
10867,563,615001,-1
10868,20,38454,1
10869,1358,77797,-1
10870,20,50,1
10871,282,50354,-1
10872,20,51,1
10873,1077,127747,-1
10874,20,39,1
10875,1077,980909,1
10876,20,168,-1
10877,563,1001007,1
10878,20,281,-1
10879,563,576194,1
10880,20,310,-1
10881,563,620177,-1
10882,20,51,1
10883,563,2801850,1
10884,20,168,-1
10885,563,578136,1
10886,20,149,-1
10887,563,151887,-1
10888,20,45,1
10889,1077,1164108,1
10890,20,164,-1
10891,563,108538,1
10892,20,344,-1
10893,1077,195134,-1
10894,20,375,1
10895,1077,5377507,1
10896,20,149,-1
10897,563,37,1
10898,20,60,-1
10899,563,157277,-1
10900,20,37,1
10901,1106,128049,-1
10902,20,56,1
10903,1358,41538,-1
10904,20,164,1
10905,825,123673,-1
10906,20,97,1
10907,1077,3550348,1
10908,20,168,-1
10909,563,94,1
10910,20,65,-1
10911,1480,287695,1
10912,131,51,1
10913,20,397,-1
10914,563,93761,-1
10915,20,36,1
10916,563,37294,1
10917,20,317,-1
10918,1077,298,1
10919,20,138,-1
10920,1440,336328,-1
10921,20,81,1
10922,1440,41,-1
10923,20,29,1
10924,399,24,-1
10925,20,14,1
10926,1116,131255,-1
10927,20,77,1
10928,563,127846,-1
10929,20,51,1
10930,563,128272,-1
10931,20,36,1
10932,563,1276787,1
10933,20,488,-1
10934,1077,2613,1
10935,20,441,-1
10936,563,395979,-1
10937,20,53,1
10938,563,128313,-1
10939,20,98,1
10940,1077,17365016,1
10941,20,156,-1
10942,563,261503,-1
10943,20,55,1
10944,563,128000,-1
10945,20,40,1
10946,1480,51605,1
10947,131,32,1
10948,20,118,-1
10949,563,278999,-1
10950,20,63,1
10951,1480,16183269,1
10952,131,39,1
10953,20,118,-1
10954,563,281754,-1
10955,20,92,1
10956,1440,151127,-1
10957,20,36,1
10958,171,37,-1
10959,20,10,1
10960,563,3221477,-1
10961,20,41,1
10962,1077,4065,1
10963,20,217,-1
10964,563,87,1
10965,20,82,-1
10966,1077,152160,1
10967,1480,375,1
10968,20,87,-1
10969,131,20,1
10970,20,92,-1
10971,563,164426,-1
10972,20,36821,1
10973,1077,128016,-1
10974,20,60,1
10975,1358,84085,-1
10976,20,45,1
10977,1077,401,1
10978,20,188,-1
10979,282,43787,-1
10980,20,38954,1
10981,563,2349256,1
10982,20,209,-1
10983,563,415901,-1
10984,20,55,1
10985,563,767,1
10986,20,174,-1
10987,1077,200,1
10988,20,118,-1
10989,563,125900,-1
10990,20,37867,1
10991,563,1362468,-1
10992,20,97,1
10993,1077,166211,-1
10994,20,97,1
10995,563,5074151,-1
10996,20,47,1
10997,1077,127700,-1
10998,20,19,1
10999,1480,10000320,1
11000,131,77,1
11001,20,131,-1
11002,563,296351,-1
11003,20,154,1
11004,563,17696833,1
11005,20,163,-1
11006,1077,1107697,1
11007,20,195,-1
11008,1480,1206547,1
11009,131,69,1
11010,20,61,-1
11011,1077,3796439,1
11012,20,153,-1
11013,563,1891665,1
11014,20,164,-1
11015,1077,346,1
11016,20,126,-1
11017,563,1671231,1
11018,20,410,-1
11019,1480,674643,1
11020,131,72,1
11021,20,81,-1
11022,563,1997807,1
11023,20,185,-1
11024,563,1638233,-1
11025,20,55,1
11026,563,362509,1
11027,563,90,1
11028,20,77,-1
11029,20,19,-1
11030,1077,990591,1
11031,20,286,-1
11032,563,1013662,1
11033,20,156,-1
11034,1077,2000221,1
11035,20,181,-1
11036,563,983812,1
11037,20,163,-1
11038,1077,1015073,1
11039,20,167,-1
11040,563,1705091,1
11041,20,205,-1
11042,563,291124,1
11043,20,178,-1
11044,563,2003334,1
11045,20,231,-1
11046,563,29796,-1
11047,20,36,1
11048,563,1555477,1
11049,20,118,-1
11050,563,413865,1
11051,20,371,-1
11052,563,2000756,1
11053,20,153,-1
11054,563,2001518,1
11055,20,245,-1
11056,563,1996322,1
11057,20,162,-1
11058,563,2002806,1
11059,20,178,-1
11060,1077,857147,-1
11061,20,77,1
11062,1077,147433,1
11063,20,325,-1
11064,563,1000288,1
11065,20,148,-1
11066,563,1000041,1
11067,20,226,-1
11068,563,1001514,1
11069,20,236,-1
11070,563,994501,1
11071,20,175,-1
11072,563,998570,1
11073,20,183,-1
11074,563,1012104,1
11075,20,160,-1
11076,563,989070,1
11077,20,165,-1
11078,563,1004572,1
11079,20,184,-1
11080,563,766701,-1
11081,20,51,1
11082,563,230574,1
11083,20,176,-1
11084,563,1002257,1
11085,20,155,-1
11086,563,128860,-1
11087,20,36,1
11088,563,1869,1
11089,20,123,-1
11090,563,136403,-1
11091,563,1974,1
11092,20,153,-1
11093,563,153862,-1
11094,1077,2274,1
11095,20,145,-1
11096,563,235646,-1
11097,1077,311,1
11098,20,145,-1
11099,563,127502,-1
11100,1077,285,1
11101,20,136,-1
11102,563,128488,-1
11103,20,37753,1
11104,563,42611,1
11105,20,181,-1
11106,563,86087,-1
11107,20,56,1
11108,1077,1967839,1
11109,20,200,-1
11110,1480,1953761,1
11111,131,41,1
11112,20,125,-1
11113,1077,2098623,1
11114,20,211,-1
11115,563,1901010,1
11116,20,204,-1
11117,563,2003392,1
11118,20,142,-1
11119,563,2006608,1
11120,20,154,-1
11121,1077,2069656,1
11122,20,176,-1
11123,563,1929323,1
11124,20,190,-1
11125,1077,209568,-1
11126,20,66,1
11127,563,1790581,1
11128,20,164,-1
11129,563,2012343,1
11130,20,154,-1
11131,563,2008878,1
11132,20,267,-1
11133,563,2018177,1
11134,20,180,-1
11135,1077,495893,1
11136,20,173,-1
11137,563,231137,-1
11138,20,51,1
11139,563,177267,1
11140,20,257,-1
11141,20,1069053,1
11142,20,130110,-1
11143,20,126,1
11144,260,473,1
11145,20,339,-1
11146,1077,86313,-1
11147,20,61,1
11148,764,45650,-1
11149,20,99,1
11150,146,5870,1
11151,20,286,-1
11152,71,131101,-1
11153,58,596,1
11154,20,247,-1
11155,1440,129470,-1
11156,93,51,-1
11157,20,13,1
11158,1077,1137,1
11159,20,280,-1
11160,563,139907,-1
11161,563,3657,1
11162,20,412,-1
11163,563,246607,1
11164,20,524,-1
11165,563,2193264,1
11166,1077,103,1
11167,20,51,-1
11168,20,36,-1
11169,563,156002,-1
11170,563,2099,1
11171,20,113,-1
11172,563,128495,-1
11173,563,6239,1
11174,20,326,-1
11175,563,128158,-1
11176,563,2583,1
11177,20,114,-1
11178,563,129020,-1
11179,563,4461,1
11180,20,198,-1
11181,563,200266,-1
11182,1480,5485,1
11183,1480,83,1
11184,20,60,-1
11185,1201,56,1
11186,20,78,-1
11187,1480,117,1
11188,1480,66,1
11189,20,70,-1
11190,1201,54,1
11191,20,51,-1
11192,1480,108,1
11193,1480,64,1
11194,20,53,-1
11195,1201,64,1
11196,20,59,-1
11197,1480,116,1
11198,1480,79,1
11199,20,52,-1
11200,1201,48,1
11201,20,59,-1
11202,209,73,1
11203,20,56,-1
11204,1480,144,1
11205,1480,66,1
11206,20,51,-1
11207,1041,60,1
11208,20,60,-1
11209,1480,120,1
11210,1480,68,1
11211,20,51,-1
11212,1201,60,1
11213,20,48,-1
11214,1480,115,1
11215,1480,71,1
11216,20,49,-1
11217,1201,61,1
11218,20,47,-1
11219,1480,115,1
11220,1480,58,1
11221,1201,66,1
11222,20,49,-1
11223,369,74,1
11224,20,67,-1
11225,1480,147,1
11226,1480,67,1
11227,1201,61,1
11228,20,49,-1
11229,1480,114,1
11230,1480,62,1
11231,1201,61,1
11232,20,48,-1
11233,1480,112,1
11234,1480,64,1
11235,1201,61,1
11236,20,63,-1
11237,1480,84,1
11238,1480,64,1
11239,1201,61,1
11240,20,49,-1
11241,209,59,1
11242,20,49,-1
11243,1480,82,1
11244,1480,66,1
11245,1041,61,1
11246,20,46,-1
11247,1480,97,1
11248,1480,54,1
11249,1201,51,1
11250,20,46,-1
11251,1480,94,1
11252,885,58,1
11253,20,50,-1
11254,563,124140,-1
11255,20,2089,-1
11256,20,34471,1
11257,1358,82679,-1
11258,20,51,1
11259,1440,6139,-1
11260,20,46,1
11261,1276,45,-1
11262,20,9,1
11263,748,3272,-1
11264,20,36,1
11265,1358,23724,-1
11266,20,64,1
11267,1358,38005,-1
11268,20,37914,1
11269,1440,28127,-1
11270,1440,243,-1
11271,20,46,1
11272,1194,104,-1
11273,1440,26,-1
11274,1440,18,-1
11275,1194,15,-1
11276,20,122,1
11277,1440,36359,-1
11278,1440,55,-1
11279,20,15,1
11280,1194,16,-1
11281,20,636,1
11282,1358,36712,-1
11283,1440,83,-1
11284,20,25,1
11285,1276,47,-1
11286,20,782,1
11287,1440,53080,-1
11288,1440,54,-1
11289,20,18,1
11290,1194,44,-1
11291,1440,11,-1
11292,1440,6,-1
11293,1440,5,-1
11294,1112,5,-1
11295,1358,5,-1
11296,20,18,1
11297,1440,258033,-1
11298,20,66,1
11299,1440,17,-1
11300,20,9,1
11301,1194,19,-1
11302,20,7,1
11303,1440,14,-1
11304,20,6,1
11305,1440,13,-1
11306,20,6,1
11307,1194,13,-1
11308,20,5,1
11309,1440,12,-1
11310,20,7,1
11311,1440,12,-1
11312,20,5,1
11313,1440,13,-1
11314,20,6,1
11315,1440,12,-1
11316,20,6,1
11317,1440,12,-1
11318,20,30,1
11319,1440,14,-1
11320,20,8,1
11321,1440,15,-1
11322,1440,4,-1
11323,1440,4,-1
11324,1440,4,-1
11325,538,39,-1
11326,1440,3,-1
11327,1440,4,-1
11328,1077,3201,1
11329,20,116,-1
11330,563,987,1
11331,20,238,-1
11332,563,123,1
11333,20,344,-1
11334,1077,216,1
11335,20,173,-1
11336,563,88,1
11337,20,197,-1
11338,563,56,1
11339,20,95,-1
11340,563,138,1
11341,20,191,-1
11342,563,16,1
11343,20,107,-1
11344,563,83,1
11345,20,71,-1
11346,563,17,1
11347,20,48,-1
11348,563,471,1
11349,20,97,-1
11350,563,569,1
11351,20,54,-1
11352,563,225,1
11353,20,78,-1
11354,563,176434,-1
11355,20,41,1
11356,1077,340,1
11357,20,97,-1
11358,563,2357,-1
11359,1358,8665,-1
11360,1077,302,1
11361,20,113,-1
11362,1358,11446,-1
11363,1077,385,1
11364,20,117,-1
11365,1077,17,1
11366,20,81,-1
11367,20,15945,1
11368,563,39366,1
11369,20,380,-1
11370,1116,48918,-1
11371,20,39370,1
11372,563,1183,-1
11373,20,35,1
11374,563,1528,1
11375,20,129,-1
11376,563,67,1
11377,20,84,-1
11378,1358,84322,-1
11379,20,75,1
11380,563,1595,1
11381,20,240,-1
11382,563,1790,1
11383,20,211,-1
11384,1480,3288,1
11385,645,216,1
11386,20,246,-1
11387,854,30319,-1
11388,1077,3246,1
11389,20,239,-1
11390,563,736,-1
11391,20,36,1
11392,563,2375,1
11393,20,660,-1
11394,563,125260,-1
11395,20,38110,1
11396,1358,37125,-1
11397,20,45,1
11398,1358,58,-1
11399,1358,11,-1
11400,20,143,1
11401,1077,350,1
11402,20,200,-1
11403,1358,6143,-1
11404,563,5802,1
11405,20,99,-1
11406,1077,432,1
11407,20,100,-1
11408,1077,1029,1
11409,20,82,-1
11410,1358,61973,-1
11411,729,15578,-1
11412,20,37,1
11413,563,1039,1
11414,20,126,-1
11415,563,127413,-1
11416,1077,993,1
11417,20,329,-1
11418,1358,43565,-1
11419,20,37363,1
11420,1358,45264,-1
11421,20,38219,1
11422,1058,1380,-1
11423,20,214,1
11424,563,2609,1
11425,20,263,-1
11426,563,125346,-1
11427,563,1884,1
11428,20,288,-1
11429,1358,122368,-1
11430,311,3959,-1
11431,20,126,1
11432,1077,2348,1
11433,20,137,-1
11434,563,34406,1
11435,20,186,-1
11436,1077,955,1
11437,20,164,-1
11438,563,1049,1
11439,20,180,-1
11440,563,205,1
11441,20,146,-1
11442,563,218354,-1
11443,20,0,1
11444,563,24191,-1
11445,1358,27993,-1
11446,20,52,1
11447,311,129108,-1
11448,1077,602,1
11449,20,326,-1
11450,563,227113,-1
11451,563,947,1
11452,20,102,-1
11453,563,235,1
11454,20,69,-1
11455,1077,247,1
11456,20,88,-1
11457,1106,65590,-1
11458,20,39,1
11459,563,164291,-1
11460,563,32094,1
11461,20,239,-1
11462,20,5548,1
11463,563,162744,-1
11464,20,82,1
11465,1440,23928,-1
11466,20,45,1
11467,1276,51,-1
11468,20,14,1
11469,457,104490,-1
11470,20,41,1
11471,563,1331,1
11472,20,396,-1
11473,1077,23814,1
11474,20,140,-1
11475,563,348734,-1
11476,1358,7267,-1
11477,20,36,1
11478,1358,9371,-1
11479,20,37506,1
11480,1000,81115,-1
11481,20,43,1
11482,563,1343,1
11483,20,130,-1
11484,563,191264,1
11485,20,540,-1
11486,563,998609,1
11487,20,164,-1
11488,1480,487082,1
11489,131,36,1
11490,20,149,-1
11491,563,257842,1
11492,20,510,-1
11493,563,127422,-1
11494,20,36360,1
11495,563,521101,-1
11496,20,158,1
11497,563,312974,1
11498,20,159,-1
11499,563,254786,1
11500,20,251,-1
11501,563,1998980,1
11502,20,155,-1
11503,1480,1033353,1
11504,131,89,1
11505,20,116,-1
11506,1077,373777,-1
11507,20,55,1
11508,563,979,1
11509,20,105,-1
11510,1480,2578,1
11511,131,28,1
11512,20,96,-1
11513,1077,543461,-1
11514,563,1704,1
11515,20,228,-1
11516,1077,3192,1
11517,20,200,-1
11518,563,41240,1
11519,20,712,-1
11520,563,355429,-1
11521,1358,867,-1
11522,20,61,1
11523,1358,2763,-1
11524,1358,81,-1
11525,20,30,1
11526,1358,274,-1
11527,1440,2151,-1
11528,20,55,1
11529,1276,114,-1
11530,1440,8652,-1
11531,20,36,1
11532,1276,37,-1
11533,1358,5929,-1
11534,20,83,1
11535,1440,107930,-1
11536,1440,92,-1
11537,20,28,1
11538,1440,44,-1
11539,1112,15,-1
11540,20,19,1
11541,1440,2544,-1
11542,1440,33,-1
11543,20,10,1
11544,1440,30,-1
11545,1112,7,-1
11546,20,9,1
11547,563,380,1
11548,20,199,-1
11549,1440,1779,-1
11550,1440,43,-1
11551,20,19,1
11552,1194,55,-1
11553,1440,13,-1
11554,20,12,1
11555,1440,46,-1
11556,1194,13,-1
11557,20,15,1
11558,563,495,1
11559,20,272,-1
11560,890,7810,-1
11561,20,36367,1
11562,1358,266891,-1
11563,20,50,1
11564,1440,184,-1
11565,20,15,1
11566,889,30,-1
11567,20,8,1
11568,1358,3211,-1
11569,20,18,1
11570,1440,2250,-1
11571,20,18,1
11572,1276,37,-1
11573,20,10,1
11574,1358,6402,-1
11575,20,45,1
11576,1440,4750,-1
11577,20,22,1
11578,1276,57,-1
11579,20,10,1
11580,1358,52,-1
11581,20,13,1
11582,1440,28,-1
11583,20,10,1
11584,1276,15,-1
11585,20,7,1
11586,563,337,1
11587,20,104,-1
11588,1440,989,-1
11589,1440,24,-1
11590,20,9,1
11591,1194,21,-1
11592,1358,59,-1
11593,20,11,1
11594,1358,5426,-1
11595,1358,49,-1
11596,20,15,1
11597,1440,35,-1
11598,1440,8,-1
11599,20,10,1
11600,1194,25,-1
11601,1440,1861,-1
11602,20,22,1
11603,1276,22,-1
11604,563,735,1
11605,20,59,-1
11606,1358,5313,-1
11607,20,36177,1
11608,1077,11170,1
11609,20,171,-1
11610,1358,48943,-1
11611,1440,49,-1
11612,20,16,1
11613,1440,33,-1
11614,1440,9,-1
11615,20,9,1
11616,1139,21,-1
11617,20,419,1
11618,563,291,1
11619,20,74,-1
11620,1440,2326,-1
11621,1276,46,-1
11622,20,11,1
11623,1358,2691,-1
11624,1440,53,-1
11625,20,15,1
11626,1276,30,-1
11627,1358,7,-1
11628,20,7,1
11629,1440,6412,-1
11630,1276,48,-1
11631,20,10,1
11632,563,356,1
11633,20,108,-1
11634,563,487,1
11635,20,74,-1
11636,1440,5933,-1
11637,1440,23,-1
11638,20,8,1
11639,1440,22,-1
11640,1112,7,-1
11641,20,6,1
11642,1440,305,-1
11643,1440,10,-1
11644,20,7,1
11645,1194,39,-1
11646,1358,7,-1
11647,20,9,1
11648,1358,21,-1
11649,1358,115,-1
11650,1358,7,-1
11651,20,48,1
11652,530,112039,-1
11653,563,279,1
11654,20,156,-1
11655,563,591,1
11656,20,86,-1
11657,1440,73963,-1
11658,1276,86,-1
11659,20,25,1
11660,1358,381,-1
11661,1440,258,-1
11662,20,236,1
11663,1276,53,-1
11664,1440,5659,-1
11665,20,41,1
11666,1276,90,-1
11667,1358,764,-1
11668,20,37,1
11669,1440,3682,-1
11670,1440,31,-1
11671,20,11,1
11672,1194,16,-1
11673,1440,219,-1
11674,20,15,1
11675,1276,72,-1
11676,1358,9,-1
11677,20,10,1
11678,1440,1154,-1
11679,1276,26,-1
11680,20,10,1
11681,1358,37,-1
11682,1358,10,-1
11683,20,36,1
11684,1440,1492,-1
11685,1440,30,-1
11686,20,10,1
11687,1440,36,-1
11688,1112,10,-1
11689,20,9,1
11690,1440,25,-1
11691,1276,10,-1
11692,20,150,1
11693,1358,465,-1
11694,563,87,1
11695,20,145,-1
11696,563,504,1
11697,20,162,-1
11698,1440,1480,-1
11699,1440,37,-1
11700,20,10,1
11701,1194,18,-1
11702,1358,269,-1
11703,20,23,1
11704,1358,29,-1
11705,1358,7,-1
11706,20,9,1
11707,1358,22,-1
11708,1358,146,-1
11709,20,33,1
11710,1440,730,-1
11711,1276,40,-1
11712,20,15,1
11713,563,591,1
11714,20,247,-1
11715,1440,5718,-1
11716,1440,36,-1
11717,20,11,1
11718,1194,17,-1
11719,1440,648,-1
11720,20,31,1
11721,1276,62,-1
11722,1358,14,-1
11723,20,13,1
11724,563,472,1
11725,1358,262,-1
11726,20,30,-1
11727,1440,619,-1
11728,20,25,1
11729,1276,49,-1
11730,20,38231,1
11731,1440,3134,-1
11732,20,30,1
11733,1276,20,-1
11734,20,10,1
11735,1440,59993,-1
11736,20,51,1
11737,1440,66,-1
11738,20,20,1
11739,1440,36,-1
11740,20,19,1
11741,1112,37,-1
11742,20,20,1
11743,1440,837,-1
11744,20,26,1
11745,1440,60,-1
11746,20,20,1
11747,511,37,-1
11748,1440,14,-1
11749,20,15,1
11750,1440,36,-1
11751,20,19,1
11752,1194,31,-1
11753,20,15,1
11754,1440,4621,-1
11755,20,28,1
11756,1440,58,-1
11757,20,20,1
11758,1440,37,-1
11759,20,20,1
11760,1112,36,-1
11761,20,19,1
11762,563,1067,1
11763,20,305,-1
11764,1440,3976,-1
11765,1440,52,-1
11766,20,15,1
11767,1194,21,-1
11768,1440,7,-1
11769,20,9,1
11770,1440,33,-1
11771,1440,8,-1
11772,20,8,1
11773,1112,43,-1
11774,1358,9,-1
11775,20,10,1
11776,1440,24,-1
11777,1440,9,-1
11778,1194,5,-1
11779,1358,5,-1
11780,20,112,1
11781,1440,218,-1
11782,1440,14,-1
11783,20,10,1
11784,1194,61,-1
11785,1440,9,-1
11786,1440,5,-1
11787,1194,5,-1
11788,20,30,1
11789,563,92,1
11790,1358,79,-1
11791,20,39,-1
11792,1440,8,-1
11793,20,9,1
11794,1276,26,-1
11795,1358,9,-1
11796,20,169,1
11797,1440,936,-1
11798,1440,10,-1
11799,20,6,1
11800,1194,19,-1
11801,1440,5,-1
11802,1440,3,-1
11803,1440,2,-1
11804,1112,4,-1
11805,1440,3,-1
11806,1440,2,-1
11807,1194,4,-1
11808,1077,163,1
11809,20,56,1
11810,20,20,-1
11811,1440,64,-1
11812,1276,37,-1
11813,20,44,1
11814,563,249,1
11815,20,66,-1
11816,563,2348,1
11817,20,67,-1
11818,1440,357,-1
11819,1440,22,-1
11820,20,19,1
11821,1440,15,-1
11822,1440,6,-1
11823,20,8,1
11824,1030,22,-1
11825,1440,7,-1
11826,20,6,1
11827,1440,17,-1
11828,1194,7,-1
11829,20,7,1
11830,1440,54,-1
11831,1440,6,-1
11832,1194,4,-1
11833,1440,5,-1
11834,1276,4,-1
11835,1358,58,-1
11836,20,3,1
11837,563,608,1
11838,20,66,-1
11839,563,46,1
11840,20,102,-1
11841,1077,16280,1
11842,20,189,-1
11843,563,554,1
11844,20,81,-1
11845,563,759,1
11846,20,100,-1
11847,56,92787,-1
11848,563,1224,1
11849,20,108,-1
11850,563,105405,-1
11851,20,45,1
11852,563,64432,-1
11853,1077,288,1
11854,20,77,-1
11855,1480,7750,1
11856,131,103,1
11857,20,67,-1
11858,563,56558,-1
11859,20,78,1
11860,563,108498,-1
11861,563,1247,1
11862,20,240,-1
11863,563,274,1
11864,20,80,-1
11865,1106,20006,-1
11866,20,222,1
11867,563,1554,1
11868,20,70,-1
11869,1358,36184,-1
11870,1358,2121,-1
11871,20,24,1
11872,1358,36,-1
11873,1358,568,-1
11874,20,15,1
11875,1358,55,-1
11876,1358,9,-1
11877,20,9,1
11878,563,366,1
11879,20,118,-1
11880,1358,448,-1
11881,1358,744,-1
11882,20,25,1
11883,1358,93,-1
11884,1358,1132,-1
11885,20,28,1
11886,1358,55,-1
11887,1358,14,-1
11888,20,15,1
11889,1358,242,-1
11890,1358,18,-1
11891,20,15,1
11892,1358,41,-1
11893,563,516,1
11894,20,185,-1
11895,1358,2180,-1
11896,1358,37,-1
11897,20,18,1
11898,1358,51,-1
11899,1440,14,-1
11900,20,13,1
11901,1276,41,-1
11902,1440,14,-1
11903,20,14,1
11904,1276,36,-1
11905,1358,1363,-1
11906,20,13,1
11907,1358,41,-1
11908,1358,10,-1
11909,20,10,1
11910,1440,28,-1
11911,1276,10,-1
11912,20,10,1
11913,1440,7658,-1
11914,1276,55,-1
11915,20,18,1
11916,1440,34,-1
11917,1276,11,-1
11918,20,10,1
11919,563,512,1
11920,20,154,-1
11921,126,51080,-1
11922,563,757,1
11923,20,97,-1
11924,1106,18735,-1
11925,20,43,1
11926,1480,55236,1
11927,645,108,1
11928,20,112,-1
11929,563,50453,1
11930,20,226,-1
11931,563,3194,-1
11932,563,411,1
11933,20,266,-1
11934,563,128644,-1
11935,563,957,1
11936,20,102,-1
11937,563,127132,-1
11938,563,1357,1
11939,20,152,-1
11940,1440,214264,-1
11941,1199,60,-1
11942,20,17,1
11943,1358,11772,-1
11944,20,36612,1
11945,767,79393,-1
11946,20,138,1
11947,563,5259,1
11948,20,121,-1
11949,563,51,1
11950,20,51,-1
11951,563,215119,-1
11952,20,39417,1
11953,1480,55499,1
11954,131,96,1
11955,20,72,-1
11956,563,616657,-1
11957,20,53,1
11958,1358,2672,-1
11959,20,16,1
11960,1358,32,-1
11961,20,10,1
11962,1358,4840,-1
11963,20,56,1
11964,1440,9935,-1
11965,20,45,1
11966,1276,49,-1
11967,20,13,1
11968,1440,5907,-1
11969,20,29,1
11970,1440,64,-1
11971,20,23,1
11972,1194,40,-1
11973,20,21,1
11974,1440,611,-1
11975,20,15,1
11976,1276,51,-1
11977,20,12,1
11978,1440,6829,-1
11979,20,34,1
11980,1276,56,-1
11981,20,11,1
11982,1358,2337,-1
11983,20,19,1
11984,1440,41,-1
11985,20,13,1
11986,1276,24,-1
11987,20,11,1
11988,1358,3386,-1
11989,563,330,1
11990,20,224,-1
11991,1440,302,-1
11992,1276,26,-1
11993,20,21,1
11994,1440,3937,-1
11995,1276,51,-1
11996,20,15,1
11997,1440,2046,-1
11998,1440,25,-1
11999,20,10,1
12000,1194,36,-1
12001,20,39270,1
12002,1440,47621,-1
12003,614,45,-1
12004,20,15,1
12005,563,1041,1
12006,20,138,-1
12007,1480,70386,1
12008,645,95,1
12009,20,51,-1
12010,563,262799,1
12011,20,236,-1
12012,563,63112,-1
12013,563,2161,1
12014,20,622,-1
12015,563,1927916,1
12016,20,297,-1
12017,563,1999284,1
12018,20,185,-1
12019,563,964631,-1
12020,20,61,1
12021,563,34471,1
12022,20,218,-1
12023,563,1000309,1
12024,20,825,-1
12025,563,998512,1
12026,20,192,-1
12027,1480,34177,1
12028,131,32,1
12029,20,169,-1
12030,1077,353471,-1
12031,20,36921,1
12032,563,128892,-1
12033,20,66,1
12034,563,1151,1
12035,20,118,-1
12036,1480,39880,1
12037,131,123,1
12038,20,56,-1
12039,1480,249691,1
12040,131,128,1
12041,20,180,-1
12042,563,61764,-1
12043,20,37526,1
12044,563,53853,1
12045,20,220,-1
12046,1106,75012,-1
12047,20,128,1
12048,563,2767,1
12049,20,442,-1
12050,1480,108891,1
12051,131,86,1
12052,20,75,-1
12053,1358,11496,-1
12054,796,4045,-1
12055,20,51,1
12056,1480,112993,1
12057,131,127,1
12058,20,113,-1
12059,1106,15204,-1
12060,563,739,1
12061,20,72,-1
12062,563,154669,1
12063,20,118,-1
12064,1077,11874,-1
12065,1480,271,1
12066,131,51,1
12067,20,100,-1
12068,1106,128006,-1
12069,563,777,1
12070,20,83,-1
12071,1358,37462,-1
12072,20,36957,1
12073,282,85065,-1
12074,20,119,1
12075,563,2784,1
12076,20,126,-1
12077,563,209081,1
12078,20,128,-1
12079,563,298938,-1
12080,1440,7420,-1
12081,20,38,1
12082,1276,41,-1
12083,1440,1726,-1
12084,20,38,1
12085,1276,40,-1
12086,1358,185,-1
12087,20,15,1
12088,1440,19,-1
12089,1276,6,-1
12090,20,5,1
12091,563,235,1
12092,20,159,-1
12093,563,17,1
12094,20,115,-1
12095,1358,3335,-1
12096,1358,136,-1
12097,20,56,1
12098,1358,121893,-1
12099,1358,66,-1
12100,20,22,1
12101,1440,176,-1
12102,1276,15,-1
12103,20,11,1
12104,1440,28,-1
12105,1276,7,-1
12106,20,9,1
12107,1440,1519,-1
12108,1440,64,-1
12109,20,10,1
12110,1194,15,-1
12111,1358,6,-1
12112,20,8,1
12113,1358,349,-1
12114,1358,447,-1
12115,20,22,1
12116,1358,58,-1
12117,1358,13,-1
12118,20,15,1
12119,1358,30,-1
12120,1358,10,-1
12121,20,9,1
12122,563,300,1
12123,20,206,-1
12124,563,1137,1
12125,20,102,-1
12126,1358,1111,-1
12127,1440,244,-1
12128,20,25,1
12129,1440,38,-1
12130,892,10,-1
12131,20,12,1
12132,563,1672,1
12133,20,177,-1
12134,1077,65982,1
12135,20,157,-1
12136,1480,90051,1
12137,645,133,1
12138,20,73,-1
12139,563,205729,-1
12140,20,82,1
12141,563,127773,-1
12142,20,39,1
12143,563,2114,1
12144,20,207,-1
12145,563,35856,-1
12146,563,1363,1
12147,20,141,-1
12148,563,27940,1
12149,20,348,-1
12150,563,171534,-1
12151,563,339,1
12152,20,125,-1
12153,1440,253411,-1
12154,1440,131,-1
12155,20,43,1
12156,807,53,-1
12157,20,39065,1
12158,563,88759,-1
12159,20,51,1
12160,563,5285,1
12161,20,179,-1
12162,1077,177,1
12163,20,70,-1
12164,563,234865,-1
12165,20,37881,1
12166,1480,52996,1
12167,131,108,1
12168,20,160,-1
12169,1358,44122,-1
12170,20,72,1
12171,282,31540,-1
12172,20,39,1
12173,563,959,1
12174,20,97,-1
12175,563,35905,1
12176,20,210,-1
12177,563,285265,-1
12178,20,36578,1
12179,563,677906,1
12180,20,154,-1
12181,563,1000933,1
12182,20,389,-1
12183,563,997365,1
12184,20,150,-1
12185,563,1998825,1
12186,20,173,-1
12187,563,41632,-1
12188,20,0,1
12189,563,1060169,-1
12190,20,39245,1
12191,563,868988,1
12192,20,239,-1
12193,563,1988397,1
12194,20,303,-1
12195,563,1997411,1
12196,20,160,-1
12197,563,1999224,1
12198,20,204,-1
12199,1077,603661,1
12200,20,172,-1
12201,563,234521,-1
12202,20,53,1
12203,563,1161319,1
12204,20,589,-1
12205,563,1997071,1
12206,20,233,-1
12207,1077,1781119,1
12208,20,230,-1
12209,563,220180,1
12210,20,356,-1
12211,563,67992,-1
12212,20,120,1
12213,1480,1225651,1
12214,131,92,1
12215,20,182,-1
12216,563,377222,-1
12217,20,55,1
12218,563,325030,1
12219,20,157,-1
12220,1480,1883665,1
12221,131,101,1
12222,20,40,-1
12223,563,116078,1
12224,20,594,-1
12225,1077,253632,-1
12226,20,52,1
12227,563,128288,-1
12228,20,87,1
12229,563,1847,1
12230,20,337,-1
12231,563,1615190,1
12232,20,491,-1
12233,1077,1992201,1
12234,20,206,-1
12235,1077,180,1
12236,20,63,-1
12237,563,4547,1
12238,20,145,-1
12239,1440,216126,-1
12240,1199,48,-1
12241,20,13,1
12242,563,1620,1
12243,20,102,-1
12244,563,126857,-1
12245,1358,6614,-1
12246,20,41,1
12247,1358,43,-1
12248,1440,6340,-1
12249,20,35,1
12250,1276,41,-1
12251,563,370,1
12252,20,85,-1
12253,409,121297,-1
12254,563,2595,1
12255,20,360,-1
12256,563,1515944,1
12257,20,248,-1
12258,563,1667,-1
12259,20,35,1
12260,563,1998010,1
12261,20,348,-1
12262,1480,1979373,1
12263,131,81,1
12264,20,61,-1
12265,563,713593,-1
12266,1440,2125,-1
12267,20,288,1
12268,1276,74,-1
12269,1440,3484,-1
12270,20,74,1
12271,1440,77,-1
12272,1194,15,-1
12273,20,15,1
12274,1440,1621,-1
12275,1276,56,-1
12276,20,20,1
12277,1358,75,-1
12278,1358,5564,-1
12279,20,21,1
12280,1440,118319,-1
12281,1276,46,-1
12282,20,13,1
12283,1440,28,-1
12284,1440,7,-1
12285,20,6,1
12286,1440,16,-1
12287,1112,6,-1
12288,20,15,1
12289,563,529,1
12290,20,199,-1
12291,1440,1788,-1
12292,1276,25,-1
12293,20,9,1
12294,1440,15,-1
12295,1359,5,-1
12296,20,5,1
12297,563,1191,1
12298,20,66,-1
12299,1077,5280,1
12300,20,182,-1
12301,1480,42191,1
12302,645,144,1
12303,20,87,-1
12304,563,237258,-1
12305,563,2853,1
12306,20,343,-1
12307,563,128134,-1
12308,563,3008,1
12309,20,241,-1
12310,563,46473,1
12311,20,138,-1
12312,563,301827,-1
12313,20,37171,1
12314,1077,4794313,-1
12315,20,71,1
12316,1077,1247335,1
12317,20,160,-1
12318,1480,234,1
12319,131,61,1
12320,20,61,-1
12321,563,406008,-1
12322,20,221,1
12323,1077,1244627,1
12324,20,156,-1
12325,1480,27525,1
12326,131,48,1
12327,20,129,-1
12328,563,89970,-1
12329,20,63,1
12330,1106,128654,-1
12331,20,103,1
12332,563,102931,1
12333,20,162,-1
12334,563,6373,-1
12335,20,36,1
12336,563,18743,-1
12337,20,37,1
12338,563,109647,-1
12339,20,47,1
12340,563,1027,1
12341,20,171,-1
12342,563,126435,-1
12343,20,38130,1
12344,563,2698972,1
12345,20,165,-1
12346,563,180323,-1
12347,20,42,1
12348,1077,2922763,1
12349,20,164,-1
12350,563,212620,-1
12351,20,42,1
12352,563,130460,-1
12353,20,87,1
12354,1077,10096801,1
12355,20,203,-1
12356,563,575902,-1
12357,20,57,1
12358,563,127503,-1
12359,20,55,1
12360,563,2946,1
12361,20,293,-1
12362,563,280216,-1
12363,20,112,1
12364,563,13492,1
12365,20,194,-1
12366,563,139470,-1
12367,20,87,1
12368,563,4934,1
12369,20,172,-1
12370,563,178437,-1
12371,563,2489,1
12372,20,107,-1
12373,1480,555636,1
12374,131,56,1
12375,20,102,-1
12376,563,150413,-1
12377,563,6701,1
12378,20,364,-1
12379,563,242795,-1
12380,20,158,1
12381,563,590373,-1
12382,563,5090,1
12383,20,146,-1
12384,563,140301,-1
12385,563,2464,1
12386,20,145,-1
12387,563,181204,-1
12388,563,1413,1
12389,20,147,-1
12390,563,218183,-1
12391,563,1374,1
12392,20,129,-1
12393,563,381499,-1
12394,1077,6410,1
12395,20,229,-1
12396,563,211884,-1
12397,20,39499,1
12398,563,129377,-1
12399,20,73,1
12400,563,12326,1
12401,20,198,-1
12402,563,134917,-1
12403,563,1908,1
12404,20,171,-1
12405,1077,139070,-1
12406,20,38,1
12407,563,32302,-1
12408,563,1905,1
12409,20,319,-1
12410,563,236800,-1
12411,563,1454,1
12412,20,149,-1
12413,563,284834,-1
12414,563,5342,1
12415,20,180,-1
12416,563,486001,-1
12417,563,1821,1
12418,20,150,-1
12419,563,391763,-1
12420,563,2647,1
12421,20,141,-1
12422,563,197299,-1
12423,563,3986,1
12424,20,256,-1
12425,563,365751,-1
12426,20,39515,1
12427,1077,1656244,1
12428,20,229,-1
12429,1077,26653,1
12430,20,123,-1
12431,563,202989,-1
12432,20,36,1
12433,563,128325,-1
12434,20,57,1
12435,563,127467,-1
12436,20,37,1
12437,563,1661,1
12438,20,128,-1
12439,563,127583,-1
12440,20,39010,1
12441,563,168391,-1
12442,20,269,1
12443,1077,781,1
12444,20,570,-1
12445,563,467614,-1
12446,563,2074,1
12447,20,311,-1
12448,563,1447,1
12449,20,164,-1
12450,563,322124,-1
12451,20,39698,1
12452,563,3339987,1
12453,20,143,-1
12454,1480,567091,1
12455,131,51,1
12456,20,151,-1
12457,563,360557,-1
12458,20,51,1
12459,563,250,1
12460,20,87,-1
12461,1106,127933,-1
12462,563,496,1
12463,20,274,-1
12464,563,553606,-1
12465,20,46,1
12466,563,3387099,1
12467,20,154,-1
12468,563,275152,-1
12469,20,154,1
12470,1480,1413117,1
12471,131,76,1
12472,20,102,-1
12473,563,327328,-1
12474,20,37188,1
12475,563,130206,-1
12476,20,52,1
12477,1077,854,1
12478,20,113,-1
12479,563,217714,-1
12480,20,38390,1
12481,563,128903,-1
12482,20,61,1
12483,1077,4024,1
12484,20,249,-1
12485,563,184792,-1
12486,20,37933,1
12487,563,131052,-1
12488,20,71,1
12489,1077,1197,1
12490,20,218,-1
12491,563,182168,-1
12492,20,37304,1
12493,563,133193,-1
12494,20,61,1
12495,1077,4650,1
12496,20,175,-1
12497,1077,532,1
12498,20,138,-1
12499,563,173788,1
12500,20,129,-1
12501,563,5168,-1
12502,1077,35176,-1
12503,20,65,1
12504,563,1126,1
12505,20,133,-1
12506,20,1136,1
12507,563,5244,1
12508,20,155,-1
12509,563,496,1
12510,20,170,-1
12511,563,123201,-1
12512,20,46,1
12513,563,170685,-1
12514,20,64,1
12515,1106,165239,-1
12516,20,41,1
12517,563,1831,1
12518,20,150,-1
12519,563,66,1
12520,20,86,-1
12521,1480,183641,1
12522,131,102,1
12523,20,110,-1
12524,563,70135,-1
12525,20,38537,1
12526,563,99941,1
12527,20,166,-1
12528,563,68250,-1
12529,20,51,1
12530,563,472,1
12531,20,130,-1
12532,1440,127327,-1
12533,685,56,-1
12534,20,18,1
12535,563,162295,-1
12536,563,12574,1
12537,20,171,-1
12538,1358,80724,-1
12539,1358,35833,-1
12540,20,60,1
12541,1358,973,-1
12542,748,11463,-1
12543,20,46,1
12544,563,5562,1
12545,20,169,-1
12546,1077,252,1
12547,20,89,-1
12548,563,122210,-1
12549,563,2471,1
12550,20,136,-1
12551,563,20661,1
12552,20,178,-1
12553,563,107821,-1
12554,20,39397,1
12555,563,135915,-1
12556,20,66,1
12557,563,2259,1
12558,20,123,-1
12559,563,228748,-1
12560,20,36362,1
12561,563,62536,1
12562,20,193,-1
12563,1358,16513,-1
12564,20,41,1
12565,1480,1887,1
12566,131,55,1
12567,20,83,-1
12568,825,47469,-1
12569,563,1083,1
12570,20,95,-1
12571,1077,29350,1
12572,20,140,-1
12573,1077,2213,1
12574,20,124,-1
12575,563,151086,-1
12576,20,39144,1
12577,563,88141,-1
12578,1440,6396,-1
12579,20,25,1
12580,1276,46,-1
12581,1106,34368,-1
12582,20,71,1
12583,20,2946,1
12584,971,91207,-1
12585,20,85,1
12586,563,1428,1
12587,20,151,-1
12588,1077,19426,1
12589,20,153,-1
12590,563,97546,-1
12591,20,45,1
12592,563,8896,1
12593,20,168,-1
12594,563,120289,-1
12595,20,36589,1
12596,563,89651,-1
12597,1358,6407,-1
12598,20,64,1
12599,1358,17449,-1
12600,1106,15589,-1
12601,20,81,1
12602,563,1944,1
12603,20,118,-1
12604,20,20172,1
12605,1000,79263,-1
12606,20,50,1
12607,563,1475,1
12608,20,135,-1
12609,563,123692,-1
12610,20,71,1
12611,563,135576,-1
12612,563,4898,1
12613,20,142,-1
12614,563,388675,-1
12615,563,6576,1
12616,20,139,-1
12617,563,395876,-1
12618,20,38957,1
12619,563,1217447,1
12620,20,312,-1
12621,563,44751,1
12622,20,219,-1
12623,563,225800,-1
12624,20,40038,1
12625,1077,1690526,1
12626,20,226,-1
12627,1480,192123,1
12628,131,42,1
12629,20,128,-1
12630,563,317199,-1
12631,20,154,1
12632,563,128381,-1
12633,20,64,1
12634,563,129765,-1
12635,20,71,1
12636,563,4543,1
12637,20,487,-1
12638,563,261726,-1
12639,1077,910,1
12640,20,373,-1
12641,1480,113159,1
12642,131,110,1
12643,20,62,-1
12644,563,262675,-1
12645,20,38773,1
12646,1077,63784,-1
12647,20,132,1
12648,563,2547,1
12649,20,355,-1
12650,1077,9546,1
12651,20,164,-1
12652,1480,472741,1
12653,131,101,1
12654,20,90,-1
12655,563,60086,-1
12656,20,53,1
12657,563,128272,-1
12658,20,37,1
12659,563,976,1
12660,20,98,-1
12661,1077,2813,1
12662,20,144,-1
12663,563,691158,-1
12664,20,37755,1
12665,563,79072,1
12666,20,293,-1
12667,563,49287,-1
12668,20,41,1
12669,563,943,1
12670,20,128,-1
12671,1480,5732,1
12672,131,180,1
12673,20,281,-1
12674,563,344331,-1
12675,1440,576,-1
12676,20,32,1
12677,1276,41,-1
12678,20,39206,1
12679,971,98863,-1
12680,20,110,1
12681,563,2267,1
12682,20,172,-1
12683,1077,22142,1
12684,20,130,-1
12685,563,624848,1
12686,20,151,-1
12687,563,26388,-1
12688,1440,15406,-1
12689,20,37,1
12690,1276,37,-1
12691,20,36763,1
12692,971,91130,-1
12693,20,52,1
12694,1077,343,1
12695,20,154,-1
12696,563,5540,1
12697,20,209,-1
12698,563,123507,-1
12699,20,38774,1
12700,1077,1750782,-1
12701,20,73,1
12702,563,6909347,1
12703,20,152,-1
12704,563,155058,-1
12705,20,39,1
12706,563,164918,-1
12707,20,51,1
12708,1480,87531,1
12709,131,108,1
12710,20,82,-1
12711,563,381427,-1
12712,20,154,1
12713,563,1602036,1
12714,20,345,-1
12715,563,394361,-1
12716,563,239,1
12717,20,108,-1
12718,563,215955,1
12719,20,360,-1
12720,563,169656,-1
12721,20,54,1
12722,1077,4032928,1
12723,20,156,-1
12724,563,261713,-1
12725,20,132,1
12726,563,128635,-1
12727,20,39,1
12728,1077,4773529,-1
12729,20,140,1
12730,1077,8428298,1
12731,20,198,-1
12732,1480,132,1
12733,131,118,1
12734,20,43,-1
12735,563,266530,-1
12736,20,39572,1
12737,563,115724,-1
12738,20,51,1
12739,563,9531,-1
12740,20,39,1
12741,563,3242274,-1
12742,20,52,1
12743,563,1328001,1
12744,20,525,-1
12745,563,331092,-1
12746,20,64,1
12747,563,9131266,-1
12748,20,36,1
12749,1077,1927592,1
12750,20,164,-1
12751,563,236611,-1
12752,20,53,1
12753,563,128152,-1
12754,20,40,1
12755,563,243525,1
12756,20,126,-1
12757,563,186523,-1
12758,20,33,1
12759,1480,3232154,1
12760,131,226,1
12761,20,116,-1
12762,563,424220,-1
12763,20,157,1
12764,563,1577832,1
12765,20,188,-1
12766,563,219429,-1
12767,20,88,1
12768,563,2066054,-1
12769,20,95,1
12770,563,2716459,1
12771,20,458,-1
12772,563,269093,-1
12773,20,97,1
12774,563,577455,-1
12775,20,36,1
12776,563,153426,1
12777,20,145,-1
12778,563,236007,-1
12779,20,51,1
12780,563,765053,1
12781,20,156,-1
12782,563,243367,-1
12783,20,61,1
12784,1480,4010113,1
12785,131,138,1
12786,20,185,-1
12787,563,602025,-1
12788,20,57,1
12789,1440,13590,-1
12790,20,87,1
12791,171,28,-1
12792,20,20,1
12793,563,3382733,1
12794,20,164,-1
12795,563,242924,-1
12796,20,72,1
12797,563,2758217,1
12798,20,162,-1
12799,1480,163604,1
12800,131,37,1
12801,20,201,-1
12802,563,31586,-1
12803,20,34,1
12804,1077,128092,-1
12805,20,54,1
12806,563,340909,-1
12807,20,52,1
12808,563,3238014,-1
12809,20,97,1
12810,563,1100012,1
12811,20,330,-1
12812,563,255467,-1
12813,20,233,1
12814,563,7366856,-1
12815,20,51,1
12816,1077,8043036,1
12817,20,184,-1
12818,1480,73,1
12819,131,26,1
12820,20,53,-1
12821,563,194539,-1
12822,20,104,1
12823,563,127687,-1
12824,20,63,1
12825,563,95304,-1
12826,20,172,1
12827,563,1582180,1
12828,20,153,-1
12829,563,326833,-1
12830,20,51,1
12831,1077,1359670,-1
12832,20,151,1
12833,563,9458619,-1
12834,20,137,1
12835,563,853439,1
12836,20,166,-1
12837,563,188515,-1
12838,20,49,1
12839,1077,838226,1
12840,20,771,-1
12841,563,251132,-1
12842,20,195,1
12843,563,4721153,1
12844,20,118,-1
12845,1077,219610,-1
12846,20,51,1
12847,1480,198744,1
12848,131,91,1
12849,20,97,-1
12850,563,408288,-1
12851,20,58,1
12852,563,789343,-1
12853,20,63,1
12854,563,3382169,1
12855,20,149,-1
12856,563,249619,-1
12857,20,58,1
12858,563,751865,1
12859,20,268,-1
12860,563,230503,-1
12861,20,112,1
12862,563,772716,1
12863,20,388,-1
12864,1077,250812,-1
12865,20,155,1
12866,563,2462474,-1
12867,20,139,1
12868,563,5284525,1
12869,20,218,-1
12870,1077,177423,-1
12871,20,36,1
12872,563,3142030,-1
12873,20,133,1
12874,1480,1464976,1
12875,131,35,1
12876,20,122,-1
12877,563,367321,-1
12878,20,154,1
12879,1106,129114,-1
12880,20,54,1
12881,563,2924,1
12882,20,411,-1
12883,563,269289,-1
12884,1077,309,1
12885,20,123,-1
12886,1480,283257,1
12887,131,35,1
12888,20,158,-1
12889,563,104955,-1
12890,20,40060,1
12891,563,265827,-1
12892,20,156,1
12893,1480,697190,1
12894,131,36,1
12895,20,175,-1
12896,563,360761,-1
12897,20,144,1
12898,1106,127928,-1
12899,20,36,1
12900,563,1528,1
12901,20,97,-1
12902,563,494007,-1
12903,1077,297,1
12904,20,141,-1
12905,563,807766,-1
12906,1358,7051,-1
12907,20,44,1
12908,1358,10010,-1
12909,1358,3484,-1
12910,20,58,1
12911,1358,9225,-1
12912,1480,6291,1
12913,131,121,1
12914,20,99,-1
12915,1077,2834,1
12916,20,95,-1
12917,1358,3583,-1
12918,1077,8993,1
12919,20,187,-1
12920,1077,50516,1
12921,20,178,-1
12922,1440,33123,-1
12923,1276,46,-1
12924,20,13,1
12925,1440,13607,-1
12926,1440,96,-1
12927,20,26,1
12928,1194,112,-1
12929,1440,32472,-1
12930,20,72,1
12931,105,105,-1
12932,20,39914,1
12933,1106,91135,-1
12934,20,110,1
12935,1358,37702,-1
12936,20,160,1
12937,563,5895,1
12938,20,200,-1
12939,563,437,1
12940,20,102,-1
12941,563,507,1
12942,20,89,-1
12943,563,340,1
12944,20,324,-1
12945,563,292,1
12946,20,85,-1
12947,563,128,1
12948,20,120,-1
12949,1358,31680,-1
12950,563,3870,1
12951,20,309,-1
12952,563,93,1
12953,20,110,-1
12954,1440,10101,-1
12955,1276,78,-1
12956,20,238,1
12957,1358,2482,-1
12958,1077,5588,1
12959,20,130,-1
12960,1358,3201,-1
12961,1358,7680,-1
12962,20,35,1
12963,563,14277,1
12964,1358,56,-1
12965,20,385,-1
12966,1480,7070,1
12967,131,422,1
12968,20,303,-1
12969,1440,39969,-1
12970,1276,128,-1
12971,20,38,1
12972,1077,9524,1
12973,20,319,-1
12974,1440,36491,-1
12975,47,89,-1
12976,20,21,1
12977,563,679,1
12978,20,277,-1
12979,563,1118,1
12980,20,177,-1
12981,1358,64387,-1
12982,563,1646,1
12983,20,288,-1
12984,563,55,1
12985,20,158,-1
12986,1358,37598,-1
12987,563,663,1
12988,20,202,-1
12989,563,66,1
12990,20,112,-1
12991,602,20995,-1
12992,563,765,1
12993,20,334,-1
12994,563,46,1
12995,20,155,-1
12996,1358,24548,-1
12997,20,36767,1
12998,1358,2161,-1
12999,563,349,1
13000,20,105,-1
13001,1145,64300,-1
13002,563,343,1
13003,20,85,-1
13004,563,1145,1
13005,20,77,-1
13006,1358,91351,-1
13007,563,2864,1
13008,20,333,-1
13009,1358,3065,-1
13010,1358,1965,-1
13011,20,35,1
13012,1358,29472,-1
13013,563,1764,1
13014,1358,171,-1
13015,20,52,-1
13016,1440,2456,-1
13017,20,34,1
13018,1276,72,-1
13019,563,1518,1
13020,20,243,-1
13021,1440,20184,-1
13022,1440,87,-1
13023,20,22,1
13024,1194,32,-1
13025,20,39728,1
13026,1440,28059,-1
13027,1440,71,-1
13028,20,19,1
13029,1194,46,-1
13030,20,639,1
13031,563,1385,1
13032,20,215,-1
13033,1440,31610,-1
13034,1440,55,-1
13035,20,15,1
13036,1440,32,-1
13037,1112,9,-1
13038,20,41,1
13039,1440,26410,-1
13040,1440,69,-1
13041,20,20,1
13042,1440,25,-1
13043,1440,10,-1
13044,1440,10,-1
13045,1440,10,-1
13046,866,11,-1
13047,20,107,1
13048,563,1035,1
13049,20,210,-1
13050,1440,86245,-1
13051,1440,71,-1
13052,20,19,1
13053,1194,101,-1
13054,1440,14608,-1
13055,20,53,1
13056,1440,80,-1
13057,1440,14,-1
13058,1440,7,-1
13059,1030,9,-1
13060,20,153,1
13061,1440,28505,-1
13062,1440,73,-1
13063,20,21,1
13064,1194,57,-1
13065,1440,16,-1
13066,20,14,1
13067,1440,36,-1
13068,1194,12,-1
13069,20,11,1
13070,1440,30,-1
13071,1276,17,-1
13072,20,594,1
13073,1077,61105,1
13074,20,236,-1
13075,1440,39849,-1
13076,1276,51,-1
13077,20,14,1
13078,1440,29,-1
13079,1440,9,-1
13080,1194,4,-1
13081,20,56,1
13082,1440,396,-1
13083,1276,14,-1
13084,563,0,1
13085,1440,5,-1
13086,1276,3,-1
13087,20,56,-1
13088,20,112,1
13089,563,1332,1
13090,20,72,-1
13091,1077,201,1
13092,20,83,-1
13093,1440,24194,-1
13094,1440,43,-1
13095,20,10,1
13096,1440,21,-1
13097,1440,5,-1
13098,1030,4,-1
13099,1440,3,-1
13100,1276,3,-1
13101,20,78,1
13102,1358,10042,-1
13103,1358,51,-1
13104,20,23,1
13105,1440,91650,-1
13106,1440,51,-1
13107,20,11,1
13108,1194,45,-1
13109,1440,7,-1
13110,1276,4,-1
13111,1358,4,-1
13112,20,10,1
13113,1358,116,-1
13114,1440,6,-1
13115,1276,5,-1
13116,20,205,1
13117,563,709,1
13118,20,83,-1
13119,563,31,1
13120,20,679,-1
13121,1440,23961,-1
13122,1440,46,-1
13123,20,11,1
13124,1440,26,-1
13125,1440,6,-1
13126,1440,4,-1
13127,948,3,-1
13128,1440,4,-1
13129,1276,4,-1
13130,20,38,1
13131,563,1579,1
13132,20,204,-1
13133,1440,8316,-1
13134,1440,54,-1
13135,20,15,1
13136,1194,39,-1
13137,1440,10,-1
13138,1276,6,-1
13139,20,74,1
13140,1440,92396,-1
13141,349,58,-1
13142,20,18,1
13143,1077,1931,1
13144,20,169,-1
13145,1440,50457,-1
13146,1276,113,-1
13147,20,43,1
13148,1358,22606,-1
13149,563,990,1
13150,20,139,-1
13151,777,52842,-1
13152,563,936,1
13153,20,92,-1
13154,1358,92805,-1
13155,563,891,1
13156,20,86,-1
13157,311,33905,-1
13158,20,37976,1
13159,1358,44358,-1
13160,20,36,1
13161,563,1178,1
13162,20,82,-1
13163,1358,32140,-1
13164,563,5952,1
13165,20,295,-1
13166,1116,7317,-1
13167,563,35232,1
13168,20,227,-1
13169,1106,95681,-1
13170,563,911,1
13171,20,86,-1
13172,1440,45562,-1
13173,1440,43,-1
13174,20,21,1
13175,1194,26,-1
13176,1358,4882,-1
13177,20,19,1
13178,1358,31,-1
13179,1358,6654,-1
13180,20,18,1
13181,563,1113,1
13182,20,130,-1
13183,1358,50825,-1
13184,563,967,1
13185,20,113,-1
13186,563,4999,-1
13187,20,45,1
13188,80,12458,-1
13189,20,36795,1
13190,1106,92561,-1
13191,20,222,1
13192,563,807,1
13193,20,98,-1
13194,1358,49064,-1
13195,563,2183,1
13196,20,282,-1
13197,1358,72125,-1
13198,563,2614,1
13199,20,247,-1
13200,602,1405,-1
13201,563,741,1
13202,20,241,-1
13203,1358,34801,-1
13204,563,397,1
13205,20,111,-1
13206,563,396,1
13207,20,154,-1
13208,1440,3636,-1
13209,1276,40,-1
13210,20,21,1
13211,563,230,1
13212,20,63,-1
13213,1440,8383,-1
13214,1276,62,-1
13215,20,24,1
13216,1358,32,-1
13217,1358,7,-1
13218,20,9,1
13219,1195,79674,-1
13220,563,1341,1
13221,20,138,-1
13222,563,107,1
13223,20,67,-1
13224,1106,127374,-1
13225,563,2169,1
13226,20,221,-1
13227,1358,29580,-1
13228,563,1307,1
13229,20,164,-1
13230,1358,50339,-1
13231,563,2582,1
13232,20,267,-1
13233,1358,11108,-1
13234,321,30668,-1
13235,20,55,1
13236,563,9747,1
13237,20,221,-1
13238,1106,118417,-1
13239,563,1477,1
13240,20,195,-1
13241,1358,38044,-1
13242,563,1065,1
13243,20,129,-1
13244,1440,10768,-1
13245,1276,33,-1
13246,20,10,1
13247,1358,17525,-1
13248,1440,1991,-1
13249,20,28,1
13250,1276,61,-1
13251,20,39395,1
13252,933,18179,-1
13253,20,144,1
13254,1440,29645,-1
13255,1276,44,-1
13256,20,13,1
13257,1358,79271,-1
13258,20,1036,1
13259,777,18826,-1
13260,20,231,1
13261,563,127965,-1
13262,20,147,1
13263,1358,100147,-1
13264,20,1317,1
13265,854,67798,-1
13266,20,313,1
13267,1077,2125,1
13268,20,272,-1
13269,1480,194,1
13270,1159,141,1
13271,20,98,-1
13272,563,447,1
13273,20,169,-1
13274,1077,116014,1
13275,20,159,-1
13276,563,756,1
13277,20,129,-1
13278,563,74,1
13279,20,83,-1
13280,1480,52897,1
13281,131,326,1
13282,20,241,-1
13283,563,43058,-1
13284,1440,11651,-1
13285,20,36,1
13286,1276,59,-1
13287,1358,753,-1
13288,20,27,1
13289,1440,54,-1
13290,1276,11,-1
13291,20,10,1
13292,1077,54322,1
13293,20,135,-1
13294,1077,423,1
13295,20,121,-1
13296,563,354,1
13297,20,103,-1
13298,563,968,1
13299,20,136,-1
13300,1358,15585,-1
13301,1440,7403,-1
13302,20,37,1
13303,1276,40,-1
13304,563,1416,1
13305,20,62,-1
13306,1358,7408,-1
13307,1440,9192,-1
13308,20,21,1
13309,1276,43,-1
13310,1358,7541,-1
13311,20,39,1
13312,1303,22190,-1
13313,20,37042,1
13314,1358,519,-1
13315,20,275,1
13316,1440,538,-1
13317,1276,25,-1
13318,20,9,1
13319,563,147,1
13320,20,85,-1
13321,1358,495,-1
13322,1077,946,1
13323,20,98,-1
13324,1358,9610,-1
13325,1358,22831,-1
13326,20,46,1
13327,1358,61,-1
13328,563,1195,1
13329,20,156,-1
13330,1358,17524,-1
13331,563,875,1
13332,20,128,-1
13333,1480,6767,1
13334,131,134,1
13335,20,137,-1
13336,563,110,1
13337,20,107,-1
13338,1358,1492,-1
13339,563,859,1
13340,20,77,-1
13341,264,26020,-1
13342,563,267,1
13343,20,108,-1
13344,1358,13345,-1
13345,1358,49,-1
13346,20,10,1
13347,563,1557,1
13348,20,100,-1
13349,563,63,1
13350,20,102,-1
13351,1480,8182,1
13352,131,101,1
13353,20,108,-1
13354,563,4521,1
13355,20,303,-1
13356,1077,537,1
13357,20,91,-1
13358,563,4913,1
13359,20,118,-1
13360,1358,59201,-1
13361,563,1181,1
13362,20,103,-1
13363,321,34781,-1
13364,563,2334,1
13365,20,160,-1
13366,563,107,1
13367,20,164,-1
13368,1077,3706,1
13369,20,174,-1
13370,563,1214,1
13371,20,116,-1
13372,563,6023,1
13373,20,178,-1
13374,1440,47248,-1
13375,1440,56,-1
13376,20,17,1
13377,1194,36,-1
13378,1358,6492,-1
13379,20,46,1
13380,1358,54,-1
13381,1358,10,-1
13382,20,8,1
13383,1440,4389,-1
13384,1276,35,-1
13385,20,11,1
13386,1358,3229,-1
13387,1077,1155,1
13388,20,97,-1
13389,1358,1425,-1
13390,563,318,1
13391,20,164,-1
13392,1358,5625,-1
13393,1358,2609,-1
13394,20,24,1
13395,1358,7780,-1
13396,1358,1630,-1
13397,20,22,1
13398,563,385,1
13399,20,98,-1
13400,563,1338,1
13401,20,144,-1
13402,1077,15403,1
13403,20,151,-1
13404,1358,6022,-1
13405,1077,1299,1
13406,20,182,-1
13407,1480,4380,1
13408,131,47,1
13409,20,143,-1
13410,33,2079,-1
13411,1358,23975,-1
13412,20,45,1
13413,1480,35229,1
13414,131,119,1
13415,20,74,-1
13416,563,228,1
13417,20,87,-1
13418,1358,32577,-1
13419,563,1515,1
13420,20,252,-1
13421,563,128,1
13422,20,82,-1
13423,1358,12953,-1
13424,1358,28839,-1
13425,20,82,1
13426,1077,2774,1
13427,20,2873,-1
13428,612,10958,-1
13429,563,806,1
13430,20,308,-1
13431,563,1863,1
13432,20,164,-1
13433,563,1271,1
13434,20,286,-1
13435,563,1359,1
13436,20,566,-1
13437,1358,17467,-1
13438,20,37455,1
13439,1358,1317,-1
13440,20,39348,1
13441,1358,26751,-1
13442,563,751,1
13443,350,113,-1
13444,20,122,-1
13445,1077,464,1
13446,20,312,-1
13447,1358,36968,-1
13448,1077,385,1
13449,20,97,-1
13450,1358,30616,-1
13451,1358,156,-1
13452,20,54,1
13453,1358,110,-1
13454,1077,761,1
13455,20,332,-1
13456,1440,4247,-1
13457,1276,106,-1
13458,20,36,1
13459,1358,829,-1
13460,1440,5057,-1
13461,20,48,1
13462,1440,97,-1
13463,1194,20,-1
13464,20,19,1
13465,563,867,1
13466,20,462,-1
13467,1358,7323,-1
13468,1358,33678,-1
13469,20,73,1
13470,1077,2689,1
13471,20,206,-1
13472,847,2727,-1
13473,1358,3228,-1
13474,20,33,1
13475,1358,100,-1
13476,1358,10330,-1
13477,20,28,1
13478,1440,158,-1
13479,1276,9,-1
13480,20,7,1
13481,1077,2855,1
13482,20,129,-1
13483,1358,11649,-1
13484,1077,859,1
13485,20,98,-1
13486,1077,20497,1
13487,20,197,-1
13488,1077,7488,1
13489,20,193,-1
13490,1440,6381,-1
13491,1440,36,-1
13492,20,10,1
13493,1440,12,-1
13494,1440,5,-1
13495,20,7,1
13496,1440,20,-1
13497,948,5,-1
13498,20,38,1
13499,563,245,1
13500,20,97,-1
13501,1358,9206,-1
13502,1077,640,1
13503,20,198,-1
13504,563,544,1
13505,20,211,-1
13506,1358,4838,-1
13507,1358,420,-1
13508,20,22,1
13509,1358,49,-1
13510,1077,994,1
13511,20,86,-1
13512,1440,21426,-1
13513,1276,51,-1
13514,20,15,1
13515,1358,37,-1
13516,1392,28233,-1
13517,20,41,1
13518,1480,1168,1
13519,131,35,1
13520,20,102,-1
13521,1358,10365,-1
13522,1077,350,1
13523,20,80,-1
13524,1077,2548,1
13525,20,236,-1
13526,1358,72922,-1
13527,1077,428,1
13528,20,107,-1
13529,1145,39918,-1
13530,1077,512,1
13531,20,120,-1
13532,1077,16,1
13533,20,82,-1
13534,1358,41357,-1
13535,20,36613,1
13536,854,49749,-1
13537,20,247,1
13538,1077,168,1
13539,20,85,-1
13540,1358,56463,-1
13541,1440,7048,-1
13542,20,25,1
13543,1440,46,-1
13544,1194,10,-1
13545,20,17,1
13546,1358,6376,-1
13547,1358,609,-1
13548,20,11,1
13549,1358,4738,-1
13550,1077,849,1
13551,20,140,-1
13552,1440,4060,-1
13553,1276,36,-1
13554,20,18,1
13555,1440,5036,-1
13556,1440,28,-1
13557,20,9,1
13558,1194,30,-1
13559,1358,3610,-1
13560,20,17,1
13561,1358,3388,-1
13562,563,1874,1
13563,20,118,-1
13564,563,72,1
13565,20,104,-1
13566,1358,1023,-1
13567,1077,843,1
13568,20,86,-1
13569,1440,2439,-1
13570,1276,21,-1
13571,20,9,1
13572,1440,7580,-1
13573,1276,23,-1
13574,20,17,1
13575,1440,11607,-1
13576,1440,66,-1
13577,20,13,1
13578,1194,26,-1
13579,1358,8,-1
13580,20,7,1
13581,1358,15,-1
13582,1358,5,-1
13583,20,123,1
13584,1077,761,1
13585,20,201,-1
13586,1077,212,1
13587,20,66,-1
13588,1440,10356,-1
13589,1440,29,-1
13590,20,20,1
13591,1440,24,-1
13592,1112,9,-1
13593,20,6,1
13594,563,444,1
13595,20,157,-1
13596,1440,74198,-1
13597,1276,48,-1
13598,20,16,1
13599,1358,111,-1
13600,1440,27,-1
13601,20,11,1
13602,1276,27,-1
13603,1358,10,-1
13604,20,9,1
13605,563,400,1
13606,1440,97,-1
13607,1440,20,-1
13608,20,9,1
13609,1194,21,-1
13610,20,49,-1
13611,1440,10745,-1
13612,20,42,1
13613,1440,45,-1
13614,1194,12,-1
13615,20,8,1
13616,1440,11,-1
13617,1276,5,-1
13618,1358,4,-1
13619,20,49,1
13620,563,1061,1
13621,20,108,-1
13622,1077,646,1
13623,20,89,-1
13624,1440,16483,-1
13625,1440,48,-1
13626,20,13,1
13627,1194,30,-1
13628,1440,9,-1
13629,20,7,1
13630,1276,15,-1
13631,1358,5,-1
13632,1440,4,-1
13633,1276,4,-1
13634,1358,5,-1
13635,20,185,1
13636,563,998,1
13637,20,82,-1
13638,1440,23250,-1
13639,1440,41,-1
13640,20,10,1
13641,1194,26,-1
13642,1440,627,-1
13643,20,15,1
13644,1440,36,-1
13645,1440,7,-1
13646,20,5,1
13647,1112,20,-1
13648,1358,5,-1
13649,20,5,1
13650,1440,15,-1
13651,1276,5,-1
13652,1440,4,-1
13653,1276,3,-1
13654,20,177,1
13655,1440,84463,-1
13656,1440,57,-1
13657,20,15,1
13658,1440,45,-1
13659,1440,10,-1
13660,20,10,1
13661,1440,22,-1
13662,948,8,-1
13663,1440,5,-1
13664,1440,5,-1
13665,1440,5,-1
13666,1440,5,-1
13667,20,0,1
13668,877,5,-1
13669,20,40,1
13670,20,29,1
13671,563,481,1
13672,20,163,-1
13673,563,980,1
13674,20,200,-1
13675,563,216,1
13676,20,92,-1
13677,1077,327,1
13678,20,140,-1
13679,1077,9773,1
13680,20,120,-1
13681,1077,1875,1
13682,20,104,-1
13683,1358,10742,-1
13684,1358,4051,-1
13685,20,45,1
13686,1358,5617,-1
13687,563,602,1
13688,20,178,-1
13689,1077,1963,1
13690,20,205,-1
13691,1077,3867,1
13692,20,102,-1
13693,1358,12940,-1
13694,1358,23836,-1
13695,20,56,1
13696,1358,879,-1
13697,20,39928,1
13698,1107,8860,-1
13699,20,5,1
13700,1077,21481,1
13701,20,164,-1
13702,1358,18694,-1
13703,20,38735,1
13704,854,50762,-1
13705,20,44,1
13706,563,343,1
13707,20,179,-1
13708,563,240417,-1
13709,1440,2202,-1
13710,20,25,1
13711,1276,55,-1
13712,1358,19,-1
13713,20,97,1
13714,1440,32,-1
13715,1276,5,-1
13716,20,6,1
13717,1358,11006,-1
13718,1440,218,-1
13719,20,20,1
13720,1276,31,-1
13721,1480,9141,1
13722,131,143,1
13723,20,105,-1
13724,1440,939,-1
13725,1440,31,-1
13726,20,20,1
13727,1440,17,-1
13728,1112,17,-1
13729,20,10,1
13730,1077,6454,1
13731,20,184,-1
13732,1358,4781,-1
13733,1440,26852,-1
13734,20,44,1
13735,1440,50,-1
13736,1194,20,-1
13737,20,10,1
13738,1480,52376,1
13739,131,48,1
13740,20,142,-1
13741,1077,1923,1
13742,20,139,-1
13743,1149,11772,-1
13744,20,39252,1
13745,1077,15651,1
13746,20,190,-1
13747,1077,64694,1
13748,20,247,-1
13749,1077,11355,1
13750,20,272,-1
13751,1077,264,1
13752,20,233,-1
13753,1480,425,1
13754,645,118,1
13755,20,87,-1
13756,1480,195,1
13757,645,75,1
13758,20,261,-1
13759,563,39700,-1
13760,20,247,1
13761,1358,54403,-1
13762,20,721,1
13763,1358,34435,-1
13764,563,3516,1
13765,20,421,-1
13766,1358,31908,-1
13767,893,5914,-1
13768,20,110,1
13769,563,1446,1
13770,20,612,-1
13771,563,4006,1
13772,20,559,-1
13773,563,936,1
13774,20,108,-1
13775,563,788,1
13776,20,137,-1
13777,1358,21232,-1
13778,1440,13648,-1
13779,20,37,1
13780,1276,40,-1
13781,563,1400,1
13782,20,103,-1
13783,1358,56456,-1
13784,1358,2668,-1
13785,20,39,1
13786,1440,52,-1
13787,1276,10,-1
13788,20,8,1
13789,1440,2228,-1
13790,1440,30,-1
13791,20,10,1
13792,1194,25,-1
13793,563,676,1
13794,20,308,-1
13795,1440,1589,-1
13796,1276,41,-1
13797,20,15,1
13798,1358,35,-1
13799,1077,7869,1
13800,20,153,-1
13801,1440,2438,-1
13802,1440,31,-1
13803,20,10,1
13804,1194,24,-1
13805,1358,2159,-1
13806,20,18,1
13807,563,409,1
13808,20,147,-1
13809,1358,1297,-1
13810,1440,6483,-1
13811,20,42,1
13812,1276,46,-1
13813,1358,9,-1
13814,20,9,1
13815,1440,1172,-1
13816,1276,31,-1
13817,20,11,1
13818,1358,416,-1
13819,563,46,1
13820,20,114,-1
13821,1440,1533,-1
13822,1440,34,-1
13823,20,11,1
13824,1194,30,-1
13825,1142,1186,-1
13826,20,22,1
13827,1440,7156,-1
13828,1440,77,-1
13829,20,25,1
13830,1194,54,-1
13831,1440,10432,-1
13832,20,41,1
13833,1276,59,-1
13834,1440,267,-1
13835,20,21,1
13836,1440,66,-1
13837,1194,9,-1
13838,20,10,1
13839,1440,22,-1
13840,1440,9,-1
13841,20,9,1
13842,1440,20,-1
13843,1112,7,-1
13844,20,13,1
13845,1077,1028,1
13846,20,223,-1
13847,1440,13993,-1
13848,1276,41,-1
13849,20,15,1
13850,1358,63956,-1
13851,1440,81,-1
13852,20,25,1
13853,1276,64,-1
13854,1440,15,-1
13855,20,15,1
13856,1276,42,-1
13857,563,1740,1
13858,20,12346,-1
13859,1440,12318,-1
13860,1440,28,-1
13861,20,11,1
13862,1440,29,-1
13863,563,237,1
13864,1440,478,-1
13865,1440,36,-1
13866,20,19,1
13867,1440,21,-1
13868,1440,6,-1
13869,20,6,1
13870,1440,16,-1
13871,1440,5,-1
13872,20,6,1
13873,1440,15,-1
13874,1440,6,-1
13875,20,6,1
13876,1440,24,-1
13877,1440,5,-1
13878,1440,3,-1
13879,210,4,-1
13880,1440,3,-1
13881,1440,2,-1
13882,1194,4,-1
13883,20,3,-1
13884,20,77,1
13885,1358,1785,-1
13886,1440,256,-1
13887,20,11,1
13888,1440,28,-1
13889,1194,6,-1
13890,20,5,1
13891,563,246,1
13892,20,88,-1
13893,1440,1929,-1
13894,1440,22,-1
13895,20,8,1
13896,1440,20,-1
13897,1112,5,-1
13898,20,5,1
13899,1440,6896,-1
13900,1440,23,-1
13901,20,7,1
13902,1440,21,-1
13903,1112,6,-1
13904,20,5,1
13905,1358,15,-1
13906,1440,27117,-1
13907,20,36,1
13908,1440,45,-1
13909,1440,8,-1
13910,20,248,1
13911,1112,21,-1
13912,1440,7,-1
13913,20,9,1
13914,1440,17,-1
13915,1194,5,-1
13916,20,5,1
13917,1440,14,-1
13918,1276,5,-1
13919,1358,3,-1
13920,1440,4,-1
13921,1276,3,-1
13922,1358,3,-1
13923,20,73,1
13924,563,211,1
13925,20,94,-1
13926,563,304,1
13927,20,92,-1
13928,1440,87339,-1
13929,1440,47,-1
13930,20,11,1
13931,1194,29,-1
13932,1440,5,-1
13933,20,7,1
13934,1440,14,-1
13935,1440,6,-1
13936,20,5,1
13937,1112,14,-1
13938,1440,4,-1
13939,1440,4,-1
13940,1194,4,-1
13941,1358,4,-1
13942,20,186,1
13943,1440,294,-1
13944,1276,13,-1
13945,1440,4,-1
13946,1440,4,-1
13947,1194,2,-1
13948,1440,4,-1
13949,1276,4,-1
13950,1440,58,-1
13951,20,2,1
13952,1440,3,-1
13953,1194,4,-1
13954,20,28,1
13955,563,749,1
13956,20,86,-1
13957,563,519,1
13958,20,61,-1
13959,1440,5362,-1
13960,1440,275,-1
13961,20,30,1
13962,1440,75,-1
13963,1112,20,-1
13964,20,20,1
13965,1440,51,-1
13966,1440,18,-1
13967,20,19,1
13968,1440,49,-1
13969,1440,16,-1
13970,1030,12,-1
13971,20,558,1
13972,563,3791,1
13973,1440,817,-1
13974,1440,74,-1
13975,20,29,1
13976,1440,77,-1
13977,1440,20,-1
13978,20,20,1
13979,1440,52,-1
13980,1440,16,-1
13981,20,20,1
13982,1440,49,-1
13983,784,16,-1
13984,20,12,-1
13985,20,693,1
13986,563,797,1
13987,20,277,-1
13988,1440,66164,-1
13989,1440,51,-1
13990,20,103,1
13991,1194,24,-1
13992,1440,5,-1
13993,20,7,1
13994,1440,13,-1
13995,1440,6,-1
13996,20,5,1
13997,1112,12,-1
13998,1440,5,-1
13999,20,5,1
14000,1440,13,-1
14001,1440,5,-1
14002,20,5,1
14003,1112,12,-1
14004,1440,5,-1
14005,20,5,1
14006,1440,13,-1
14007,1194,5,-1
14008,20,5,1
14009,1440,14,-1
14010,1440,5,-1
14011,20,5,1
14012,1194,14,-1
14013,563,300,1
14014,20,77,-1
14015,1077,1980,1
14016,20,85,-1
14017,1440,45240,-1
14018,1440,68,-1
14019,20,18,1
14020,1440,47,-1
14021,1112,11,-1
14022,20,12,1
14023,1440,26,-1
14024,1440,9,-1
14025,20,10,1
14026,1440,23,-1
14027,1440,10,-1
14028,20,11,1
14029,1440,23,-1
14030,1440,9,-1
14031,20,10,1
14032,1440,24,-1
14033,784,8,-1
14034,1440,279,-1
14035,20,7,1
14036,1440,9,-1
14037,1194,5,-1
14038,20,46,1
14039,1440,418,-1
14040,1440,13,-1
14041,20,12,1
14042,1440,32,-1
14043,1440,10,-1
14044,1440,7,-1
14045,1440,7,-1
14046,1440,6,-1
14047,1440,5,-1
14048,1440,6,-1
14049,620,5,-1
14050,20,283,1
14051,563,2799,1
14052,20,185,-1
14053,563,645,1
14054,20,245,-1
14055,1440,606,-1
14056,1440,25,-1
14057,20,10,1
14058,1440,24,-1
14059,1112,10,-1
14060,20,8,1
14061,1440,9717,-1
14062,1440,33,-1
14063,20,9,1
14064,1440,15,-1
14065,1112,8,-1
14066,20,10,1
14067,1440,778,-1
14068,1276,30,-1
14069,20,12,1
14070,1440,32,-1
14071,1276,10,-1
14072,20,10,1
14073,1440,27,-1
14074,1440,10,-1
14075,20,7,1
14076,1194,20,-1
14077,1358,5,-1
14078,20,6,1
14079,1440,16,-1
14080,1440,5,-1
14081,1194,4,-1
14082,20,199,1
14083,563,1368,1
14084,20,131,-1
14085,1440,110389,-1
14086,1276,60,-1
14087,20,25,1
14088,1440,28,-1
14089,1276,7,-1
14090,20,8,1
14091,1480,710,1
14092,645,30,1
14093,20,60,-1
14094,1077,866,1
14095,20,154,-1
14096,1440,128626,-1
14097,1276,92,-1
14098,20,25,1
14099,1440,110,-1
14100,1440,15,-1
14101,20,17,1
14102,1440,79,-1
14103,1440,11,-1
14104,20,15,1
14105,1440,64,-1
14106,1440,11,-1
14107,20,15,1
14108,1440,41,-1
14109,1440,11,-1
14110,1440,9,-1
14111,1440,9,-1
14112,1440,7,-1
14113,1440,9,-1
14114,1440,9,-1
14115,1440,7,-1
14116,1440,10,-1
14117,1440,8,-1
14118,1440,9,-1
14119,1440,8,-1
14120,1440,9,-1
14121,1440,9,-1
14122,1440,8,-1
14123,1440,8,-1
14124,1440,9,-1
14125,1440,8,-1
14126,1440,8,-1
14127,563,2412,1
14128,20,169,-1
14129,563,1424,1
14130,20,164,-1
14131,1077,1649,1
14132,1440,94,-1
14133,1440,21,-1
14134,1194,12,-1
14135,1440,13,-1
14136,1440,11,-1
14137,1440,12,-1
14138,20,10,1
14139,1112,1,-1
14140,1440,10,-1
14141,1440,11,-1
14142,1194,11,-1
14143,1440,10,-1
14144,1440,10,-1
14145,1440,11,-1
14146,20,10,1
14147,1112,0,-1
14148,1358,11,-1
14149,20,10,-1
14150,20,800,1
14151,563,1322,1
14152,20,301,-1
14153,1077,127,1
14154,20,173,-1
14155,563,3748,1
14156,20,151,-1
14157,1077,610,1
14158,20,252,-1
14159,563,941,1
14160,20,125,-1
14161,563,1570,1
14162,20,112,-1
14163,563,360,1
14164,20,163,-1
14165,1440,9969,-1
14166,1440,34,-1
14167,20,10,1
14168,1194,11,-1
14169,1440,5,-1
14170,20,5,1
14171,1440,20,-1
14172,1440,8,-1
14173,20,9,1
14174,1440,21,-1
14175,1030,6,-1
14176,20,9,1
14177,913,427,-1
14178,563,164,1
14179,20,123,-1
14180,1077,1555,1
14181,20,173,-1
14182,1077,61,1
14183,20,83,-1
14184,1358,12700,-1
14185,1440,1921,-1
14186,20,22,1
14187,1276,36,-1
14188,1440,2686,-1
14189,20,16,1
14190,1440,35,-1
14191,1194,6,-1
14192,20,6,1
14193,1358,2562,-1
14194,1358,1830,-1
14195,20,18,1
14196,1077,33006,1
14197,20,128,-1
14198,1440,45491,-1
14199,1440,65,-1
14200,20,20,1
14201,1440,20,-1
14202,1440,10,-1
14203,20,10,1
14204,1440,30,-1
14205,948,10,-1
14206,20,10,1
14207,1358,22,-1
14208,1440,868,-1
14209,20,16,1
14210,1276,30,-1
14211,1440,10,-1
14212,20,10,1
14213,1440,25,-1
14214,1194,16,-1
14215,20,11,1
14216,1358,2110,-1
14217,1440,231,-1
14218,20,19,1
14219,1276,28,-1
14220,563,432,1
14221,1440,7,-1
14222,1440,44,-1
14223,1194,7,-1
14224,20,7,1
14225,20,76,-1
14226,1440,800,-1
14227,20,16,1
14228,1440,41,-1
14229,1440,10,-1
14230,20,11,1
14231,1440,30,-1
14232,1440,10,-1
14233,20,10,1
14234,948,28,-1
14235,1358,9,-1
14236,20,11,1
14237,563,587,1
14238,20,91,-1
14239,563,1453,1
14240,20,113,-1
14241,1440,1013,-1
14242,1440,95,-1
14243,20,42,1
14244,1194,106,-1
14245,1077,4402,1
14246,20,105,-1
14247,1077,247,1
14248,20,170,-1
14249,1077,153,1
14250,20,122,-1
14251,1077,200,1
14252,20,62,-1
14253,1440,11169,-1
14254,1440,49,-1
14255,20,12,1
14256,1194,14,-1
14257,1440,8,-1
14258,20,5,1
14259,1440,20,-1
14260,1194,5,-1
14261,20,8,1
14262,563,578,1
14263,20,194,-1
14264,1440,1968,-1
14265,1276,24,-1
14266,20,8,1
14267,1440,14721,-1
14268,1276,46,-1
14269,20,10,1
14270,1358,26,-1
14271,1440,2725,-1
14272,20,68,1
14273,1440,146,-1
14274,1194,27,-1
14275,20,26,1
14276,1440,3360,-1
14277,1440,48,-1
14278,20,11,1
14279,1194,13,-1
14280,1077,16263,1
14281,20,195,-1
14282,1440,64999,-1
14283,1440,46,-1
14284,20,12,1
14285,1194,25,-1
14286,1440,721,-1
14287,20,16,1
14288,1440,48,-1
14289,1440,6,-1
14290,20,6,1
14291,1440,25,-1
14292,1030,6,-1
14293,20,6,1
14294,1440,15,-1
14295,1440,5,-1
14296,20,6,1
14297,1194,13,-1
14298,1440,5,-1
14299,20,5,1
14300,1440,14,-1
14301,1440,5,-1
14302,1112,2,-1
14303,20,170,1
14304,563,76,1
14305,20,54,-1
14306,563,261,1
14307,20,81,-1
14308,1440,12,-1
14309,1440,5,-1
14310,20,7,1
14311,1194,20,-1
14312,1440,7,-1
14313,1440,4,-1
14314,1440,3,-1
14315,1112,3,-1
14316,20,84,1
14317,563,249,1
14318,20,90,-1
14319,1440,4462,-1
14320,1440,21,-1
14321,20,18,1
14322,1440,34,-1
14323,1112,6,-1
14324,20,5,1
14325,1440,61,-1
14326,1440,7,-1
14327,20,5,1
14328,1440,42,-1
14329,1440,8,-1
14330,20,7,1
14331,1030,40,-1
14332,1440,6,-1
14333,20,7,1
14334,1276,18,-1
14335,1077,8154,1
14336,20,149,-1
14337,1077,1673,1
14338,20,133,-1
14339,563,4292,1
14340,20,144,-1
14341,563,170,1
14342,20,72,-1
14343,563,1346,1
14344,20,108,-1
14345,563,732,1
14346,20,61,-1
14347,1480,206,1
14348,131,71,1
14349,20,55,-1
14350,1077,239,1
14351,20,85,-1
14352,1077,540,1
14353,20,63,-1
14354,1440,14079,-1
14355,1440,56,-1
14356,20,15,1
14357,1440,18,-1
14358,1112,7,-1
14359,20,9,1
14360,1440,30,-1
14361,1276,7,-1
14362,20,10,1
14363,1440,167,-1
14364,1440,10,-1
14365,20,9,1
14366,1194,23,-1
14367,1440,7,-1
14368,20,8,1
14369,1276,20,-1
14370,1440,2828,-1
14371,20,51,1
14372,1440,199,-1
14373,1440,29,-1
14374,20,30,1
14375,1112,82,-1
14376,563,235,1
14377,20,190,-1
14378,1358,20364,-1
14379,1440,54,-1
14380,20,20,1
14381,1276,47,-1
14382,563,792,1
14383,20,236,-1
14384,1440,66659,-1
14385,1440,96,-1
14386,20,37,1
14387,1440,49,-1
14388,1440,23,-1
14389,20,33,1
14390,1030,78,-1
14391,1440,25,-1
14392,20,25,1
14393,1440,67,-1
14394,1194,19,-1
14395,20,23,1
14396,1440,38,-1
14397,1440,15,-1
14398,20,22,1
14399,1440,30,-1
14400,1440,15,-1
14401,20,21,1
14402,1030,94,-1
14403,1440,20,-1
14404,20,25,1
14405,1440,58,-1
14406,1440,20,-1
14407,20,87,1
14408,1440,61,-1
14409,1440,20,-1
14410,20,21,1
14411,948,48,-1
14412,563,2485,1
14413,20,357,-1
14414,1440,19184,-1
14415,1440,49,-1
14416,20,16,1
14417,1440,34,-1
14418,1112,10,-1
14419,20,9,1
14420,1440,24,-1
14421,1440,6,-1
14422,20,9,1
14423,1440,22,-1
14424,1440,8,-1
14425,20,9,1
14426,1030,20,-1
14427,1440,7,-1
14428,20,9,1
14429,1440,20,-1
14430,1440,9,-1
14431,20,9,1
14432,1112,22,-1
14433,1358,6,-1
14434,20,10,1
14435,1358,20,-1
14436,1358,7,-1
14437,20,9,1
14438,563,693,1
14439,20,66,-1
14440,1358,12531,-1
14441,1440,293,-1
14442,20,18,1
14443,1440,38,-1
14444,1440,9,-1
14445,20,10,1
14446,1112,25,-1
14447,1440,9,-1
14448,20,10,1
14449,1276,21,-1
14450,1440,7,-1
14451,20,9,1
14452,1440,22,-1
14453,1194,6,-1
14454,20,9,1
14455,563,288,1
14456,20,117,-1
14457,1440,23090,-1
14458,1276,45,-1
14459,20,67,1
14460,1440,30,-1
14461,1276,9,-1
14462,20,7,1
14463,1440,30,-1
14464,1276,8,-1
14465,20,7,1
14466,1358,20,-1
14467,1440,7,-1
14468,20,7,1
14469,1276,18,-1
14470,563,787,1
14471,20,108,-1
14472,1440,67003,-1
14473,1440,43,-1
14474,20,21,1
14475,1194,25,-1
14476,1440,166,-1
14477,20,10,1
14478,1440,27,-1
14479,1440,5,-1
14480,20,5,1
14481,1440,12,-1
14482,1030,5,-1
14483,20,5,1
14484,1358,13,-1
14485,1440,280,-1
14486,20,17,1
14487,1440,25,-1
14488,1440,8,-1
14489,20,8,1
14490,1440,24,-1
14491,1030,6,-1
14492,20,9,1
14493,1440,22,-1
14494,1276,9,-1
14495,1440,5,-1
14496,1276,5,-1
14497,1440,5,-1
14498,1276,5,-1
14499,20,38,1
14500,563,1163,1
14501,20,193,-1
14502,1440,34656,-1
14503,1276,58,-1
14504,20,25,1
14505,1440,33,-1
14506,1440,10,-1
14507,20,8,1
14508,1440,32,-1
14509,1440,8,-1
14510,20,8,1
14511,1440,57,-1
14512,1440,9,-1
14513,1440,5,-1
14514,1440,15,-1
14515,702,14,-1
14516,1358,3,-1
14517,1440,5,-1
14518,1440,5,-1
14519,1194,5,-1
14520,20,87,1
14521,563,205,1
14522,20,124,-1
14523,563,633,1
14524,20,143,-1
14525,1440,277,-1
14526,1276,36,-1
14527,20,20,1
14528,1440,151598,-1
14529,1440,75,-1
14530,20,16,1
14531,1440,25,-1
14532,1440,9,-1
14533,1440,5,-1
14534,1440,4,-1
14535,1440,5,-1
14536,1440,5,-1
14537,1440,5,-1
14538,1440,4,-1
14539,1440,5,-1
14540,1440,5,-1
14541,20,0,1
14542,1440,3,-1
14543,1440,5,-1
14544,1440,4,-1
14545,1440,5,-1
14546,1440,30,-1
14547,1440,5,-1
14548,1440,5,-1
14549,1440,5,-1
14550,1440,5,-1
14551,1440,5,-1
14552,1440,5,-1
14553,1440,5,-1
14554,1440,5,-1
14555,1440,4,-1
14556,1440,5,-1
14557,1440,5,-1
14558,1440,5,-1
14559,563,758,1
14560,20,66,-1
14561,563,1482,1
14562,20,59,-1
14563,1077,694,1
14564,20,72,-1
14565,563,1358,1
14566,20,191,-1
14567,1077,535,1
14568,20,65,-1
14569,1077,28915,1
14570,20,226,-1
14571,563,452,1
14572,20,65,-1
14573,1358,38173,-1
14574,563,389,1
14575,20,123,-1
14576,1440,1506,-1
14577,1440,23,-1
14578,1194,5,-1
14579,20,55,1
14580,1440,25,-1
14581,1276,9,-1
14582,20,223,1
14583,1440,27975,-1
14584,1276,28,-1
14585,20,12,1
14586,1440,26,-1
14587,1276,8,-1
14588,20,30,1
14589,1440,827,-1
14590,1440,146,-1
14591,20,10,1
14592,1194,25,-1
14593,1440,7,-1
14594,1440,5,-1
14595,1194,5,-1
14596,1440,5,-1
14597,1276,5,-1
14598,1358,5,-1
14599,1440,5,-1
14600,1440,4,-1
14601,1194,5,-1
14602,1440,5,-1
14603,1440,5,-1
14604,1194,4,-1
14605,20,209,1
14606,1440,138,-1
14607,1440,10,-1
14608,20,8,1
14609,1194,221,-1
14610,1358,8,-1
14611,1440,167,-1
14612,1440,10,-1
14613,1194,4,-1
14614,563,1,1
14615,1358,3,-1
14616,20,115,-1
14617,20,57,1
14618,563,281,1
14619,20,72,-1
14620,1440,22130,-1
14621,1276,53,-1
14622,20,12,1
14623,1358,43,-1
14624,1440,9,-1
14625,1440,5,-1
14626,1194,4,-1
14627,1358,14,-1
14628,20,25,1
14629,563,428,1
14630,20,66,-1
14631,1358,122,-1
14632,1077,35125,1
14633,20,193,-1
14634,563,589,1
14635,20,81,-1
14636,1077,4117,1
14637,20,133,-1
14638,563,51,1
14639,20,82,-1
14640,1077,10161,1
14641,20,104,-1
14642,1358,23198,-1
14643,1440,1516,-1
14644,1440,30,-1
14645,1194,6,-1
14646,20,56,1
14647,563,379,1
14648,20,66,-1
14649,1440,167,-1
14650,1276,30,-1
14651,1358,17,-1
14652,20,62,1
14653,563,231,1
14654,20,94,-1
14655,1077,798,1
14656,20,126,-1
14657,1440,29468,-1
14658,1276,51,-1
14659,1440,5,-1
14660,1440,3,-1
14661,1440,4,-1
14662,1112,5,-1
14663,1440,3,-1
14664,1440,4,-1
14665,1440,3,-1
14666,1112,4,-1
14667,20,76,1
14668,1440,37,-1
14669,1440,13,-1
14670,1440,4,-1
14671,1440,2,-1
14672,1030,4,-1
14673,1440,77,-1
14674,1440,5,-1
14675,1194,4,-1
14676,1440,2,-1
14677,1440,4,-1
14678,1194,3,-1
14679,1440,3,-1
14680,1276,3,-1
14681,1358,4,-1
14682,1440,2,-1
14683,1276,3,-1
14684,20,135,1
14685,563,2563,1
14686,20,187,-1
14687,563,691,1
14688,20,77,-1
14689,563,316,1
14690,20,73,-1
14691,1358,27897,-1
14692,1440,56,-1
14693,1440,5,-1
14694,1194,5,-1
14695,1440,5,-1
14696,1440,5,-1
14697,1440,5,-1
14698,1112,3,-1
14699,20,66,1
14700,563,1252,1
14701,20,97,-1
14702,1077,1946,1
14703,20,102,-1
14704,563,10597,1
14705,20,108,-1
14706,1440,83842,-1
14707,1276,52,-1
14708,1440,9,-1
14709,1276,5,-1
14710,1440,5,-1
14711,1276,5,-1
14712,1440,5,-1
14713,1276,5,-1
14714,1440,5,-1
14715,1440,5,-1
14716,1440,5,-1
14717,1112,4,-1
14718,1440,5,-1
14719,1440,5,-1
14720,1440,3,-1
14721,1112,5,-1
14722,20,36,1
14723,1440,438,-1
14724,1276,12,-1
14725,20,19,1
14726,1440,32,-1
14727,1440,7,-1
14728,1440,13,-1
14729,1440,5,-1
14730,1030,5,-1
14731,1358,4,-1
14732,20,137,1
14733,563,296,1
14734,20,61,-1
14735,563,207,1
14736,20,74,-1
14737,1440,29628,-1
14738,1440,44,-1
14739,20,10,1
14740,1440,25,-1
14741,1440,5,-1
14742,1440,5,-1
14743,1440,4,-1
14744,866,3,-1
14745,1440,3,-1
14746,1440,4,-1
14747,1440,4,-1
14748,1112,3,-1
14749,20,30,1
14750,1440,159,-1
14751,1440,44,-1
14752,1194,21,-1
14753,1358,20,-1
14754,20,475,1
14755,563,2289,1
14756,20,211,-1
14757,1440,67358,-1
14758,1440,141,-1
14759,20,41,1
14760,1440,110,-1
14761,1112,40,-1
14762,1358,18,-1
14763,20,119,1
14764,1440,26479,-1
14765,1276,51,-1
14766,20,10,1
14767,1440,25,-1
14768,1440,7,-1
14769,1194,5,-1
14770,1440,2,-1
14771,1440,4,-1
14772,1440,4,-1
14773,1440,4,-1
14774,1030,2,-1
14775,1440,4,-1
14776,1440,2,-1
14777,1194,4,-1
14778,20,23,1
14779,563,694,1
14780,20,83,-1
14781,563,189,1
14782,20,218,-1
14783,1077,869,1
14784,20,92,-1
14785,563,269,1
14786,20,92,-1
14787,1077,10063,1
14788,20,152,-1
14789,563,446,1
14790,20,215,-1
14791,563,8931,1
14792,20,110,-1
14793,563,858,1
14794,20,117,-1
14795,1440,7388,-1
14796,1276,39,-1
14797,1440,15,-1
14798,1276,5,-1
14799,1358,5,-1
14800,20,71,1
14801,1077,1446,1
14802,20,216,-1
14803,1440,118,-1
14804,1440,17,-1
14805,1194,5,-1
14806,1440,5,-1
14807,1440,5,-1
14808,1440,4,-1
14809,1112,5,-1
14810,1440,4,-1
14811,1440,5,-1
14812,1440,5,-1
14813,1440,5,-1
14814,1030,4,-1
14815,1358,5,-1
14816,20,195,1
14817,563,767,1
14818,20,78,-1
14819,563,1326,1
14820,20,56,-1
14821,1358,65439,-1
14822,1440,148,-1
14823,1440,10,-1
14824,1194,5,-1
14825,1440,5,-1
14826,1276,5,-1
14827,20,34,1
14828,1440,61,-1
14829,1276,8,-1
14830,1440,5,-1
14831,1276,4,-1
14832,1440,117,-1
14833,1440,8,-1
14834,1194,5,-1
14835,20,217,1
14836,563,1312,1
14837,20,87,-1
14838,1440,58571,-1
14839,1276,77,-1
14840,20,25,1
14841,1440,55,-1
14842,1440,11,-1
14843,1440,8,-1
14844,1112,5,-1
14845,1440,5,-1
14846,1440,5,-1
14847,1194,6,-1
14848,1440,5,-1
14849,1440,5,-1
14850,1194,6,-1
14851,20,2,1
14852,1440,4,-1
14853,1276,5,-1
14854,1440,5,-1
14855,1276,14,-1
14856,1358,762,-1
14857,20,407,1
14858,1358,2013,-1
14859,1440,50,-1
14860,20,33,1
14861,1440,87,-1
14862,1440,3,-1
14863,1440,46,-1
14864,1440,15,-1
14865,1440,34,-1
14866,1440,25,-1
14867,784,15,-1
14868,1440,15,-1
14869,1440,15,-1
14870,1440,15,-1
14871,1440,15,-1
14872,1440,14,-1
14873,948,15,-1
14874,1358,14,-1
14875,563,649,1
14876,20,2341,-1
14877,563,2186,1
14878,20,118,-1
14879,1077,997,1
14880,20,108,-1
14881,1440,118099,-1
14882,1440,53,-1
14883,1194,6,-1
14884,1440,5,-1
14885,1440,4,-1
14886,1440,5,-1
14887,1440,5,-1
14888,1440,4,-1
14889,1440,5,-1
14890,866,5,-1
14891,1440,5,-1
14892,1440,5,-1
14893,1194,4,-1
14894,1440,5,-1
14895,1276,5,-1
14896,20,57,1
14897,563,885,1
14898,20,120,-1
14899,563,303,1
14900,20,85,-1
14901,1440,940,-1
14902,1276,34,-1
14903,20,10,1
14904,1358,23,-1
14905,1440,7,-1
14906,1276,5,-1
14907,1358,5,-1
14908,20,43,1
14909,1440,66,-1
14910,1440,8,-1
14911,1440,5,-1
14912,1112,4,-1
14913,1440,5,-1
14914,1276,6,-1
14915,1440,91,-1
14916,1276,6,-1
14917,1358,4,-1
14918,1358,72,-1
14919,1358,6,-1
14920,20,96,1
14921,1440,7246,-1
14922,1440,106,-1
14923,20,28,1
14924,1440,89,-1
14925,1112,20,-1
14926,1358,11,-1
14927,1440,13,-1
14928,1276,12,-1
14929,1440,10,-1
14930,1440,10,-1
14931,1194,12,-1
14932,1440,12,-1
14933,1440,13,-1
14934,20,0,1
14935,1440,11,-1
14936,1440,12,-1
14937,1030,11,-1
14938,20,768,1
14939,563,1387,1
14940,20,169,-1
14941,563,191,1
14942,20,149,-1
14943,1480,210,1
14944,131,56,1
14945,20,53,-1
14946,1440,117839,-1
14947,1440,90,-1
14948,1440,13,-1
14949,1440,10,-1
14950,1030,9,-1
14951,1440,7,-1
14952,1440,9,-1
14953,1194,8,-1
14954,1440,7,-1
14955,1276,10,-1
14956,1440,7,-1
14957,1440,82,-1
14958,1440,15,-1
14959,1112,14,-1
14960,1440,15,-1
14961,1440,15,-1
14962,1194,15,-1
14963,20,53,1
14964,20,2362,1
14965,1440,5577,-1
14966,1440,63,-1
14967,20,36,1
14968,1440,164,-1
14969,1440,58,-1
14970,1030,20,-1
14971,1440,15,-1
14972,1440,15,-1
14973,1440,13,-1
14974,1440,14,-1
14975,1440,15,-1
14976,1440,14,-1
14977,1440,15,-1
14978,1440,17,-1
14979,1440,20,-1
14980,620,25,-1
14981,1358,16,-1
14982,20,1191,1
14983,563,612,1
14984,20,476,-1
14985,1480,2640,1
14986,131,64,1
14987,20,118,-1
14988,1077,776,1
14989,20,184,-1
14990,1480,306,1
14991,131,36,1
14992,20,53,-1
14993,563,347,1
14994,20,244,-1
14995,1440,5203,-1
14996,1276,42,-1
14997,20,85,1
14998,1440,374,-1
14999,1276,11,-1
15000,1440,4,-1
15001,1276,5,-1
15002,20,19,1
15003,1440,113,-1
15004,1440,7,-1
15005,20,9,1
15006,1440,22,-1
15007,1112,6,-1
15008,1440,5,-1
15009,1440,3,-1
15010,1194,4,-1
15011,1358,41,-1
15012,563,118,1
15013,20,74,-1
15014,1077,2035,1
15015,20,103,-1
15016,563,233,1
15017,20,144,-1
15018,1440,104316,-1
15019,1440,51,-1
15020,1440,5,-1
15021,1440,5,-1
15022,1030,5,-1
15023,20,110,1
15024,1440,281,-1
15025,1276,14,-1
15026,1440,5,-1
15027,1440,5,-1
15028,1440,4,-1
15029,1440,5,-1
15030,1030,4,-1
15031,1440,5,-1
15032,1440,3,-1
15033,1440,5,-1
15034,1112,4,-1
15035,1358,4,-1
15036,20,0,1
15037,1358,4,-1
15038,20,31,1
15039,563,267,1
15040,20,103,-1
15041,1480,706,1
15042,1480,68,1
15043,213,22,1
15044,20,91,-1
15045,20,8,-1
15046,1077,629,1
15047,20,119,-1
15048,1077,140,1
15049,20,69,-1
15050,1440,11312,-1
15051,1440,66,-1
15052,1194,6,-1
15053,1440,5,-1
15054,1276,5,-1
15055,1440,4,-1
15056,1440,5,-1
15057,1440,4,-1
15058,1112,5,-1
15059,1440,4,-1
15060,1440,5,-1
15061,1194,4,-1
15062,1440,4,-1
15063,1440,4,-1
15064,1440,5,-1
15065,1112,5,-1
15066,20,31,1
15067,563,1118,1
15068,20,106,-1
15069,563,160,1
15070,20,144,-1
15071,1358,14172,-1
15072,1358,49,-1
15073,20,12,1
15074,1358,29,-1
15075,1358,6,-1
15076,20,53,1
15077,1358,5,-1
15078,1358,91,-1
15079,20,185,1
15080,1440,685,-1
15081,1276,22,-1
15082,20,10,1
15083,1440,28,-1
15084,1276,6,-1
15085,1358,4,-1
15086,20,14,1
15087,20,39848,1
15088,1440,187358,-1
15089,20,120,1
15090,1440,58,-1
15091,20,24,1
15092,1440,142,-1
15093,20,20,1
15094,1440,98,-1
15095,20,20,1
15096,1440,40,-1
15097,20,41,1
15098,1440,75,-1
15099,20,20,1
15100,1440,61,-1
15101,20,22,1
15102,1440,43,-1
15103,20,20,1
15104,1440,41,-1
15105,20,20,1
15106,1440,292,-1
15107,20,25,1
15108,1440,105,-1
15109,20,22,1
15110,1440,47,-1
15111,20,21,1
15112,1440,40,-1
15113,20,21,1
15114,1440,39,-1
15115,20,20,1
15116,1440,46,-1
15117,20,21,1
15118,1440,64,-1
15119,1077,6124,1
15120,20,335,-1
15121,563,1682,1
15122,20,223,-1
15123,563,496,1
15124,20,76,-1
15125,1077,396,1
15126,20,113,-1
15127,1077,47,1
15128,20,107,-1
15129,563,1091,1
15130,20,77,-1
15131,1358,691,-1
15132,1440,9,-1
15133,20,8,1
15134,1276,23,-1
15135,1358,364,-1
15136,20,185,1
15137,1358,138,-1
15138,1358,9,-1
15139,20,10,1
15140,563,859,1
15141,20,118,-1
15142,1440,133,-1
15143,1440,9,-1
15144,20,10,1
15145,1194,43,-1
15146,1358,36,-1
15147,1358,4,-1
15148,20,185,1
15149,563,98,1
15150,20,121,-1
15151,1077,36216,1
15152,20,210,-1
15153,1440,16923,-1
15154,1440,50,-1
15155,1194,5,-1
15156,20,97,1
15157,1440,855,-1
15158,1440,77,-1
15159,20,30,1
15160,1194,87,-1
15161,1440,22,-1
15162,1440,16,-1
15163,1440,15,-1
15164,1440,15,-1
15165,1030,13,-1
15166,20,30,1
15167,1480,3238,1
15168,1159,301,1
15169,20,209,-1
15170,1480,118,1
15171,1159,135,1
15172,20,195,-1
15173,1077,338,1
15174,20,177,-1
15175,1480,581,1
15176,131,214,1
15177,20,247,-1
15178,1440,54167,-1
15179,1440,122,-1
15180,20,30,1
15181,1194,67,-1
15182,1440,674,-1
15183,1276,38,-1
15184,20,319,1
15185,1440,504,-1
15186,1276,15,-1
15187,1358,11,-1
15188,1358,10,-1
15189,1440,10,-1
15190,1276,10,-1
15191,20,138,1
15192,563,7521,1
15193,20,195,-1
15194,563,6925,1
15195,20,83,-1
15196,1440,818,-1
15197,1276,33,-1
15198,1358,7,-1
15199,20,64,1
15200,1440,961,-1
15201,1440,29,-1
15202,20,10,1
15203,1194,16,-1
15204,563,346,1
15205,20,191,-1
15206,1440,591,-1
15207,1440,25,-1
15208,1194,5,-1
15209,1440,5,-1
15210,1440,5,-1
15211,1194,5,-1
15212,1077,85,1
15213,20,80,-1
15214,563,413,1
15215,20,74,-1
15216,563,2793,1
15217,20,300,-1
15218,563,22,1
15219,20,102,-1
15220,1440,43671,-1
15221,1440,54,-1
15222,1194,6,-1
15223,20,150,1
15224,1440,788,-1
15225,1440,31,-1
15226,407,7,-1
15227,20,77,1
15228,1440,7984,-1
15229,1276,60,-1
15230,20,126,1
15231,1358,12258,-1
15232,563,437,1
15233,20,195,-1
15234,1440,40232,-1
15235,1440,55,-1
15236,1440,5,-1
15237,1440,5,-1
15238,1440,5,-1
15239,1440,5,-1
15240,1440,4,-1
15241,1440,5,-1
15242,702,5,-1
15243,1358,3,-1
15244,20,116,1
15245,1440,760,-1
15246,1440,20,-1
15247,20,9,1
15248,1194,56,-1
15249,563,1070,1
15250,20,179,-1
15251,1440,16206,-1
15252,1440,46,-1
15253,20,13,1
15254,1440,15,-1
15255,1440,7,-1
15256,1030,5,-1
15257,1440,9,-1
15258,1440,5,-1
15259,1440,5,-1
15260,1440,4,-1
15261,1030,5,-1
15262,20,113,1
15263,1440,0,-1
15264,1440,9,-1
15265,1194,10,-1
15266,20,123,1
15267,563,1864,1
15268,20,92,-1
15269,1077,920,1
15270,20,108,-1
15271,1440,53228,-1
15272,1440,54,-1
15273,1194,6,-1
15274,1358,5,-1
15275,20,113,1
15276,1440,375,-1
15277,1276,15,-1
15278,1440,5,-1
15279,1276,4,-1
15280,20,10,1
15281,20,60,1
15282,1480,46844,1
15283,131,158,1
15284,20,133,-1
15285,1358,6392,-1
15286,1440,272,-1
15287,1276,15,-1
15288,1358,5,-1
15289,1358,75,-1
15290,20,87,1
15291,1440,409,-1
15292,1440,10,-1
15293,20,9,1
15294,1194,29,-1
15295,1440,9,-1
15296,1276,4,-1
15297,1440,5,-1
15298,1276,5,-1
15299,1358,4,-1
15300,1440,5,-1
15301,1276,5,-1
15302,20,65,1
15303,563,241,1
15304,20,133,-1
15305,563,423,1
15306,20,91,-1
15307,1440,15825,-1
15308,1276,58,-1
15309,20,18,1
15310,1440,51,-1
15311,1440,202,-1
15312,1440,13,-1
15313,1112,6,-1
15314,1440,6,-1
15315,1440,5,-1
15316,1440,7,-1
15317,1112,5,-1
15318,1440,5,-1
15319,1440,5,-1
15320,1194,6,-1
15321,20,116,1
15322,563,1321,1
15323,20,227,-1
15324,1440,69224,-1
15325,1440,54,-1
15326,1440,6,-1
15327,1440,5,-1
15328,1440,5,-1
15329,1440,3,-1
15330,1440,5,-1
15331,784,5,-1
15332,20,92,1
15333,1077,1955,1
15334,20,97,-1
15335,563,811,1
15336,20,177,-1
15337,563,5649,1
15338,20,390,-1
15339,1077,499,1
15340,20,115,-1
15341,1440,31448,-1
15342,1440,98,-1
15343,1440,18,-1
15344,1440,12,-1
15345,1440,12,-1
15346,1440,12,-1
15347,1440,13,-1
15348,1440,11,-1
15349,702,12,-1
15350,1440,12,-1
15351,1440,12,-1
15352,1440,12,-1
15353,1440,11,-1
15354,364,12,-1
15355,20,110,1
15356,563,3448,1
15357,20,681,-1
15358,1077,560,1
15359,20,263,-1
15360,563,607,1
15361,20,137,-1
15362,563,5580,1
15363,20,181,-1
15364,1077,13260,1
15365,20,180,-1
15366,1077,640,1
15367,20,143,-1
15368,1077,489,1
15369,20,140,-1
15370,1077,3207,1
15371,20,124,-1
15372,563,677,1
15373,20,147,-1
15374,1480,164,1
15375,131,31,1
15376,20,92,-1
15377,563,215,1
15378,20,96,-1
15379,563,808,1
15380,20,166,-1
15381,1077,119,1
15382,20,97,-1
15383,563,1965,1
15384,20,113,-1
15385,1077,241,1
15386,20,58,-1
15387,563,324,1
15388,20,72,-1
15389,563,939,1
15390,20,72,-1
15391,563,6894,1
15392,20,102,-1
15393,1077,2086,1
15394,20,132,-1
15395,1480,6433,1
15396,1159,45,1
15397,20,256,-1
15398,563,916,1
15399,20,164,-1
15400,563,83417,-1
15401,1358,15358,-1
15402,20,56,1
15403,1358,80,-1
15404,1358,9214,-1
15405,20,106,1
15406,1358,51043,-1
15407,1077,2447,1
15408,20,180,-1
15409,1358,14047,-1
15410,1358,2151,-1
15411,20,32,1
15412,1440,7400,-1
15413,1276,49,-1
15414,20,89,1
15415,1358,13,-1
15416,1358,4364,-1
15417,20,19,1
15418,1077,479,1
15419,20,102,-1
15420,563,1636,1
15421,20,180,-1
15422,563,105,1
15423,20,141,-1
15424,1440,3904,-1
15425,1440,32,-1
15426,1194,5,-1
15427,20,97,1
15428,1440,405,-1
15429,1440,32,-1
15430,20,12,1
15431,1440,17,-1
15432,1112,10,-1
15433,1358,10,-1
15434,20,31,1
15435,563,1158,1
15436,20,96,-1
15437,1358,818,-1
15438,563,345,1
15439,20,190,-1
15440,1440,878,-1
15441,1440,25,-1
15442,1194,8,-1
15443,1358,7,-1
15444,20,159,1
15445,1077,262,1
15446,20,303,-1
15447,1440,27,-1
15448,1276,8,-1
15449,20,210,1
15450,563,928,1
15451,20,147,-1
15452,1077,194,1
15453,20,151,-1
15454,1440,14938,-1
15455,1440,39,-1
15456,1440,6,-1
15457,1112,3,-1
15458,1440,4,-1
15459,1440,4,-1
15460,1440,4,-1
15461,1440,3,-1
15462,1440,5,-1
15463,1440,3,-1
15464,866,4,-1
15465,20,46,1
15466,1480,868,1
15467,1159,49,1
15468,20,62,-1
15469,1440,17518,-1
15470,1440,36,-1
15471,20,20,1
15472,1440,25,-1
15473,1440,5,-1
15474,1030,4,-1
15475,20,44,1
15476,563,313,1
15477,20,262,-1
15478,1440,75793,-1
15479,1276,71,-1
15480,20,19,1
15481,563,663,1
15482,20,216,-1
15483,1440,4697,-1
15484,1440,46,-1
15485,20,15,1
15486,1440,42,-1
15487,1112,12,-1
15488,1358,7,-1
15489,20,127,1
15490,563,3211,1
15491,20,299,-1
15492,1440,7738,-1
15493,1440,26,-1
15494,1440,5,-1
15495,1112,4,-1
15496,20,68,1
15497,1440,452,-1
15498,436,19,-1
15499,20,6,1
15500,1077,423,1
15501,20,198,-1
15502,1077,96,1
15503,20,161,-1
15504,563,855,1
15505,20,81,-1
15506,563,123,1
15507,20,92,-1
15508,1106,126312,-1
15509,1480,1828,1
15510,1159,99,1
15511,20,176,-1
15512,563,1327,1
15513,20,166,-1
15514,1358,35141,-1
15515,1440,79,-1
15516,1276,10,-1
15517,1440,6,-1
15518,1276,10,-1
15519,20,172,1
15520,1358,1113,-1
15521,1440,998,-1
15522,20,25,1
15523,1276,71,-1
15524,1358,1514,-1
15525,20,36,1
15526,1358,2907,-1
15527,1358,41,-1
15528,20,101,1
15529,1358,550,-1
15530,1440,1805,-1
15531,20,47,1
15532,1440,62,-1
15533,1194,14,-1
15534,20,258,1
15535,563,1386,1
15536,20,167,-1
15537,1358,22590,-1
15538,563,902,1
15539,20,313,-1
15540,1077,751,1
15541,20,204,-1
15542,1480,35677,1
15543,131,213,1
15544,20,1110,-1
15545,1077,41,1
15546,20,162,-1
15547,1077,778,1
15548,20,210,-1
15549,1480,4091,1
15550,645,30,1
15551,20,72,-1
15552,606,13285,-1
15553,1480,9433,1
15554,131,348,1
15555,20,92,-1
15556,1358,71148,-1
15557,1077,859,1
15558,20,95,-1
15559,1440,200,-1
15560,1276,22,-1
15561,20,76,1
15562,1358,530,-1
15563,1440,226,-1
15564,20,12,1
15565,1276,20,-1
15566,1358,5,-1
15567,20,92,1
15568,1440,717,-1
15569,1440,25,-1
15570,20,16,1
15571,1194,30,-1
15572,1440,3153,-1
15573,20,15,1
15574,1440,30,-1
15575,1194,5,-1
15576,20,63,1
15577,563,259,1
15578,20,84,-1
15579,1440,1136,-1
15580,1440,21,-1
15581,20,6,1
15582,1194,19,-1
15583,563,713,1
15584,20,72,-1
15585,1440,2690,-1
15586,1440,29,-1
15587,1194,7,-1
15588,20,64,1
15589,1440,1616,-1
15590,1276,28,-1
15591,20,20,1
15592,1358,262,-1
15593,1440,1274,-1
15594,20,15,1
15595,1276,46,-1
15596,1358,480,-1
15597,20,15,1
15598,1440,4236,-1
15599,1440,44,-1
15600,1194,15,-1
15601,1440,5,-1
15602,1276,2,-1
15603,1440,4,-1
15604,1440,5,-1
15605,1194,13,-1
15606,1358,2,-1
15607,20,79,1
15608,1440,139,-1
15609,1276,6,-1
15610,1358,4,-1
15611,20,14,1
15612,1077,39599,1
15613,20,404,-1
15614,1358,20236,-1
15615,1358,80,-1
15616,20,138,1
15617,1440,55212,-1
15618,1440,48,-1
15619,20,11,1
15620,1440,13,-1
15621,1440,5,-1
15622,1440,3,-1
15623,1440,4,-1
15624,866,3,-1
15625,1440,3,-1
15626,1276,4,-1
15627,1440,4,-1
15628,1440,4,-1
15629,1440,4,-1
15630,1112,3,-1
15631,20,53,1
15632,563,1645,1
15633,20,147,-1
15634,1077,236,1
15635,20,190,-1
15636,563,998,1
15637,20,178,-1
15638,1440,4813,-1
15639,1276,43,-1
15640,20,151,1
15641,1440,203,-1
15642,1276,18,-1
15643,1440,7,-1
15644,1440,6,-1
15645,1440,5,-1
15646,1438,5,-1
15647,20,172,1
15648,563,532,1
15649,20,131,-1
15650,563,1636,1
15651,20,110,-1
15652,1358,22283,-1
15653,563,2179,1
15654,20,166,-1
15655,1440,4863,-1
15656,1276,82,-1
15657,20,180,1
15658,563,2840,1
15659,20,277,-1
15660,563,286,1
15661,20,113,-1
15662,1358,5374,-1
15663,1358,51,-1
15664,20,118,1
15665,563,2363,1
15666,20,146,-1
15667,1077,529,1
15668,20,103,-1
15669,1077,181,1
15670,20,158,-1
15671,1077,334,1
15672,20,97,-1
15673,1077,581,1
15674,20,91,-1
15675,1077,2056,1
15676,20,101,-1
15677,1077,1868,1
15678,20,134,-1
15679,1440,53320,-1
15680,1276,52,-1
15681,20,109,1
15682,563,984,1
15683,20,299,-1
15684,563,1230,1
15685,20,105,-1
15686,563,419,1
15687,20,100,-1
15688,563,103,1
15689,20,148,-1
15690,312,21683,-1
15691,1480,560,1
15692,1159,82,1
15693,20,155,-1
15694,1440,53514,-1
15695,20,53,1
15696,171,84,-1
15697,20,27,1
15698,1358,1228,-1
15699,1358,10423,-1
15700,20,77,1
15701,1358,59071,-1
15702,893,4503,-1
15703,20,30,1
15704,563,1272,1
15705,20,73,-1
15706,563,151,1
15707,20,104,-1
15708,1358,27384,-1
15709,1358,17607,-1
15710,20,101,1
15711,563,5542,1
15712,20,597,-1
15713,563,431,1
15714,20,219,-1
15715,1358,5339,-1
15716,563,2454,1
15717,20,146,-1
15718,563,117,1
15719,20,82,-1
15720,1358,54002,-1
15721,1077,20056,1
15722,20,268,-1
15723,1077,1554,1
15724,20,153,-1
15725,1077,10525,1
15726,20,128,-1
15727,1184,9438,-1
15728,563,1953,1
15729,20,109,-1
15730,563,81,1
15731,20,61,-1
15732,1358,62304,-1
15733,1440,1418,-1
15734,20,17,1
15735,1276,44,-1
15736,1440,15567,-1
15737,20,43,1
15738,1276,36,-1
15739,1077,2125,1
15740,20,214,-1
15741,1358,413,-1
15742,1358,1524,-1
15743,20,15,1
15744,1440,390,-1
15745,1276,20,-1
15746,20,55,1
15747,563,355,1
15748,20,73,-1
15749,1077,4029,1
15750,20,92,-1
15751,1440,553,-1
15752,1440,22,-1
15753,1194,13,-1
15754,20,59,1
15755,1077,1304,1
15756,20,138,-1
15757,1077,385,1
15758,20,118,-1
15759,563,3143,1
15760,20,117,-1
15761,1077,355,1
15762,20,119,-1
15763,1440,318351,-1
15764,1440,46,-1
15765,1440,15,-1
15766,1440,4,-1
15767,1440,4,-1
15768,1440,2,-1
15769,1440,4,-1
15770,1440,3,-1
15771,1440,5,-1
15772,1440,3,-1
15773,1440,4,-1
15774,1440,3,-1
15775,1440,3,-1
15776,1440,4,-1
15777,155,4,-1
15778,20,34,1
15779,1358,771,-1
15780,1077,21,1
15781,20,71,-1
15782,1077,0,1
15783,20,0,-1
15784,1480,0,1
15785,131,0,1
15786,20,0,-1
15787,563,511,1
15788,20,85,-1
15789,1077,144,1
15790,20,58,-1
15791,1077,566,1
15792,20,52,-1
15793,563,99,1
15794,20,58,-1
15795,563,1837,1
15796,20,71,-1
15797,563,386,1
15798,20,123,-1
15799,1480,10704,1
15800,1480,92,1
15801,20,134,-1
15802,1201,47,1
15803,20,85,-1
15804,1117,72,1
15805,20,104,-1
15806,563,47118,1
15807,20,123,-1
15808,563,1801,1
15809,20,97,-1
15810,1480,83,1
15811,645,74,1
15812,20,98,-1
15813,563,583,1
15814,20,51,-1
15815,1358,43818,-1
15816,563,2916,1
15817,20,192,-1
15818,563,92,1
15819,20,138,-1
15820,129,13976,-1
15821,563,36201,1
15822,20,1389,-1
15823,1358,25779,-1
15824,563,1533,1
15825,20,344,-1
15826,1358,11898,-1
15827,563,1964,1
15828,20,133,-1
15829,563,97,1
15830,20,77,-1
15831,1358,43215,-1
15832,893,8992,-1
15833,20,81,1
15834,1077,1087,1
15835,20,72,-1
15836,1077,1208,1
15837,20,128,-1
15838,1358,35320,-1
15839,563,1478,1
15840,20,127,-1
15841,1358,8269,-1
15842,1077,396,1
15843,20,87,-1
15844,1077,1271,1
15845,20,165,-1
15846,1440,24877,-1
15847,1440,85,-1
15848,1194,14,-1
15849,20,187,1
15850,563,438,1
15851,20,268,-1
15852,1440,55572,-1
15853,1440,134,-1
15854,20,40,1
15855,1194,99,-1
15856,563,6114,1
15857,20,183,-1
15858,1077,1709,1
15859,20,194,-1
15860,1077,1216,1
15861,20,100,-1
15862,1480,5525,1
15863,131,265,1
15864,20,159,-1
15865,563,785,1
15866,20,134,-1
15867,1077,7808,1
15868,20,152,-1
15869,1077,785,1
15870,20,177,-1
15871,1480,9251,1
15872,131,131,1
15873,20,115,-1
15874,1440,9953,-1
15875,1276,87,-1
15876,1358,14,-1
15877,20,97,1
15878,1440,26065,-1
15879,1440,44,-1
15880,20,23,1
15881,1194,27,-1
15882,1358,8,-1
15883,20,37,1
15884,1358,76617,-1
15885,1440,1398,-1
15886,20,223,1
15887,1276,118,-1
15888,20,39203,1
15889,1440,5008,-1
15890,1276,36,-1
15891,20,85,1
15892,1440,6193,-1
15893,1276,50,-1
15894,1358,14,-1
15895,1358,3,-1
15896,20,80,1
15897,1440,53294,-1
15898,1276,47,-1
15899,20,11,1
15900,563,355,1
15901,20,137,-1
15902,1440,70140,-1
15903,1440,97,-1
15904,20,30,1
15905,1194,87,-1
15906,1440,25,-1
15907,1276,12,-1
15908,20,77,1
15909,1440,4483,-1
15910,1440,84,-1
15911,20,32,1
15912,1440,83,-1
15913,1112,24,-1
15914,20,70,1
15915,1440,83873,-1
15916,1276,66,-1
15917,20,17,1
15918,1440,39324,-1
15919,1440,57,-1
15920,20,61,1
15921,1440,46,-1
15922,1440,14,-1
15923,1030,8,-1
15924,20,171,1
15925,563,169,1
15926,20,107,-1
15927,563,231,1
15928,20,132,-1
15929,563,289,1
15930,20,231,-1
15931,563,147,1
15932,20,170,-1
15933,1440,3394,-1
15934,1276,38,-1
15935,20,56,1
15936,1440,278,-1
15937,1276,30,-1
15938,20,639,1
15939,563,442,1
15940,20,199,-1
15941,563,682,1
15942,20,180,-1
15943,563,891,1
15944,20,118,-1
15945,563,2201,1
15946,20,100,-1
15947,1440,118285,-1
15948,1440,87,-1
15949,1440,11,-1
15950,1440,9,-1
15951,411,9,-1
15952,20,169,1
15953,1077,634,1
15954,20,231,-1
15955,563,750,1
15956,20,355,-1
15957,563,1668,1
15958,20,276,-1
15959,563,731,1
15960,20,310,-1
15961,563,1151,1
15962,20,305,-1
15963,563,677,1
15964,20,324,-1
15965,563,685,1
15966,20,91,-1
15967,1106,120969,-1
15968,1480,6357,1
15969,1480,142,1
15970,1201,306,1
15971,20,177,-1
15972,20,154,-1
15973,89,152,1
15974,20,149,-1
15975,1358,12055,-1
15976,20,37437,1
15977,1358,24321,-1
15978,563,15828,1
15979,20,143,-1
15980,563,1013,1
15981,20,67,-1
15982,1358,5494,-1
15983,563,346,1
15984,20,96,-1
15985,1358,19367,-1
15986,563,54,1
15987,20,66,-1
15988,1077,314,1
15989,20,79,-1
15990,563,960,1
15991,20,106,-1
15992,563,2300,1
15993,20,144,-1
15994,1480,109,1
15995,131,77,1
15996,20,67,-1
15997,98,1793,-1
15998,563,184,1
15999,20,156,-1
16000,1480,65526,1
16001,131,108,1
16002,20,61,-1
16003,563,2700,1
16004,20,68,-1
16005,1358,11238,-1
16006,563,351,1
16007,20,114,-1
16008,563,20,1
16009,20,92,-1
16010,854,48388,-1
16011,20,38290,1
16012,1358,37075,-1
16013,1358,102,-1
16014,20,225,1
16015,1358,215,-1
16016,1077,934,1
16017,20,332,-1
16018,1358,8057,-1
16019,1358,9895,-1
16020,20,174,1
16021,563,4817,1
16022,20,347,-1
16023,1480,197,1
16024,1159,50,1
16025,20,113,-1
16026,1358,22608,-1
16027,563,821,1
16028,20,305,-1
16029,563,1096,1
16030,20,237,-1
16031,563,1676,1
16032,20,236,-1
16033,506,294,-1
16034,1480,591,1
16035,131,217,1
16036,20,144,-1
16037,1077,315,1
16038,20,155,-1
16039,563,3937,1
16040,20,343,-1
16041,1358,18087,-1
16042,563,2964,1
16043,20,145,-1
16044,563,542,1
16045,20,139,-1
16046,563,102,1
16047,20,108,-1
16048,1440,29150,-1
16049,1440,86,-1
16050,1194,12,-1
16051,20,195,1
16052,1358,40347,-1
16053,563,3584,1
16054,20,289,-1
16055,563,5111,1
16056,20,872,-1
16057,1440,35,-1
16058,1276,10,-1
16059,20,68,1
16060,1440,11993,-1
16061,1276,47,-1
16062,20,11,1
16063,563,5811,1
16064,20,131,-1
16065,1358,8522,-1
16066,1358,222,-1
16067,20,15,1
16068,1358,32262,-1
16069,20,39448,1
16070,1440,32507,-1
16071,1440,80,-1
16072,1194,12,-1
16073,1358,10,-1
16074,20,132,1
16075,1440,9288,-1
16076,1276,152,-1
16077,20,45,1
16078,1440,9184,-1
16079,1276,85,-1
16080,20,29,1
16081,1440,15655,-1
16082,1276,58,-1
16083,20,16,1
16084,1358,86170,-1
16085,20,193,1
16086,1440,17284,-1
16087,1440,58,-1
16088,1440,8,-1
16089,1440,5,-1
16090,1440,5,-1
16091,948,5,-1
16092,20,108,1
16093,1440,21919,-1
16094,1276,46,-1
16095,20,10,1
16096,563,320,1
16097,20,173,-1
16098,1440,111274,-1
16099,1276,45,-1
16100,1440,5,-1
16101,1276,5,-1
16102,20,75,1
16103,1440,451,-1
16104,1276,19,-1
16105,20,10,1
16106,1440,24,-1
16107,1440,7,-1
16108,1194,5,-1
16109,20,8,1
16110,20,37982,1
16111,1480,9385,1
16112,645,104,1
16113,20,108,-1
16114,1480,224,1
16115,131,67,1
16116,20,49,-1
16117,1440,79793,-1
16118,1440,52,-1
16119,1440,5,-1
16120,1112,5,-1
16121,20,107,1
16122,1440,1108,-1
16123,1440,28,-1
16124,20,10,1
16125,1440,29,-1
16126,1112,10,-1
16127,20,477,1
16128,563,615,1
16129,20,102,-1
16130,1077,95465,1
16131,20,209,-1
16132,1440,30118,-1
16133,1440,97,-1
16134,1194,20,-1
16135,1440,10,-1
16136,1440,9,-1
16137,1440,8,-1
16138,1112,9,-1
16139,20,141,1
16140,563,722,1
16141,1440,169,-1
16142,1440,29,-1
16143,1194,15,-1
16144,20,13,-1
16145,20,174,1
16146,1358,867,-1
16147,20,39693,1
16148,1440,86817,-1
16149,1440,138,-1
16150,1440,20,-1
16151,1112,20,-1
16152,1358,23,-1
16153,1440,20,-1
16154,1440,21,-1
16155,1194,20,-1
16156,20,208,1
16157,1440,240,-1
16158,1440,37,-1
16159,1194,15,-1
16160,20,1194,1
16161,563,2568,1
16162,20,217,-1
16163,1480,18455,1
16164,645,92,1
16165,20,52,-1
16166,1358,33881,-1
16167,1077,16538,1
16168,20,360,-1
16169,1358,54105,-1
16170,1440,555,-1
16171,20,40,1
16172,1276,87,-1
16173,1440,16,-1
16174,1440,10,-1
16175,1194,10,-1
16176,1440,9,-1
16177,1276,9,-1
16178,20,128,1
16179,563,851,1
16180,20,199,-1
16181,563,2965,1
16182,20,582,-1
16183,1440,52077,-1
16184,1276,56,-1
16185,1358,6,-1
16186,1358,6,-1
16187,20,123,1
16188,563,454,1
16189,20,147,-1
16190,1440,96742,-1
16191,1440,52,-1
16192,1440,6,-1
16193,1440,3,-1
16194,1440,4,-1
16195,948,4,-1
16196,20,77,1
16197,1440,31840,-1
16198,1276,46,-1
16199,20,19,1
16200,1440,36,-1
16201,1276,6,-1
16202,20,67,1
16203,1440,49691,-1
16204,1276,59,-1
16205,20,20,1
16206,1440,47291,-1
16207,1440,42,-1
16208,20,24,1
16209,1194,16,-1
16210,1440,6,-1
16211,1440,4,-1
16212,1194,4,-1
16213,20,63,1
16214,563,871,1
16215,20,124,-1
16216,563,1307,1
16217,20,108,-1
16218,1440,28610,-1
16219,1440,54,-1
16220,1194,15,-1
16221,1358,5,-1
16222,20,77,1
16223,1480,7772,1
16224,131,42,1
16225,20,134,-1
16226,563,37292,1
16227,20,108,-1
16228,1440,51814,-1
16229,1440,86,-1
16230,1194,13,-1
16231,1440,9,-1
16232,1276,10,-1
16233,20,164,1
16234,1480,1070,1
16235,131,108,1
16236,20,183,-1
16237,563,11648,1
16238,20,158,-1
16239,563,98,1
16240,20,77,-1
16241,1480,329,1
16242,1480,108,1
16243,213,128,1
16244,20,42,-1
16245,20,60,-1
16246,1440,17197,-1
16247,1440,49,-1
16248,961,5,-1
16249,20,117,1
16250,563,452,1
16251,20,173,-1
16252,563,1060,1
16253,20,333,-1
16254,563,36,1
16255,20,289,-1
16256,563,85,1
16257,20,209,-1
16258,563,431,1
16259,20,270,-1
16260,563,177322,-1
16261,1358,12699,-1
16262,20,55,1
16263,1358,7162,-1
16264,1440,1186,-1
16265,20,23,1
16266,1276,60,-1
16267,1358,15,-1
16268,20,83,1
16269,563,650,1
16270,20,105,-1
16271,563,3212,1
16272,20,123,-1
16273,1358,3013,-1
16274,1440,3394,-1
16275,20,17,1
16276,1276,40,-1
16277,1358,10,-1
16278,20,57,1
16279,563,571,1
16280,20,205,-1
16281,1480,220,1
16282,1159,82,1
16283,20,66,-1
16284,1358,34461,-1
16285,563,5079,1
16286,20,250,-1
16287,1480,265,1
16288,1480,82,1
16289,20,117,-1
16290,213,35,1
16291,20,56,-1
16292,1358,15620,-1
16293,1480,870,1
16294,131,149,1
16295,20,206,-1
16296,1157,52240,-1
16297,563,4885,1
16298,20,183,-1
16299,563,258,1
16300,20,385,-1
16301,1358,112473,-1
16302,563,714,1
16303,20,236,-1
16304,854,55577,-1
16305,1480,3808,1
16306,1480,190,1
16307,20,227,-1
16308,727,72,1
16309,20,179,-1
16310,1358,33650,-1
16311,20,40030,1
16312,1358,49616,-1
16313,602,4590,-1
16314,20,57,1
16315,563,1127,1
16316,20,349,-1
16317,563,859,1
16318,20,231,-1
16319,1440,58883,-1
16320,1440,52,-1
16321,1194,5,-1
16322,20,101,1
16323,1358,11912,-1
16324,20,40117,1
16325,981,14601,-1
16326,20,195,1
16327,1077,364,1
16328,20,205,-1
16329,563,7170,1
16330,20,167,-1
16331,1358,38536,-1
16332,1440,9461,-1
16333,20,36,1
16334,1276,46,-1
16335,20,37220,1
16336,1358,3334,-1
16337,20,498,1
16338,1077,11690,1
16339,20,144,-1
16340,1077,358,1
16341,20,219,-1
16342,563,368,1
16343,20,84,-1
16344,1077,286,1
16345,20,116,-1
16346,1077,226,1
16347,20,118,-1
16348,563,282,1
16349,20,238,-1
16350,1077,200,1
16351,20,79,-1
16352,1039,16927,-1
16353,563,471,1
16354,20,258,-1
16355,1077,424,1
16356,20,82,-1
16357,563,236006,-1
16358,1358,4097,-1
16359,20,65,1
16360,1358,325,-1
16361,1480,4933,1
16362,1480,241,1
16363,20,241,-1
16364,213,375,1
16365,20,160,-1
16366,563,1646,1
16367,20,245,-1
16368,563,1003,1
16369,20,247,-1
16370,563,244,1
16371,20,180,-1
16372,1077,68809,1
16373,20,215,-1
16374,1077,61,1
16375,20,80,-1
16376,1358,15771,-1
16377,563,1981,1
16378,20,154,-1
16379,563,82,1
16380,20,94,-1
16381,893,30856,-1
16382,563,1765,1
16383,20,129,-1
16384,563,56,1
16385,20,77,-1
16386,1358,20963,-1
16387,563,4593,1
16388,20,133,-1
16389,563,155,1
16390,20,101,-1
16391,1440,8435,-1
16392,1276,51,-1
16393,20,115,1
16394,1440,59648,-1
16395,1276,51,-1
16396,20,13,1
16397,563,1908,1
16398,20,114,-1
16399,1480,523,1
16400,645,91,1
16401,20,60,-1
16402,1330,29508,-1
16403,563,486,1
16404,20,132,-1
16405,1077,6433,1
16406,20,144,-1
16407,1077,2186,1
16408,20,203,-1
16409,563,5913,1
16410,20,133,-1
16411,1077,437,1
16412,20,103,-1
16413,1358,14705,-1
16414,1077,372,1
16415,20,107,-1
16416,1358,11048,-1
16417,563,1539,1
16418,20,97,-1
16419,563,298,1
16420,20,109,-1
16421,563,83,1
16422,20,72,-1
16423,1358,77244,-1
16424,1077,802,1
16425,20,196,-1
16426,563,1266,1
16427,20,159,-1
16428,893,14642,-1
16429,563,2973,1
16430,20,241,-1
16431,1358,37240,-1
16432,1358,5970,-1
16433,20,46,1
16434,1077,483,1
16435,20,152,-1
16436,563,1534,1
16437,20,150,-1
16438,1358,58189,-1
16439,1358,136,-1
16440,20,424,1
16441,1480,2949,1
16442,1480,40,1
16443,727,82,1
16444,20,74,-1
16445,20,29,-1
16446,563,135,1
16447,20,97,-1
16448,1358,30292,-1
16449,1440,417,-1
16450,1440,12,-1
16451,1194,3,-1
16452,20,19,1
16453,1480,101,1
16454,131,28,1
16455,20,84,-1
16456,1358,1571,-1
16457,1440,1435,-1
16458,20,14,1
16459,871,37,-1
16460,1440,10143,-1
16461,20,36,1
16462,1276,46,-1
16463,1077,8835,1
16464,20,89,-1
16465,1077,3638,1
16466,20,157,-1
16467,563,217,1
16468,20,124,-1
16469,1440,68395,-1
16470,1276,52,-1
16471,20,97,1
16472,563,2017,1
16473,20,123,-1
16474,563,76,1
16475,20,78,-1
16476,1358,22447,-1
16477,845,11816,-1
16478,20,44,1
16479,563,406,1
16480,20,231,-1
16481,1358,83563,-1
16482,1077,386,1
16483,20,175,-1
16484,1358,9069,-1
16485,563,337,1
16486,20,94,-1
16487,1077,24,1
16488,20,54,-1
16489,1440,15990,-1
16490,1276,53,-1
16491,20,103,1
16492,612,17693,-1
16493,20,37904,1
16494,1358,25622,-1
16495,20,375,1
16496,854,63966,-1
16497,20,339,1
16498,563,1657,1
16499,20,449,-1
16500,563,1194,1
16501,20,130,-1
16502,1480,181,1
16503,131,123,1
16504,20,97,-1
16505,1358,11720,-1
16506,1358,5774,-1
16507,20,30,1
16508,563,456,1
16509,20,194,-1
16510,1358,64546,-1
16511,563,2017,1
16512,20,167,-1
16513,563,175,1
16514,20,265,-1
16515,563,99,1
16516,20,72,-1
16517,563,277,1
16518,20,164,-1
16519,563,69,1
16520,20,236,-1
16521,563,210,1
16522,20,206,-1
16523,563,1946,1
16524,20,288,-1
16525,893,37782,-1
16526,1077,678,1
16527,20,174,-1
16528,563,48,1
16529,20,243,-1
16530,1358,13566,-1
16531,1480,12838,1
16532,131,231,1
16533,20,108,-1
16534,1480,241,1
16535,1159,130,1
16536,20,97,-1
16537,854,100263,-1
16538,563,375,1
16539,20,79,-1
16540,1358,67425,-1
16541,1358,946,-1
16542,20,28,1
16543,1358,11431,-1
16544,1480,1401,1
16545,1159,97,1
16546,20,166,-1
16547,1440,232376,-1
16548,1440,61,-1
16549,1440,9,-1
16550,1394,7,-1
16551,20,109,1
16552,1480,806,1
16553,131,168,1
16554,20,232,-1
16555,1480,519,1
16556,131,122,1
16557,20,160,-1
16558,1358,418,-1
16559,1480,205,1
16560,131,168,1
16561,20,254,-1
16562,1480,257,1
16563,131,225,1
16564,20,218,-1
16565,1480,1209,1
16566,131,102,1
16567,20,133,-1
16568,1440,11529,-1
16569,1276,35,-1
16570,20,10,1
16571,1480,425,1
16572,131,73,1
16573,20,82,-1
16574,1480,6639,1
16575,131,106,1
16576,20,138,-1
16577,1358,104467,-1
16578,1440,3244,-1
16579,20,28,1
16580,172,51,-1
16581,563,4153,1
16582,20,138,-1
16583,1440,21862,-1
16584,1276,41,-1
16585,20,100,1
16586,563,81423,1
16587,20,158,-1
16588,1440,20785,-1
16589,724,45,-1
16590,20,97,1
16591,563,32295,1
16592,20,109,-1
16593,1480,3767,1
16594,131,113,1
16595,20,71,-1
16596,563,167416,-1
16597,1358,12945,-1
16598,20,38,1
16599,1440,10182,-1
16600,1276,97,-1
16601,20,206,1
16602,1480,3265,1
16603,131,226,1
16604,20,155,-1
16605,1358,20512,-1
16606,20,38938,1
16607,1077,3491,1
16608,20,303,-1
16609,1480,13236,1
16610,131,128,1
16611,20,159,-1
16612,1480,12970,1
16613,131,298,1
16614,20,117,-1
16615,1077,351,1
16616,20,149,-1
16617,1440,23437,-1
16618,1276,59,-1
16619,20,105,1
16620,1440,10134,-1
16621,1276,45,-1
16622,20,95,1
16623,1440,118089,-1
16624,1440,77,-1
16625,20,23,1
16626,1194,51,-1
16627,20,1379,1
16628,1480,3046,1
16629,645,129,1
16630,20,92,-1
16631,643,6304,-1
16632,563,31491,1
16633,20,273,-1
16634,1358,112845,-1
16635,311,21912,-1
16636,20,39,1
16637,1358,520,-1
16638,20,38449,1
16639,563,41841,-1
16640,20,55,1
16641,1358,5526,-1
16642,1440,11827,-1
16643,20,50,1
16644,1276,61,-1
16645,20,297,1
16646,1440,29900,-1
16647,1276,28,-1
16648,20,90,1
16649,1440,98495,-1
16650,1440,69,-1
16651,20,20,1
16652,207,79,-1
16653,20,449,1
16654,563,1678,1
16655,20,201,-1
16656,1077,33050,1
16657,20,242,-1
16658,563,17214,1
16659,20,164,-1
16660,1440,70004,-1
16661,1276,46,-1
16662,20,108,1
16663,1029,7735,-1
16664,1077,6409,1
16665,20,441,-1
16666,1077,4871,1
16667,20,499,-1
16668,563,158200,-1
16669,20,37811,1
16670,1358,83117,-1
16671,1077,391,1
16672,20,126,-1
16673,563,1481,1
16674,20,94,-1
16675,563,49,1
16676,20,86,-1
16677,854,48130,-1
16678,563,1855,1
16679,20,221,-1
16680,1106,131201,-1
16681,563,1578,1
16682,20,222,-1
16683,1358,137364,-1
16684,854,27408,-1
16685,20,65,1
16686,1077,663,1
16687,20,180,-1
16688,563,127608,-1
16689,563,263,1
16690,20,92,-1
16691,563,128046,-1
16692,563,478,1
16693,20,209,-1
16694,563,174638,-1
16695,20,38493,1
16696,1358,70549,-1
16697,1440,12927,-1
16698,1440,46,-1
16699,1194,15,-1
16700,20,64,1
16701,1480,14182,1
16702,131,104,1
16703,20,130,-1
16704,1358,68555,-1
16705,563,1101,1
16706,20,329,-1
16707,563,6417,1
16708,20,118,-1
16709,1077,23941,1
16710,20,134,-1
16711,1440,12859,-1
16712,1423,43,-1
16713,20,84,1
16714,1077,9131,1
16715,20,149,-1
16716,563,1697,1
16717,20,117,-1
16718,563,194854,-1
16719,1480,2940,1
16720,1480,231,1
16721,213,58,1
16722,20,139,-1
16723,20,48,-1
16724,1358,81943,-1
16725,20,36499,1
16726,311,9763,-1
16727,20,132,1
16728,563,1527,1
16729,20,136,-1
16730,563,539,1
16731,20,110,-1
16732,563,134934,-1
16733,1440,938,-1
16734,20,18,1
16735,1276,36,-1
16736,1358,9675,-1
16737,20,25,1
16738,1440,170,-1
16739,1276,13,-1
16740,20,123,1
16741,1440,106822,-1
16742,1276,41,-1
16743,20,20,1
16744,80,11402,-1
16745,1358,9955,-1
16746,20,162,1
16747,563,16273,1
16748,20,197,-1
16749,1077,19070,1
16750,20,129,-1
16751,563,171,1
16752,20,113,-1
16753,1358,2177,-1
16754,563,504,1
16755,20,116,-1
16756,1077,15191,1
16757,20,138,-1
16758,1077,3396,1
16759,20,112,-1
16760,1077,12253,1
16761,20,129,-1
16762,563,5656,1
16763,20,180,-1
16764,544,52484,-1
16765,563,4894,1
16766,20,390,-1
16767,1358,126575,-1
16768,1358,31316,-1
16769,20,45,1
16770,59,1396,-1
16771,563,1064,1
16772,20,128,-1
16773,563,253,1
16774,20,115,-1
16775,563,80,1
16776,20,211,-1
16777,563,765,1
16778,20,288,-1
16779,563,100,1
16780,20,115,-1
16781,1358,18599,-1
16782,20,38320,1
16783,1358,7267,-1
16784,1480,5352,1
16785,131,98,1
16786,20,99,-1
16787,1480,6296,1
16788,131,105,1
16789,20,73,-1
16790,1087,50929,-1
16791,563,1212,1
16792,20,429,-1
16793,1358,654,-1
16794,563,2477,1
16795,20,322,-1
16796,563,144,1
16797,20,155,-1
16798,1358,65950,-1
16799,20,38467,1
16800,573,19922,-1
16801,20,308,1
16802,1358,38650,-1
16803,1358,35295,-1
16804,20,53,1
16805,1480,623,1
16806,1159,82,1
16807,20,126,-1
16808,1358,53876,-1
16809,321,778,-1
16810,20,21,1
16811,1480,418,1
16812,1159,56,1
16813,20,82,-1
16814,1077,3331,1
16815,20,176,-1
16816,1480,927,1
16817,131,100,1
16818,20,72,-1
16819,1480,60855,1
16820,131,234,1
16821,20,188,-1
16822,1358,12454,-1
16823,563,1114,1
16824,20,158,-1
16825,1480,247,1
16826,1480,69,1
16827,213,70,1
16828,20,48,-1
16829,20,38,-1
16830,1480,39984,1
16831,131,49,1
16832,20,98,-1
16833,311,7997,-1
16834,563,285,1
16835,20,95,-1
16836,563,128911,-1
16837,20,36137,1
16838,1358,82645,-1
16839,1358,8649,-1
16840,20,37,1
16841,59,231,-1
16842,20,122,1
16843,1358,10628,-1
16844,1358,2802,-1
16845,20,30,1
16846,1358,1306,-1
16847,563,1240,1
16848,20,174,-1
16849,563,191,1
16850,20,114,-1
16851,1480,17014,1
16852,131,123,1
16853,20,174,-1
16854,563,12120,1
16855,20,142,-1
16856,1358,30601,-1
16857,563,2227,1
16858,20,560,-1
16859,563,994,1
16860,20,200,-1
16861,1440,53084,-1
16862,1276,43,-1
16863,1358,5,-1
16864,20,73,1
16865,797,5666,-1
16866,20,36265,1
16867,1106,92063,-1
16868,20,236,1
16869,1077,3221,1
16870,20,87,-1
16871,563,2607,1
16872,20,136,-1
16873,563,28591,1
16874,20,108,-1
16875,1480,1351,1
16876,131,102,1
16877,20,46,-1
16878,1077,91,1
16879,20,46,-1
16880,1106,98437,-1
16881,563,315,1
16882,20,90,-1
16883,563,18,1
16884,20,51,-1
16885,1358,100687,-1
16886,563,362,1
16887,20,139,-1
16888,1358,771,-1
16889,602,26806,-1
16890,20,194,1
16891,563,2106,1
16892,20,133,-1
16893,563,391,1
16894,20,133,-1
16895,563,110,1
16896,20,125,-1
16897,1077,53400,-1
16898,20,56,1
16899,1358,31857,-1
16900,20,39170,1
16901,854,4549,-1
16902,20,187,1
16903,1440,22054,-1
16904,1276,45,-1
16905,20,180,1
16906,563,981,1
16907,20,102,-1
16908,1358,3298,-1
16909,20,36584,1
16910,1440,26605,-1
16911,1276,41,-1
16912,20,86,1
16913,563,4120,1
16914,20,101,-1
16915,1301,33774,-1
16916,563,3894,1
16917,20,140,-1
16918,1358,103314,-1
16919,563,1363,1
16920,20,322,-1
16921,1440,1320,-1
16922,1276,108,-1
16923,20,265,1
16924,1358,2951,-1
16925,1440,391,-1
16926,20,17,1
16927,1276,61,-1
16928,1358,1201,-1
16929,20,17,1
16930,563,480,1
16931,20,163,-1
16932,1440,65711,-1
16933,289,46,-1
16934,20,98,1
16935,563,395,1
16936,20,104,-1
16937,563,360,1
16938,20,92,-1
16939,1480,29093,1
16940,131,97,1
16941,20,44,-1
16942,563,129703,-1
16943,1480,1083,1
16944,131,97,1
16945,20,90,-1
16946,1358,117007,-1
16947,1440,54,-1
16948,1276,9,-1
16949,20,100,1
16950,563,327,1
16951,20,106,-1
16952,234,11221,-1
16953,1077,4692,1
16954,20,236,-1
16955,563,1654,1
16956,20,196,-1
16957,1358,25663,-1
16958,1440,1601,-1
16959,20,43,1
16960,1276,124,-1
16961,1440,15,-1
16962,1276,9,-1
16963,20,129,1
16964,1480,3252,1
16965,131,59,1
16966,20,74,-1
16967,1440,8109,-1
16968,1276,32,-1
16969,20,98,1
16970,1358,16736,-1
16971,20,36149,1
16972,1358,35748,-1
16973,1440,1084,-1
16974,20,42,1
16975,212,90,-1
16976,20,573,1
16977,1077,7838,1
16978,20,133,-1
16979,1480,3952,1
16980,131,99,1
16981,20,121,-1
16982,1358,91676,-1
16983,311,23493,-1
16984,20,51,1
16985,1358,95520,-1
16986,563,4300,1
16987,20,500,-1
16988,563,188,1
16989,20,147,-1
16990,1358,6999,-1
16991,602,21383,-1
16992,20,78,1
16993,1077,5864,1
16994,20,190,-1
16995,1440,101528,-1
16996,1276,67,-1
16997,20,106,1
16998,1029,20529,-1
16999,1077,3279,1
17000,20,219,-1
17001,1480,23509,1
17002,131,220,1
17003,20,141,-1
17004,1358,93672,-1
17005,563,422,1
17006,20,95,-1
17007,311,34828,-1
17008,20,37297,1
17009,1106,91186,-1
17010,20,453,1
17011,563,2478,1
17012,20,236,-1
17013,1106,178324,-1
17014,563,2413,1
17015,20,313,-1
17016,563,48934,1
17017,20,166,-1
17018,1358,5809,-1
17019,20,37184,1
17020,1358,23025,-1
17021,1480,8650,1
17022,131,150,1
17023,20,329,-1
17024,30,40539,-1
17025,20,39321,1
17026,1358,76874,-1
17027,563,1460,1
17028,20,118,-1
17029,563,1238,1
17030,20,91,-1
17031,563,4897,1
17032,20,149,-1
17033,1358,87704,-1
17034,59,5683,-1
17035,20,43,1
17036,563,477,1
17037,20,165,-1
17038,1440,127526,-1
17039,1440,59,-1
17040,1194,8,-1
17041,719,5,-1
17042,20,109,1
17043,563,269,1
17044,20,73,-1
17045,1358,30158,-1
17046,1358,51,-1
17047,20,20,1
17048,1358,25,-1
17049,20,38737,1
17050,1262,62100,-1
17051,20,282,1
17052,563,257255,-1
17053,20,67,1
17054,1440,7216,-1
17055,20,34,1
17056,1276,46,-1
17057,20,21,1
17058,1440,40950,-1
17059,20,133,1
17060,1440,158,-1
17061,20,39,1
17062,1194,68,-1
17063,20,34,1
17064,563,6688,1
17065,20,112,-1
17066,1077,437,1
17067,20,110,-1
17068,758,79436,-1
17069,563,5133,1
17070,20,393,-1
17071,563,128933,-1
17072,20,37955,1
17073,1358,118767,-1
17074,20,55,1
17075,563,1579,1
17076,20,111,-1
17077,311,12732,-1
17078,20,38645,1
17079,563,151984,-1
17080,20,35,1
17081,563,247,1
17082,20,81,-1
17083,563,128663,-1
17084,20,39004,1
17085,1358,93105,-1
17086,825,36876,-1
17087,20,132,1
17088,1480,11435,1
17089,131,80,1
17090,20,112,-1
17091,563,120739,-1
17092,20,37081,1
17093,1480,55219,1
17094,645,274,1
17095,20,170,-1
17096,563,129103,-1
17097,20,72,1
17098,1358,24949,-1
17099,20,72,1
17100,1077,16216,1
17101,20,118,-1
17102,311,112232,-1
17103,20,37597,1
17104,563,245514,-1
17105,20,59,1
17106,1106,128346,-1
17107,20,45,1
17108,563,1722,1
17109,20,157,-1
17110,563,195842,-1
17111,563,782,1
17112,20,236,-1
17113,1077,104693,1
17114,20,361,-1
17115,1077,386,1
17116,20,177,-1
17117,563,84386,-1
17118,1440,22896,-1
17119,20,39,1
17120,1276,44,-1
17121,1358,11508,-1
17122,20,40,1
17123,205,116503,-1
17124,563,5710,1
17125,20,180,-1
17126,563,194785,-1
17127,563,1080,1
17128,20,130,-1
17129,563,208062,-1
17130,563,307,1
17131,20,180,-1
17132,1440,1505,-1
17133,1276,31,-1
17134,20,96,1
17135,1440,6555,-1
17136,1440,56,-1
17137,20,13,1
17138,1194,34,-1
17139,1358,9874,-1
17140,20,32,1
17141,1440,818,-1
17142,1276,37,-1
17143,20,169,1
17144,1440,14130,-1
17145,1440,51,-1
17146,20,20,1
17147,1440,46,-1
17148,1112,14,-1
17149,20,54,1
17150,1440,103404,-1
17151,1440,69,-1
17152,20,22,1
17153,1440,51,-1
17154,1440,14,-1
17155,1440,10,-1
17156,948,8,-1
17157,1440,7,-1
17158,1276,9,-1
17159,20,31,1
17160,563,1066,1
17161,20,182,-1
17162,1440,23340,-1
17163,1276,99,-1
17164,20,28,1
17165,1440,74,-1
17166,1440,22,-1
17167,1194,10,-1
17168,1440,10,-1
17169,1440,10,-1
17170,1194,10,-1
17171,20,50,1
17172,1440,103374,-1
17173,1440,58,-1
17174,20,15,1
17175,1194,35,-1
17176,1358,9,-1
17177,1440,5,-1
17178,1276,5,-1
17179,20,31,1
17180,1440,23966,-1
17181,1276,139,-1
17182,20,41,1
17183,1440,122,-1
17184,1276,26,-1
17185,1440,15,-1
17186,1440,16,-1
17187,1118,17,-1
17188,20,128,1
17189,563,3009,1
17190,20,491,-1
17191,563,1368,1
17192,20,284,-1
17193,563,79437,1
17194,20,163,-1
17195,563,93620,-1
17196,20,38238,1
17197,563,234609,-1
17198,20,111,1
17199,1077,614664,1
17200,20,205,-1
17201,1077,170,1
17202,20,99,-1
17203,563,18029,1
17204,20,209,-1
17205,1077,188477,-1
17206,20,72,1
17207,563,815466,1
17208,20,499,-1
17209,563,246551,-1
17210,20,92,1
17211,563,755882,-1
17212,20,36,1
17213,563,132328,-1
17214,20,36,1
17215,563,1037817,-1
17216,20,38,1
17217,563,914943,-1
17218,20,139,1
17219,563,3209,1
17220,20,473,-1
17221,563,125799,-1
17222,20,39631,1
17223,563,164894,-1
17224,20,58,1
17225,563,4283034,1
17226,20,211,-1
17227,1077,9651,1
17228,20,142,-1
17229,1077,90339,1
17230,20,241,-1
17231,1077,129,1
17232,20,112,-1
17233,563,192483,-1
17234,20,37,1
17235,1358,44077,-1
17236,20,51,1
17237,1077,42243,-1
17238,20,59,1
17239,854,42240,-1
17240,20,37,1
17241,563,86040,-1
17242,20,51,1
17243,563,92992,-1
17244,20,36,1
17245,1480,75225,1
17246,131,92,1
17247,20,102,-1
17248,563,403229,-1
17249,20,157,1
17250,563,404981,-1
17251,20,125,1
17252,563,710808,-1
17253,20,38,1
17254,563,476577,-1
17255,20,44,1
17256,563,320995,-1
17257,20,37,1
17258,563,7430,1
17259,20,148,-1
17260,1077,100626,-1
17261,20,70,1
17262,563,21675,-1
17263,20,36473,1
17264,1358,91022,-1
17265,20,86,1
17266,563,2254,1
17267,20,797,-1
17268,1077,1141,1
17269,20,551,-1
17270,311,33887,-1
17271,20,38258,1
17272,563,674360,1
17273,20,515,-1
17274,563,226456,-1
17275,20,111,1
17276,563,1916,1
17277,20,457,-1
17278,1077,761,1
17279,20,350,-1
17280,563,124597,-1
17281,20,37847,1
17282,563,606041,1
17283,20,349,-1
17284,563,2426150,-1
17285,20,172,1
17286,563,2724,1
17287,20,299,-1
17288,563,126152,-1
17289,20,36716,1
17290,563,4465819,-1
17291,20,52,1
17292,563,23147,-1
17293,20,103,1
17294,563,8312114,-1
17295,20,37,1
17296,563,172867,-1
17297,20,38,1
17298,1480,514370,1
17299,131,72,1
17300,20,125,-1
17301,563,279356,-1
17302,20,142,1
17303,563,166275,-1
17304,20,65,1
17305,1077,36341,-1
17306,20,65,1
17307,563,1832430,-1
17308,20,66,1
17309,1077,571480,1
17310,20,148,-1
17311,563,258347,-1
17312,20,79,1
17313,563,899062,1
17314,20,557,-1
17315,563,199597,-1
17316,20,68,1
17317,563,540,1
17318,20,212,-1
17319,563,1754914,1
17320,20,247,-1
17321,563,205866,-1
17322,20,39169,1
17323,563,554332,-1
17324,20,57,1
17325,563,1202083,1
17326,20,172,-1
17327,563,36,1
17328,20,85,-1
17329,563,49912,-1
17330,20,97,1
17331,1106,128914,-1
17332,20,97,1
17333,563,195783,-1
17334,20,156,1
17335,1077,677284,-1
17336,20,37,1
17337,563,949046,1
17338,20,219,-1
17339,563,181981,-1
17340,20,51,1
17341,563,2820878,1
17342,20,143,-1
17343,563,205881,-1
17344,20,117,1
17345,563,207977,-1
17346,20,57,1
17347,563,130545,-1
17348,20,41,1
17349,563,842437,-1
17350,20,97,1
17351,563,178204,-1
17352,20,64,1
17353,563,315207,-1
17354,20,72,1
17355,1106,130306,-1
17356,20,37,1
17357,563,232563,-1
17358,20,57,1
17359,1077,2602999,-1
17360,20,72,1
17361,563,625602,-1
17362,20,45,1
17363,563,132607,-1
17364,20,36,1
17365,563,128601,-1
17366,20,34,1
17367,1077,1703399,1
17368,20,168,-1
17369,1480,341,1
17370,131,87,1
17371,20,56,-1
17372,563,306668,-1
17373,20,52,1
17374,563,69648,-1
17375,20,59,1
17376,563,59164,-1
17377,20,38,1
17378,563,564403,1
17379,20,144,-1
17380,563,15,1
17381,20,73,-1
17382,563,253172,-1
17383,20,56,1
17384,563,141134,-1
17385,20,36,1
17386,563,871197,-1
17387,20,37,1
17388,563,827,1
17389,20,150,-1
17390,563,735839,1
17391,20,189,-1
17392,563,267947,-1
17393,20,37499,1
17394,563,3203658,-1
17395,20,37,1
17396,563,2679387,-1
17397,20,37,1
17398,1077,9026422,-1
17399,20,58,1
17400,1480,2163543,1
17401,131,107,1
17402,20,135,-1
17403,563,379226,-1
17404,20,53,1
17405,563,7712291,-1
17406,20,146,1
17407,563,9967714,1
17408,20,288,-1
17409,563,458150,-1
17410,20,37,1
17411,563,1544814,1
17412,20,97,-1
17413,1480,312437,1
17414,131,92,1
17415,20,85,-1
17416,563,400341,-1
17417,20,56,1
17418,563,286552,1
17419,20,164,-1
17420,563,313323,1
17421,20,248,-1
17422,563,252207,-1
17423,20,155,1
17424,1077,407496,1
17425,20,339,-1
17426,563,27015,1
17427,20,113,-1
17428,563,154106,-1
17429,20,40,1
17430,563,128633,-1
17431,20,123,1
17432,563,1029218,1
17433,20,161,-1
17434,563,202244,-1
17435,20,88,1
17436,563,1487466,1
17437,20,128,-1
17438,563,313412,1
17439,20,602,-1
17440,563,213692,-1
17441,20,68,1
17442,563,787806,1
17443,20,279,-1
17444,563,215373,-1
17445,20,61,1
17446,1077,473075,1
17447,20,375,-1
17448,1480,37,1
17449,131,122,1
17450,20,176,-1
17451,563,314033,1
17452,20,481,-1
17453,563,170325,-1
17454,20,72,1
17455,563,128044,-1
17456,20,61,1
17457,563,5447,-1
17458,20,39,1
17459,1480,382645,1
17460,131,241,1
17461,20,228,-1
17462,1480,86,1
17463,131,64,1
17464,20,37,-1
17465,1077,298,1
17466,20,52,-1
17467,1480,996654,1
17468,645,119,1
17469,20,116,-1
17470,563,998518,1
17471,20,174,-1
17472,1077,69,1
17473,20,78,-1
17474,563,318101,1
17475,20,167,-1
17476,563,328626,-1
17477,20,51,1
17478,1480,353451,1
17479,131,164,1
17480,20,96,-1
17481,1077,87,1
17482,20,125,-1
17483,563,999440,1
17484,20,164,-1
17485,1480,999981,1
17486,131,127,1
17487,20,56,-1
17488,1077,999310,1
17489,20,140,-1
17490,1480,77,1
17491,645,61,1
17492,20,45,-1
17493,563,170,1
17494,20,100,-1
17495,563,2015866,-1
17496,20,46,1
17497,1077,982601,1
17498,20,133,-1
17499,563,2316736,1
17500,20,198,-1
17501,563,25,1
17502,20,63,-1
17503,563,375188,-1
17504,20,48,1
17505,563,128457,-1
17506,20,39,1
17507,1077,184895,1
17508,20,198,-1
17509,563,298,1
17510,20,175,-1
17511,1077,701033,1
17512,20,133,-1
17513,1480,269,1
17514,131,47,1
17515,20,47,-1
17516,563,215255,-1
17517,20,66,1
17518,563,128273,-1
17519,20,34,1
17520,563,67793,-1
17521,20,66,1
17522,563,198362,1
17523,20,188,-1
17524,563,206601,-1
17525,20,42,1
17526,563,482376,1
17527,20,175,-1
17528,563,889352,-1
17529,20,49,1
17530,1077,9060600,1
17531,20,170,-1
17532,563,266731,-1
17533,20,272,1
17534,1480,8903151,1
17535,131,117,1
17536,20,90,-1
17537,563,404439,-1
17538,20,52,1
17539,1480,19994525,1
17540,131,82,1
17541,20,45,-1
17542,563,395916,-1
17543,20,55,1
17544,563,551071,-1
17545,20,60,1
17546,563,52903,1
17547,20,310,-1
17548,563,250066,-1
17549,20,70,1
17550,563,750343,1
17551,20,587,-1
17552,563,207443,-1
17553,20,38,1
17554,563,794334,1
17555,20,231,-1
17556,563,249783,-1
17557,20,51,1
17558,563,750663,1
17559,20,633,-1
17560,563,173892,-1
17561,20,34,1
17562,563,1279213,1
17563,20,178,-1
17564,1077,314,1
17565,20,110,-1
17566,563,201287,-1
17567,20,216,1
17568,563,128258,-1
17569,20,162,1
17570,563,1669677,1
17571,20,135,-1
17572,563,14,1
17573,20,84,-1
17574,1077,380,1
17575,20,113,-1
17576,1077,691,1
17577,20,62,-1
17578,563,173604,-1
17579,20,58,1
17580,1358,75468,-1
17581,20,84,1
17582,311,52793,-1
17583,20,50,1
17584,563,247940,1
17585,20,555,-1
17586,563,252069,-1
17587,20,59,1
17588,563,852,1
17589,20,298,-1
17590,1077,221,1
17591,20,198,-1
17592,563,127142,-1
17593,20,38733,1
17594,563,1029029,1
17595,20,149,-1
17596,1077,354,1
17597,20,150,-1
17598,563,297616,-1
17599,20,53,1
17600,563,7251254,1
17601,20,159,-1
17602,563,15,1
17603,20,84,-1
17604,563,249802,-1
17605,20,55,1
17606,563,696,1
17607,20,118,-1
17608,1077,235,1
17609,20,92,-1
17610,1106,127422,-1
17611,1077,4292,1
17612,20,556,-1
17613,563,131660,-1
17614,20,37622,1
17615,563,447170,1
17616,20,169,-1
17617,563,203684,-1
17618,20,46,1
17619,563,782,1
17620,20,99,-1
17621,1077,409,1
17622,20,107,-1
17623,563,128976,-1
17624,20,38074,1
17625,1077,2020616,1
17626,20,469,-1
17627,1480,252,1
17628,131,51,1
17629,20,67,-1
17630,563,193452,-1
17631,20,103,1
17632,563,166529,-1
17633,20,78,1
17634,563,35995,-1
17635,20,66,1
17636,563,8600204,1
17637,20,149,-1
17638,563,243726,-1
17639,20,56,1
17640,1077,764432,1
17641,20,178,-1
17642,563,181586,-1
17643,20,50,1
17644,563,128139,-1
17645,20,170,1
17646,1480,10082776,1
17647,131,88,1
17648,20,185,-1
17649,563,405571,-1
17650,20,66,1
17651,1480,7084161,1
17652,131,288,1
17653,20,262,-1
17654,1440,390676,-1
17655,20,55,1
17656,171,25,-1
17657,20,10,1
17658,563,7348858,-1
17659,20,43,1
17660,1077,4368582,1
17661,20,175,-1
17662,563,269225,-1
17663,20,170,1
17664,1480,531806,1
17665,131,76,1
17666,20,92,-1
17667,563,375727,-1
17668,20,156,1
17669,1480,8555579,1
17670,131,112,1
17671,20,140,-1
17672,563,377035,-1
17673,20,140,1
17674,563,4554,1
17675,20,351,-1
17676,1106,123497,-1
17677,20,36237,1
17678,563,131549,-1
17679,20,91,1
17680,1077,575,1
17681,20,227,-1
17682,563,428848,-1
17683,20,38713,1
17684,1077,10299242,1
17685,20,152,-1
17686,1480,154,1
17687,131,84,1
17688,20,97,-1
17689,563,204738,-1
17690,20,39,1
17691,563,130981,-1
17692,20,61,1
17693,563,69293,-1
17694,20,63,1
17695,1077,5217190,1
17696,20,173,-1
17697,563,199760,-1
17698,20,37,1
17699,563,128204,-1
17700,20,56,1
17701,563,1426,1
17702,20,137,-1
17703,563,204877,-1
17704,563,293,1
17705,20,123,-1
17706,563,200210,-1
17707,1358,11955,-1
17708,20,490,1
17709,1440,14495,-1
17710,1276,137,-1
17711,20,41,1
17712,234,112704,-1
17713,563,9299,1
17714,20,185,-1
17715,1077,221,1
17716,20,81,-1
17717,1480,1382,1
17718,1480,94,1
17719,20,70,-1
17720,1201,61,1
17721,20,53,-1
17722,1480,109,1
17723,1480,80,1
17724,20,65,-1
17725,1201,73,1
17726,20,62,-1
17727,1480,113,1
17728,1480,61,1
17729,20,61,-1
17730,1201,66,1
17731,20,61,-1
17732,683,82,1
17733,20,62,-1
17734,563,215164,-1
17735,20,38871,1
17736,563,129614,-1
17737,20,38,1
17738,1358,26346,-1
17739,20,36,1
17740,1077,1791,1
17741,20,113,-1
17742,311,125992,-1
17743,563,952,1
17744,20,102,-1
17745,563,164847,-1
17746,20,37405,1
17747,563,134733,-1
17748,20,50,1
17749,563,2159,1
17750,20,195,-1
17751,563,519869,-1
17752,563,262,1
17753,20,109,-1
17754,563,208325,-1
17755,1358,21882,-1
17756,20,677,1
17757,1358,25506,-1
17758,1358,4727,-1
17759,20,104,1
17760,234,97845,-1
17761,563,14424,1
17762,20,123,-1
17763,1077,320,1
17764,20,121,-1
17765,563,482100,-1
17766,20,37959,1
17767,1358,85919,-1
17768,20,97,1
17769,311,48002,-1
17770,20,113,1
17771,563,3292,1
17772,20,318,-1
17773,1077,2829,1
17774,20,316,-1
17775,1077,271,1
17776,20,521,-1
17777,563,185796,-1
17778,20,35996,1
17779,563,129502,-1
17780,20,78,1
17781,1358,50575,-1
17782,20,65,1
17783,1358,306,-1
17784,20,30,1
17785,1358,9766,-1
17786,20,63,1
17787,1077,4871,1
17788,20,240,-1
17789,1077,188,1
17790,20,136,-1
17791,263,65059,-1
17792,563,2776,1
17793,20,1244,-1
17794,563,133187,-1
17795,20,37889,1
17796,563,133439,-1
17797,20,53,1
17798,1358,26702,-1
17799,1358,6594,-1
17800,20,106,1
17801,573,94974,-1
17802,20,177,1
17803,563,1063,1
17804,20,146,-1
17805,1480,10533943,1
17806,131,119,1
17807,20,73,-1
17808,563,276440,-1
17809,20,53,1
17810,563,128449,-1
17811,20,40,1
17812,563,8519463,-1
17813,20,40061,1
17814,563,8029783,1
17815,20,152,-1
17816,563,257411,-1
17817,20,54,1
17818,563,277894,1
17819,20,164,-1
17820,1077,869592,1
17821,20,244,-1
17822,563,199136,-1
17823,20,38,1
17824,563,128412,-1
17825,20,59,1
17826,1480,1676119,1
17827,131,92,1
17828,20,58,-1
17829,563,369487,-1
17830,20,54,1
17831,563,9196367,-1
17832,20,38,1
17833,563,3932111,-1
17834,20,44,1
17835,563,3753,1
17836,20,169,-1
17837,563,124203,-1
17838,20,37877,1
17839,563,136929,-1
17840,20,241,1
17841,1077,4542979,1
17842,20,160,-1
17843,563,485527,-1
17844,20,50,1
17845,563,128101,-1
17846,20,56,1
17847,563,3594,1
17848,20,327,-1
17849,563,187305,-1
17850,1480,571,1
17851,1480,36,1
17852,1201,30,1
17853,20,66,-1
17854,20,13,-1
17855,1480,23,1
17856,1480,28,1
17857,1201,29,1
17858,20,46,-1
17859,20,72,-1
17860,129,12,1
17861,20,45,-1
17862,563,843399,-1
17863,1358,804,-1
17864,1358,35,-1
17865,20,129,1
17866,1358,15065,-1
17867,1358,653,-1
17868,20,15,1
17869,1480,3540,1
17870,131,113,1
17871,20,90,-1
17872,1077,17590,1
17873,20,120,-1
17874,1440,5299,-1
17875,1440,25,-1
17876,1194,14,-1
17877,20,75,1
17878,1440,40473,-1
17879,1276,82,-1
17880,20,25,1
17881,563,790,1
17882,20,259,-1
17883,1077,5609,1
17884,20,163,-1
17885,1440,54769,-1
17886,1211,99,-1
17887,20,235,1
17888,1440,86730,-1
17889,1276,42,-1
17890,20,113,1
17891,1440,12538,-1
17892,1440,31,-1
17893,20,18,1
17894,1194,34,-1
17895,1440,18005,-1
17896,20,44,1
17897,1440,41,-1
17898,1194,8,-1
17899,20,91,1
17900,856,10273,-1
17901,563,360,1
17902,20,171,-1
17903,1440,20604,-1
17904,1276,66,-1
17905,1440,142,-1
17906,1276,15,-1
17907,20,28,1
17908,1358,78912,-1
17909,1077,4383,1
17910,1480,83,1
17911,131,39,1
17912,20,15,-1
17913,20,50,-1
17914,1243,46010,-1
17915,563,2067,1
17916,20,113,-1
17917,563,240,1
17918,20,73,-1
17919,563,262,1
17920,20,98,-1
17921,563,442,1
17922,20,73,-1
17923,563,95,1
17924,20,108,-1
17925,1358,8735,-1
17926,1440,765,-1
17927,20,21,1
17928,1276,51,-1
17929,1440,12130,-1
17930,20,40,1
17931,1440,42,-1
17932,1194,11,-1
17933,20,91,1
17934,904,102966,-1
17935,1358,24519,-1
17936,20,48,1
17937,563,4535,1
17938,20,108,-1
17939,563,446,1
17940,20,93,-1
17941,563,359,1
17942,20,144,-1
17943,563,498,1
17944,20,97,-1
17945,563,365,1
17946,20,94,-1
17947,563,166,1
17948,20,94,-1
17949,1358,47231,-1
17950,563,1702,1
17951,20,138,-1
17952,1145,48716,-1
17953,1077,466,1
17954,20,77,-1
17955,1480,199,1
17956,131,63,1
17957,20,66,-1
17958,1358,29855,-1
17959,1077,540,1
17960,20,142,-1
17961,563,87997,-1
17962,20,53,1
17963,854,9496,-1
17964,20,39097,1
17965,563,89462,-1
17966,20,154,1
17967,1480,439,1
17968,1480,39,1
17969,1201,41,1
17970,20,49,-1
17971,20,10,-1
17972,1480,33,1
17973,1480,29,1
17974,1201,25,1
17975,20,41,-1
17976,20,7,-1
17977,129,8,1
17978,20,43,-1
17979,1358,64971,-1
17980,1480,924,1
17981,1480,46,1
17982,1201,17,1
17983,20,56,-1
17984,20,14,-1
17985,1480,11,1
17986,1480,25,1
17987,1201,34,1
17988,20,50,-1
17989,20,7,-1
17990,129,8,1
17991,20,52,-1
17992,1480,26,1
17993,1480,27,1
17994,1201,31,1
17995,20,38,-1
17996,20,8,-1
17997,1480,30,1
17998,1480,29,1
17999,1201,23,1
18000,20,39,-1
18001,20,7,-1
18002,129,7,1
18003,20,48,-1
18004,854,63403,-1
18005,1480,805,1
18006,1480,46,1
18007,1201,42,1
18008,20,44,-1
18009,20,40,-1
18010,1480,21,1
18011,1480,25,1
18012,1201,18,1
18013,20,52,-1
18014,20,6,-1
18015,129,19,1
18016,1480,50,1
18017,20,18,-1
18018,1480,12,1
18019,1201,30,1
18020,20,12,-1
18021,20,55,-1
18022,1480,25,1
18023,1480,25,1
18024,1201,21,1
18025,20,75,-1
18026,20,7,-1
18027,129,6,1
18028,20,44,-1
18029,1358,48177,-1
18030,563,918,1
18031,20,288,-1
18032,1358,12547,-1
18033,1480,2279,1
18034,1480,131,1
18035,1201,91,1
18036,20,217,-1
18037,20,30,-1
18038,1480,1,1
18039,1480,101,1
18040,1201,75,1
18041,20,21,-1
18042,20,121,-1
18043,129,32,1
18044,20,226,-1
18045,59,62556,-1
18046,20,37821,1
18047,563,279072,-1
18048,20,52,1
18049,1440,134128,-1
18050,20,98,1
18051,1440,159,-1
18052,20,51,1
18053,1194,59,-1
18054,20,36,1
18055,1358,26331,-1
18056,20,36,1
18057,496,9186,-1
18058,20,25,1
18059,563,3288,1
18060,20,90,-1
18061,1480,885,1
18062,1480,47,1
18063,20,128,-1
18064,1201,107,1
18065,20,129,-1
18066,1480,138,1
18067,1480,97,1
18068,20,85,-1
18069,1201,103,1
18070,20,79,-1
18071,129,121,1
18072,20,107,-1
18073,563,268857,-1
18074,1480,1622,1
18075,1480,90,1
18076,20,38,-1
18077,1201,56,1
18078,20,87,-1
18079,1480,166,1
18080,1480,110,1
18081,20,79,-1
18082,1201,91,1
18083,20,78,-1
18084,129,104,1
18085,20,77,-1
18086,1106,128674,-1
18087,1480,5487,1
18088,1480,140,1
18089,1201,250,1
18090,20,236,-1
18091,20,92,-1
18092,1480,474,1
18093,1480,248,1
18094,20,195,-1
18095,1201,177,1
18096,20,343,-1
18097,129,130,1
18098,20,179,-1
18099,563,120527,-1
18100,1480,1538,1
18101,1480,111,1
18102,20,82,-1
18103,1201,0,1
18104,20,0,-1
18105,1480,0,1
18106,1480,78,1
18107,20,100,-1
18108,1201,36,1
18109,20,46,-1
18110,129,87,1
18111,20,66,-1
18112,1106,125987,-1
18113,1480,1814,1
18114,1480,77,1
18115,20,72,-1
18116,1201,25,1
18117,20,38,-1
18118,1480,108,1
18119,1480,51,1
18120,20,41,-1
18121,1201,51,1
18122,20,158,-1
18123,129,36,1
18124,20,63,-1
18125,1480,139,1
18126,1480,65,1
18127,20,52,-1
18128,1201,65,1
18129,20,66,-1
18130,1480,75,1
18131,1480,54,1
18132,20,37,-1
18133,1201,46,1
18134,20,37,-1
18135,129,58,1
18136,20,37,-1
18137,563,124891,-1
18138,1480,1604,1
18139,1480,82,1
18140,20,71,-1
18141,1201,30,1
18142,20,68,-1
18143,1480,85,1
18144,1480,63,1
18145,20,86,-1
18146,1201,28,1
18147,20,71,-1
18148,129,48,1
18149,20,73,-1
18150,1106,127043,-1
18151,1480,4395,1
18152,1480,54,1
18153,20,130,-1
18154,1201,36,1
18155,20,97,-1
18156,1480,200,1
18157,1480,42,1
18158,20,115,-1
18159,1201,86,1
18160,20,86,-1
18161,129,95,1
18162,20,129,-1
18163,563,122679,-1
18164,1480,1696,1
18165,1480,104,1
18166,1201,82,1
18167,1480,144,1
18168,1480,81,1
18169,20,252,-1
18170,20,16,-1
18171,1310,10,1
18172,20,23,-1
18173,20,50,-1
18174,1440,126250,-1
18175,229,46,-1
18176,20,111,1
18177,1480,2073,1
18178,1480,30,1
18179,20,72,-1
18180,1201,47,1
18181,20,76,-1
18182,1480,75,1
18183,1480,61,1
18184,20,82,-1
18185,1201,47,1
18186,20,45,-1
18187,1480,133,1
18188,1480,109,1
18189,1201,30,1
18190,20,66,-1
18191,20,21,-1
18192,1480,91,1
18193,1480,71,1
18194,1201,70,1
18195,1480,109,1
18196,1480,59,1
18197,1480,100,1
18198,1480,56,1
18199,20,72,-1
18200,20,14,-1
18201,20,4,-1
18202,20,1,-1
18203,1480,15,1
18204,951,59,1
18205,20,58,-1
18206,289,66,1
18207,20,54,-1
18208,563,158378,-1
18209,1480,2795,1
18210,1480,179,1
18211,20,135,-1
18212,1201,247,1
18213,20,186,-1
18214,1480,187,1
18215,1480,160,1
18216,20,140,-1
18217,1201,336,1
18218,20,153,-1
18219,129,207,1
18220,20,141,-1
18221,1106,126917,-1
18222,1480,5764,1
18223,1480,509,1
18224,20,380,-1
18225,1201,307,1
18226,20,261,-1
18227,1480,652,1
18228,1480,286,1
18229,1201,237,1
18230,20,204,-1
18231,20,172,-1
18232,129,152,1
18233,20,222,-1
18234,1440,113491,-1
18235,1276,46,-1
18236,20,109,1
18237,1358,9366,-1
18238,263,2825,-1
18239,20,23,1
18240,1106,127951,-1
18241,563,475,1
18242,20,177,-1
18243,1106,129137,-1
18244,20,38265,1
18245,563,130009,-1
18246,20,154,1
18247,1480,1283,1
18248,1480,92,1
18249,20,97,-1
18250,1201,40,1
18251,20,46,-1
18252,1480,108,1
18253,1480,97,1
18254,20,75,-1
18255,1201,60,1
18256,20,59,-1
18257,129,71,1
18258,20,77,-1
18259,563,82,1
18260,20,62,-1
18261,1077,13477,1
18262,20,138,-1
18263,1480,1046,1
18264,131,77,1
18265,20,60,-1
18266,1077,818,1
18267,20,73,-1
18268,563,2112,1
18269,20,66,-1
18270,1480,50019,1
18271,131,100,1
18272,20,82,-1
18273,1480,1535,1
18274,1480,85,1
18275,1201,85,1
18276,20,55,-1
18277,20,89,-1
18278,1480,80,1
18279,1480,79,1
18280,20,86,-1
18281,1201,74,1
18282,20,66,-1
18283,129,82,1
18284,20,70,-1
18285,563,142754,-1
18286,1077,3317,1
18287,20,471,-1
18288,563,1401,1
18289,20,352,-1
18290,1358,40567,-1
18291,1358,2810,-1
18292,20,380,1
18293,1358,2176,-1
18294,1077,656,1
18295,20,124,-1
18296,563,2093,1
18297,20,157,-1
18298,563,355,1
18299,20,152,-1
18300,563,493,1
18301,20,234,-1
18302,563,255,1
18303,20,156,-1
18304,563,1167,1
18305,20,107,-1
18306,1358,35963,-1
18307,1358,3867,-1
18308,20,182,1
18309,563,2312,1
18310,20,176,-1
18311,563,131,1
18312,20,120,-1
18313,874,33599,-1
18314,1480,581,1
18315,1480,62,1
18316,213,44,1
18317,20,66,-1
18318,20,52,-1
18319,563,834,1
18320,20,262,-1
18321,1358,95072,-1
18322,854,32855,-1
18323,20,39,1
18324,1358,60643,-1
18325,20,37453,1
18326,1358,7274,-1
18327,1358,13662,-1
18328,20,144,1
18329,563,996,1
18330,20,133,-1
18331,1480,1072,1
18332,1480,77,1
18333,20,60,-1
18334,1201,66,1
18335,20,63,-1
18336,1480,123,1
18337,1480,68,1
18338,20,59,-1
18339,1201,121,1
18340,20,53,-1
18341,129,66,1
18342,20,48,-1
18343,1358,3623,-1
18344,612,2081,-1
18345,20,99,1
18346,1077,2938,1
18347,20,123,-1
18348,1077,2686,1
18349,20,98,-1
18350,1480,1356,1
18351,131,83,1
18352,20,46,-1
18353,1358,80265,-1
18354,563,432,1
18355,20,226,-1
18356,563,617,1
18357,20,97,-1
18358,1077,2083,1
18359,20,106,-1
18360,1077,14629,1
18361,20,272,-1
18362,1480,3225,1
18363,1480,118,1
18364,20,89,-1
18365,1201,24,1
18366,20,117,-1
18367,1480,73,1
18368,1480,66,1
18369,1201,55,1
18370,20,41,-1
18371,20,5,-1
18372,643,66,1
18373,20,41,-1
18374,311,18565,-1
18375,20,37626,1
18376,1358,126181,-1
18377,1358,22574,-1
18378,20,226,1
18379,59,371,-1
18380,20,107,1
18381,1440,6430,-1
18382,1276,59,-1
18383,20,135,1
18384,1358,5115,-1
18385,20,327,1
18386,1358,3680,-1
18387,1077,13442,1
18388,20,165,-1
18389,1358,33727,-1
18390,20,39355,1
18391,1358,17933,-1
18392,563,1572,1
18393,20,106,-1
18394,1049,10250,-1
18395,563,926,1
18396,20,113,-1
18397,1077,23308,1
18398,20,155,-1
18399,1480,4222,1
18400,131,95,1
18401,20,73,-1
18402,1106,99579,-1
18403,20,37820,1
18404,1358,20766,-1
18405,1358,35184,-1
18406,20,57,1
18407,1480,14894,1
18408,131,236,1
18409,20,97,-1
18410,1077,208,1
18411,20,82,-1
18412,563,16412,1
18413,20,159,-1
18414,1116,42247,-1
18415,563,406,1
18416,20,87,-1
18417,1358,144625,-1
18418,563,984,1
18419,20,106,-1
18420,311,32394,-1
18421,20,38458,1
18422,1358,24087,-1
18423,563,2310,1
18424,20,107,-1
18425,1358,24925,-1
18426,563,2979,1
18427,20,285,-1
18428,563,454,1
18429,20,325,-1
18430,30,34316,-1
18431,20,38166,1
18432,563,111899,-1
18433,20,385,1
18434,1077,28172,1
18435,20,149,-1
18436,1358,120554,-1
18437,563,338,1
18438,20,104,-1
18439,563,26,1
18440,20,82,-1
18441,311,8032,-1
18442,20,38227,1
18443,1106,90548,-1
18444,20,217,1
18445,1358,4866,-1
18446,20,36346,1
18447,1358,64845,-1
18448,1440,41,-1
18449,1440,13,-1
18450,1194,4,-1
18451,20,69,1
18452,563,1688,1
18453,20,208,-1
18454,128,25000,-1
18455,1077,23231,1
18456,20,161,-1
18457,1077,7233,1
18458,20,272,-1
18459,563,2780,1
18460,20,219,-1
18461,1480,6127,1
18462,1480,177,1
18463,20,98,-1
18464,1201,138,1
18465,20,138,-1
18466,1480,255,1
18467,1480,137,1
18468,20,140,-1
18469,1201,132,1
18470,20,153,-1
18471,643,93,1
18472,20,75,-1
18473,1480,176,1
18474,1480,79,1
18475,20,61,-1
18476,1201,72,1
18477,20,77,-1
18478,1480,134,1
18479,1480,74,1
18480,20,95,-1
18481,1201,35,1
18482,20,47,-1
18483,129,86,1
18484,20,64,-1
18485,1106,118368,-1
18486,563,4575,1
18487,20,207,-1
18488,1077,139,1
18489,20,111,-1
18490,1077,7855,1
18491,20,118,-1
18492,1358,49842,-1
18493,20,36347,1
18494,1480,7714,1
18495,131,57,1
18496,20,121,-1
18497,1480,4196,1
18498,1480,178,1
18499,20,142,-1
18500,1201,41,1
18501,20,104,-1
18502,1480,123,1
18503,1480,113,1
18504,20,72,-1
18505,1201,297,1
18506,20,68,-1
18507,643,109,1
18508,20,67,-1
18509,854,15966,-1
18510,20,283,1
18511,1077,21249,1
18512,20,122,-1
18513,1077,92,1
18514,20,99,-1
18515,1358,91634,-1
18516,1480,576,1
18517,1480,21,1
18518,1201,134,1
18519,20,24,-1
18520,20,56,-1
18521,1480,40,1
18522,1480,26,1
18523,1201,25,1
18524,20,55,-1
18525,20,11,-1
18526,129,13,1
18527,20,26,-1
18528,311,14901,-1
18529,1480,23179,1
18530,1480,124,1
18531,1201,125,1
18532,20,82,-1
18533,20,57,-1
18534,1480,128,1
18535,1480,98,1
18536,20,80,-1
18537,1201,71,1
18538,20,56,-1
18539,643,100,1
18540,20,60,-1
18541,1480,184,1
18542,1480,72,1
18543,20,71,-1
18544,1201,36,1
18545,20,49,-1
18546,1480,203,1
18547,1480,70,1
18548,20,72,-1
18549,1201,77,1
18550,20,70,-1
18551,1480,142,1
18552,1480,72,1
18553,20,70,-1
18554,1201,77,1
18555,20,65,-1
18556,1480,142,1
18557,1480,76,1
18558,20,65,-1
18559,1201,77,1
18560,20,63,-1
18561,209,102,1
18562,20,84,-1
18563,1480,511,1
18564,1480,71,1
18565,20,89,-1
18566,1041,72,1
18567,20,66,-1
18568,1480,151,1
18569,1480,78,1
18570,20,114,-1
18571,1201,74,1
18572,20,76,-1
18573,1480,108,1
18574,371,77,1
18575,20,74,-1
18576,1077,32467,1
18577,20,154,-1
18578,1358,11515,-1
18579,1077,528,1
18580,20,155,-1
18581,1358,12814,-1
18582,20,39387,1
18583,1358,2254,-1
18584,893,1709,-1
18585,20,30,1
18586,563,745,1
18587,20,86,-1
18588,563,1183,1
18589,20,343,-1
18590,1077,3386,1
18591,20,815,-1
18592,563,2196,1
18593,20,447,-1
18594,1480,586,1
18595,1480,72,1
18596,20,78,-1
18597,1201,25,1
18598,20,66,-1
18599,1480,79,1
18600,1480,59,1
18601,20,81,-1
18602,1201,28,1
18603,20,38,-1
18604,643,75,1
18605,20,46,-1
18606,1358,5573,-1
18607,20,40040,1
18608,854,72485,-1
18609,20,200,1
18610,1480,1772,1
18611,1480,111,1
18612,1201,41,1
18613,20,66,-1
18614,20,27,-1
18615,1480,171,1
18616,1480,120,1
18617,20,103,-1
18618,1201,82,1
18619,20,106,-1
18620,643,111,1
18621,20,109,-1
18622,1358,18925,-1
18623,1358,12374,-1
18624,20,77,1
18625,1480,5789,1
18626,131,118,1
18627,20,63,-1
18628,1480,15679,1
18629,1480,109,1
18630,20,69,-1
18631,1201,63,1
18632,20,78,-1
18633,1480,132,1
18634,1480,81,1
18635,20,66,-1
18636,1201,63,1
18637,20,54,-1
18638,129,68,1
18639,20,53,-1
18640,1358,22859,-1
18641,563,1055,1
18642,20,134,-1
18643,563,29168,1
18644,20,149,-1
18645,292,20903,-1
18646,20,36290,1
18647,1358,69855,-1
18648,1077,514,1
18649,20,107,-1
18650,1358,21377,-1
18651,59,491,-1
18652,20,15,1
18653,1480,1333,1
18654,1480,66,1
18655,20,69,-1
18656,1201,27,1
18657,20,75,-1
18658,1480,85,1
18659,1480,92,1
18660,20,58,-1
18661,1201,59,1
18662,20,66,-1
18663,643,72,1
18664,20,54,-1
18665,1358,9800,-1
18666,1358,712,-1
18667,20,15,1
18668,1358,15774,-1
18669,1480,2990,1
18670,1480,81,1
18671,20,166,-1
18672,1201,67,1
18673,20,78,-1
18674,1480,93,1
18675,1480,71,1
18676,20,52,-1
18677,1201,56,1
18678,20,73,-1
18679,643,89,1
18680,20,68,-1
18681,1480,144,1
18682,1480,66,1
18683,20,46,-1
18684,1201,46,1
18685,20,46,-1
18686,1480,87,1
18687,1480,57,1
18688,20,46,-1
18689,1201,260,1
18690,20,51,-1
18691,1480,100,1
18692,1480,59,1
18693,20,46,-1
18694,1201,53,1
18695,20,43,-1
18696,1480,90,1
18697,1480,51,1
18698,20,36,-1
18699,1201,55,1
18700,20,42,-1
18701,209,65,1
18702,20,61,-1
18703,1077,84,1
18704,20,49,-1
18705,563,17440,1
18706,20,216,-1
18707,1077,54390,1
18708,20,127,-1
18709,864,22958,-1
18710,563,1448,1
18711,20,102,-1
18712,1358,70214,-1
18713,1358,855,-1
18714,20,19,1
18715,1358,1029,-1
18716,563,445,1
18717,20,169,-1
18718,1480,101,1
18719,1480,32,1
18720,1201,25,1
18721,20,18,-1
18722,20,44,-1
18723,1480,77,1
18724,1480,46,1
18725,1201,24,1
18726,20,25,-1
18727,20,49,-1
18728,1157,13,1
18729,20,61,-1
18730,1440,10807,-1
18731,1440,52,-1
18732,1194,10,-1
18733,20,102,1
18734,563,22722,1
18735,20,138,-1
18736,563,11015,1
18737,20,335,-1
18738,1480,4430,1
18739,1480,90,1
18740,20,110,-1
18741,1201,41,1
18742,20,51,-1
18743,1480,181,1
18744,1480,104,1
18745,20,61,-1
18746,1201,63,1
18747,20,78,-1
18748,643,45,1
18749,20,48,-1
18750,991,3560,-1
18751,563,3884,1
18752,20,119,-1
18753,1480,2509,1
18754,1480,30,1
18755,20,60,-1
18756,1201,77,1
18757,20,104,-1
18758,1480,159,1
18759,1480,24,1
18760,20,37,-1
18761,1201,102,1
18762,20,51,-1
18763,643,134,1
18764,20,48,-1
18765,563,206,1
18766,20,56,-1
18767,1480,247,1
18768,1480,66,1
18769,20,50,-1
18770,1201,47,1
18771,20,47,-1
18772,89,63,1
18773,20,46,-1
18774,1480,84,1
18775,131,24,1
18776,20,68,-1
18777,1077,81746,1
18778,20,132,-1
18779,1358,3600,-1
18780,1480,591,1
18781,1480,46,1
18782,1201,35,1
18783,20,53,-1
18784,20,11,-1
18785,1480,25,1
18786,1480,25,1
18787,1201,34,1
18788,20,22,-1
18789,20,36,-1
18790,1157,10,1
18791,20,51,-1
18792,854,37624,-1
18793,20,36801,1
18794,1358,3943,-1
18795,20,319,1
18796,1480,1926,1
18797,1480,30,1
18798,20,79,-1
18799,1201,20,1
18800,20,185,-1
18801,1480,81,1
18802,1480,87,1
18803,20,65,-1
18804,1201,71,1
18805,20,60,-1
18806,129,85,1
18807,20,56,-1
18808,1480,138,1
18809,1480,23,1
18810,20,97,-1
18811,1201,65,1
18812,20,56,-1
18813,1480,105,1
18814,1480,70,1
18815,20,59,-1
18816,1201,57,1
18817,20,56,-1
18818,643,78,1
18819,20,138,-1
18820,1358,2820,-1
18821,1480,1212,1
18822,1480,80,1
18823,20,41,-1
18824,1201,60,1
18825,20,103,-1
18826,1480,81,1
18827,1480,59,1
18828,20,84,-1
18829,1201,29,1
18830,20,46,-1
18831,643,75,1
18832,20,59,-1
18833,1077,17172,1
18834,20,187,-1
18835,1440,35208,-1
18836,1276,46,-1
18837,20,92,1
18838,1480,1402,1
18839,1480,101,1
18840,20,119,-1
18841,1201,34,1
18842,20,117,-1
18843,1480,108,1
18844,1480,25,1
18845,20,65,-1
18846,1201,27,1
18847,20,61,-1
18848,643,61,1
18849,20,34,-1
18850,1480,397,1
18851,131,64,1
18852,20,55,-1
18853,1184,60936,-1
18854,1358,16657,-1
18855,20,34,1
18856,1480,47034,1
18857,1358,112,-1
18858,131,47,1
18859,20,47,-1
18860,1480,17594,1
18861,1480,106,1
18862,20,61,-1
18863,1201,52,1
18864,20,66,-1
18865,1480,122,1
18866,1480,69,1
18867,20,56,-1
18868,1201,89,1
18869,20,54,-1
18870,1157,82,1
18871,20,56,-1
18872,1358,18625,-1
18873,806,28194,-1
18874,20,51,1
18875,1480,2167,1
18876,1480,87,1
18877,20,75,-1
18878,1201,66,1
18879,20,85,-1
18880,1480,150,1
18881,1480,90,1
18882,20,74,-1
18883,1201,101,1
18884,20,67,-1
18885,1480,149,1
18886,1480,88,1
18887,20,84,-1
18888,1201,87,1
18889,20,62,-1
18890,1480,129,1
18891,1480,65,1
18892,20,61,-1
18893,1201,75,1
18894,20,57,-1
18895,209,94,1
18896,20,56,-1
18897,1077,133,1
18898,20,72,-1
18899,1358,45617,-1
18900,563,1467,1
18901,20,125,-1
18902,1480,7577,1
18903,131,36,1
18904,20,126,-1
18905,1358,12914,-1
18906,1358,7806,-1
18907,20,41,1
18908,563,260,1
18909,20,145,-1
18910,1358,15189,-1
18911,1077,31121,1
18912,20,340,-1
18913,1126,1471,-1
18914,1077,561,1
18915,20,92,-1
18916,1480,6180,1
18917,1480,96,1
18918,1201,76,1
18919,20,45,-1
18920,20,24,-1
18921,1480,99,1
18922,1480,23,1
18923,20,83,-1
18924,1201,26,1
18925,20,44,-1
18926,1157,83,1
18927,20,53,-1
18928,1106,121357,-1
18929,1358,5930,-1
18930,20,24,1
18931,1358,57,-1
18932,1440,9613,-1
18933,20,38,1
18934,1276,47,-1
18935,1358,19,-1
18936,20,97,1
18937,1358,8900,-1
18938,1358,4399,-1
18939,20,38,1
18940,1077,3252,1
18941,20,230,-1
18942,1440,2720,-1
18943,1276,46,-1
18944,20,93,1
18945,563,1579,1
18946,20,128,-1
18947,563,253,1
18948,20,305,-1
18949,1440,11666,-1
18950,1440,35,-1
18951,1194,5,-1
18952,20,252,1
18953,1480,1455,1
18954,1480,30,1
18955,20,102,-1
18956,1201,56,1
18957,20,71,-1
18958,1480,100,1
18959,1480,61,1
18960,20,50,-1
18961,1201,58,1
18962,20,56,-1
18963,643,108,1
18964,20,58,-1
18965,563,11649,1
18966,20,146,-1
18967,1077,13968,1
18968,20,185,-1
18969,1077,2696,1
18970,20,149,-1
18971,563,2897,1
18972,20,82,-1
18973,1480,6485,1
18974,131,61,1
18975,20,100,-1
18976,1358,44673,-1
18977,1440,627,-1
18978,20,20,1
18979,1440,39,-1
18980,1194,9,-1
18981,1358,6,-1
18982,20,36,1
18983,1440,13846,-1
18984,1276,61,-1
18985,20,23,1
18986,1440,10697,-1
18987,1440,35,-1
18988,20,13,1
18989,1194,46,-1
18990,1077,355,1
18991,20,125,-1
18992,1480,778,1
18993,1480,95,1
18994,1201,61,1
18995,20,46,-1
18996,20,11,-1
18997,1480,32,1
18998,1480,65,1
18999,1201,25,1
19000,20,41,-1
19001,20,10,-1
19002,643,10,1
19003,20,79,-1
19004,1480,361,1
19005,1480,44,1
19006,1201,34,1
19007,20,50,-1
19008,20,10,-1
19009,1480,31,1
19010,1480,31,1
19011,1201,44,1
19012,20,42,-1
19013,20,10,-1
19014,643,10,1
19015,20,51,-1
19016,1077,6410,1
19017,20,331,-1
19018,1440,8252,-1
19019,1440,26,-1
19020,1440,6,-1
19021,1112,4,-1
19022,20,57,1
19023,1440,251,-1
19024,1440,10,-1
19025,20,10,1
19026,697,35,-1
19027,563,361,1
19028,20,275,-1
19029,563,466,1
19030,20,61,-1
19031,1440,98614,-1
19032,1276,45,-1
19033,20,117,1
19034,563,1559,1
19035,20,96,-1
19036,1480,123,1
19037,1480,70,1
19038,1201,48,1
19039,20,42,-1
19040,20,35,-1
19041,1480,243,1
19042,1480,66,1
19043,20,84,-1
19044,1201,49,1
19045,20,35,-1
19046,643,60,1
19047,20,36,-1
19048,1358,24713,-1
19049,350,1070,-1
19050,20,40,1
19051,1480,637,1
19052,1480,173,1
19053,20,138,-1
19054,1201,36,1
19055,20,126,-1
19056,1480,315,1
19057,1480,62,1
19058,20,56,-1
19059,1201,169,1
19060,20,79,-1
19061,643,80,1
19062,20,51,-1
19063,563,437,1
19064,20,86,-1
19065,1358,35830,-1
19066,563,1943,1
19067,20,115,-1
19068,563,331,1
19069,20,104,-1
19070,563,128,1
19071,20,107,-1
19072,1358,2939,-1
19073,1358,17261,-1
19074,20,38,1
19075,1358,34982,-1
19076,563,2079,1
19077,20,103,-1
19078,563,61,1
19079,20,52,-1
19080,1358,20709,-1
19081,563,915,-1
19082,20,35,1
19083,389,10970,-1
19084,20,63,1
19085,1358,5484,-1
19086,1440,45,-1
19087,1440,16,-1
19088,1194,3,-1
19089,1358,4,-1
19090,20,86,1
19091,1358,8622,-1
19092,1440,50,-1
19093,20,18,1
19094,1276,20,-1
19095,563,519,1
19096,20,92,-1
19097,1358,47661,-1
19098,563,1103,1
19099,20,92,-1
19100,563,463,1
19101,20,157,-1
19102,1077,221,1
19103,20,97,-1
19104,1077,9083,1
19105,20,172,-1
19106,563,5928,1
19107,20,172,-1
19108,1077,9004,1
19109,20,97,-1
19110,1077,576,1
19111,20,103,-1
19112,1077,2572,1
19113,20,114,-1
19114,1480,852,1
19115,131,82,1
19116,20,100,-1
19117,1077,7283,1
19118,20,154,-1
19119,1358,1996,-1
19120,1480,1121,1
19121,1480,30,1
19122,1201,20,1
19123,20,66,-1
19124,1480,7,1
19125,20,3,-1
19126,1480,15,1
19127,1201,25,1
19128,1480,144,1
19129,1480,24,1
19130,1480,84,1
19131,1480,27,1
19132,20,13,-1
19133,1480,4,1
19134,20,2,-1
19135,20,5,-1
19136,922,15,1
19137,1480,108,1
19138,20,9,-1
19139,20,8,-1
19140,1480,6,1
19141,1230,29,1
19142,20,92,-1
19143,20,10,-1
19144,249,10,1
19145,20,73,-1
19146,1480,185,1
19147,1480,35,1
19148,1201,27,1
19149,20,41,-1
19150,20,9,-1
19151,1480,20,1
19152,1480,23,1
19153,1201,19,1
19154,20,14,-1
19155,20,31,-1
19156,643,9,1
19157,20,37,-1
19158,1358,23700,-1
19159,1440,43,-1
19160,1276,5,-1
19161,20,100,1
19162,1440,4932,-1
19163,1276,23,-1
19164,20,8,1
19165,1440,77,-1
19166,553,7,-1
19167,20,168,1
19168,563,86,1
19169,20,118,-1
19170,1440,3988,-1
19171,1440,64,-1
19172,20,24,1
19173,1194,36,-1
19174,1440,4647,-1
19175,20,46,1
19176,1440,105,-1
19177,1194,20,-1
19178,20,167,1
19179,1440,30286,-1
19180,1440,46,-1
19181,20,10,1
19182,1194,14,-1
19183,1440,5,-1
19184,1276,5,-1
19185,20,82,1
19186,1358,18424,-1
19187,563,1152,1
19188,20,167,-1
19189,563,248,1
19190,20,133,-1
19191,563,35954,1
19192,20,145,-1
19193,1077,3719,1
19194,20,330,-1
19195,1358,62,-1
19196,563,1368,1
19197,20,174,-1
19198,1480,540,1
19199,1480,61,1
19200,20,59,-1
19201,1201,54,1
19202,20,56,-1
19203,1480,118,1
19204,1480,66,1
19205,20,65,-1
19206,1201,82,1
19207,20,51,-1
19208,643,76,1
19209,20,54,-1
19210,1358,19860,-1
19211,1480,1395,1
19212,1480,92,1
19213,20,65,-1
19214,1201,70,1
19215,20,61,-1
19216,1480,303,1
19217,1480,29,1
19218,20,86,-1
19219,1201,30,1
19220,20,46,-1
19221,643,82,1
19222,20,79,-1
19223,256,4364,-1
19224,1358,16933,-1
19225,20,44,1
19226,1358,7195,-1
19227,1480,1368,1
19228,1480,84,1
19229,20,102,-1
19230,1201,31,1
19231,20,85,-1
19232,1480,149,1
19233,1480,66,1
19234,20,83,-1
19235,1201,29,1
19236,20,69,-1
19237,643,48,1
19238,20,59,-1
19239,1358,70294,-1
19240,1480,1395,1
19241,1480,116,1
19242,20,67,-1
19243,1201,88,1
19244,20,70,-1
19245,1480,121,1
19246,1480,29,1
19247,20,59,-1
19248,1201,58,1
19249,20,120,-1
19250,643,50,1
19251,20,82,-1
19252,1358,14823,-1
19253,1358,11608,-1
19254,20,29,1
19255,1440,9794,-1
19256,1440,43,-1
19257,1194,5,-1
19258,20,99,1
19259,563,5508,1
19260,20,127,-1
19261,563,87,1
19262,20,84,-1
19263,1440,982,-1
19264,1276,35,-1
19265,1358,9,-1
19266,20,90,1
19267,643,2665,-1
19268,563,1454,1
19269,20,118,-1
19270,1440,15759,-1
19271,1440,42,-1
19272,1194,15,-1
19273,20,99,1
19274,1358,10160,-1
19275,1440,9605,-1
19276,20,56,1
19277,1276,90,-1
19278,563,1590,1
19279,20,128,-1
19280,563,185,1
19281,20,149,-1
19282,563,948,1
19283,20,128,-1
19284,1358,6124,-1
19285,1440,16020,-1
19286,20,36,1
19287,1440,40,-1
19288,1194,11,-1
19289,1440,5,-1
19290,1276,6,-1
19291,1358,4,-1
19292,20,62,1
19293,563,1405,1
19294,20,66,-1
19295,563,198,1
19296,20,78,-1
19297,1358,63412,-1
19298,563,498,1
19299,20,169,-1
19300,111,715,-1
19301,563,1322,1
19302,20,105,-1
19303,1440,12512,-1
19304,1276,30,-1
19305,20,87,1
19306,1358,9520,-1
19307,563,321,1
19308,20,174,-1
19309,1358,67086,-1
19310,1440,12970,-1
19311,20,36,1
19312,1440,36,-1
19313,1194,10,-1
19314,20,66,1
19315,1358,17490,-1
19316,1312,6863,-1
19317,20,26,1
19318,1358,18886,-1
19319,1440,19784,-1
19320,20,36,1
19321,1440,40,-1
19322,1194,17,-1
19323,20,79,1
19324,1440,16412,-1
19325,1440,46,-1
19326,20,10,1
19327,1194,27,-1
19328,1358,19396,-1
19329,20,72,1
19330,1440,27961,-1
19331,1276,61,-1
19332,20,208,1
19333,1480,11626,1
19334,131,172,1
19335,20,195,-1
19336,1440,3793,-1
19337,1440,29,-1
19338,1194,15,-1
19339,20,75,1
19340,1440,10216,-1
19341,1276,61,-1
19342,20,22,1
19343,1358,38,-1
19344,1440,8365,-1
19345,20,30,1
19346,1276,45,-1
19347,1358,605,-1
19348,20,13,1
19349,1077,133,1
19350,20,87,-1
19351,1480,900,1
19352,1480,78,1
19353,20,92,-1
19354,1201,29,1
19355,20,41,-1
19356,1480,114,1
19357,1480,25,1
19358,20,66,-1
19359,1201,28,1
19360,20,41,-1
19361,1157,49,1
19362,20,49,-1
19363,1440,11153,-1
19364,1440,39,-1
19365,1440,5,-1
19366,1186,4,-1
19367,20,83,1
19368,563,614,1
19369,20,157,-1
19370,1440,7243,-1
19371,1440,96,-1
19372,1194,13,-1
19373,20,211,1
19374,1440,13006,-1
19375,1276,75,-1
19376,20,20,1
19377,1358,56,-1
19378,1480,1077,1
19379,1480,99,1
19380,1201,40,1
19381,20,64,-1
19382,1480,108,1
19383,20,146,-1
19384,685,20,1
19385,20,136,-1
19386,1480,2094,1
19387,1480,187,1
19388,20,145,-1
19389,1201,144,1
19390,20,134,-1
19391,1480,262,1
19392,1480,170,1
19393,20,144,-1
19394,1201,142,1
19395,20,123,-1
19396,643,182,1
19397,20,167,-1
19398,1480,36780,1
19399,131,113,1
19400,20,76,-1
19401,1480,5738,1
19402,131,103,1
19403,20,70,-1
19404,1358,25920,-1
19405,1480,1464,1
19406,1480,92,1
19407,20,95,-1
19408,1201,66,1
19409,20,53,-1
19410,1480,105,1
19411,1480,68,1
19412,20,126,-1
19413,1201,29,1
19414,20,53,-1
19415,643,73,1
19416,20,88,-1
19417,1282,30282,-1
19418,563,304,1
19419,20,739,-1
19420,1480,3615,1
19421,1480,76,1
19422,20,81,-1
19423,1201,30,1
19424,20,67,-1
19425,1480,82,1
19426,1480,61,1
19427,20,50,-1
19428,1201,58,1
19429,20,46,-1
19430,643,66,1
19431,20,49,-1
19432,1358,10161,-1
19433,1358,18480,-1
19434,20,35,1
19435,1358,28456,-1
19436,1480,1906,1
19437,1480,38,1
19438,1201,78,1
19439,20,82,-1
19440,20,19,-1
19441,1480,80,1
19442,1480,67,1
19443,20,82,-1
19444,1201,27,1
19445,20,45,-1
19446,643,75,1
19447,20,51,-1
19448,1358,32201,-1
19449,1480,4504,1
19450,1480,51,1
19451,20,123,-1
19452,1201,98,1
19453,20,126,-1
19454,1480,133,1
19455,1480,103,1
19456,1201,97,1
19457,20,205,-1
19458,20,84,-1
19459,1480,131,1
19460,1480,101,1
19461,20,122,-1
19462,1201,46,1
19463,20,105,-1
19464,1480,127,1
19465,1480,99,1
19466,20,93,-1
19467,1201,82,1
19468,20,101,-1
19469,209,46,1
19470,20,67,-1
19471,1077,334,1
19472,20,101,-1
19473,1358,22233,-1
19474,563,5269,1
19475,20,468,-1
19476,563,742,1
19477,20,212,-1
19478,932,895,-1
19479,563,93,1
19480,20,240,-1
19481,563,1115,1
19482,20,179,-1
19483,563,436,1
19484,20,102,-1
19485,563,126,1
19486,20,66,-1
19487,1358,4384,-1
19488,1358,3942,-1
19489,20,15,1
19490,563,1559,1
19491,20,112,-1
19492,1358,5142,-1
19493,563,2746,1
19494,20,268,-1
19495,1077,1142,1
19496,20,267,-1
19497,1440,2613,-1
19498,1440,61,-1
19499,1194,15,-1
19500,20,148,1
19501,1358,991,-1
19502,1358,1631,-1
19503,20,30,1
19504,563,5873,1
19505,20,283,-1
19506,563,344,1
19507,20,116,-1
19508,1480,1559,1
19509,131,155,1
19510,20,124,-1
19511,563,389,1
19512,20,309,-1
19513,563,350,1
19514,20,110,-1
19515,563,238,1
19516,20,116,-1
19517,1358,23521,-1
19518,20,39705,1
19519,1234,28084,-1
19520,20,1201,1
19521,563,3450,1
19522,20,108,-1
19523,563,756,1
19524,20,94,-1
19525,563,934,1
19526,20,144,-1
19527,1358,67569,-1
19528,1480,3889,1
19529,1480,294,1
19530,20,312,-1
19531,1201,68,1
19532,20,144,-1
19533,1480,402,1
19534,1480,235,1
19535,20,344,-1
19536,1201,98,1
19537,20,146,-1
19538,643,463,1
19539,20,259,-1
19540,1358,25348,-1
19541,563,2154,1
19542,20,205,-1
19543,1358,16732,-1
19544,1480,784,1
19545,1480,59,1
19546,1201,28,1
19547,1480,72,1
19548,20,21,-1
19549,1480,9,1
19550,20,5,-1
19551,1201,17,1
19552,20,32,-1
19553,1480,34,1
19554,20,6,-1
19555,725,14,1
19556,20,39,-1
19557,1480,513,1
19558,1480,44,1
19559,1201,28,1
19560,20,46,-1
19561,20,11,-1
19562,1480,27,1
19563,1480,29,1
19564,1201,30,1
19565,20,54,-1
19566,20,10,-1
19567,643,8,1
19568,20,53,-1
19569,350,4580,-1
19570,1358,5975,-1
19571,20,113,1
19572,1358,2353,-1
19573,1358,35279,-1
19574,20,38,1
19575,1480,1065,1
19576,645,295,1
19577,20,68,-1
19578,1358,31597,-1
19579,1358,12784,-1
19580,20,156,1
19581,1480,2065,1
19582,1480,148,1
19583,20,97,-1
19584,1201,41,1
19585,20,63,-1
19586,1480,148,1
19587,1480,72,1
19588,20,93,-1
19589,1201,75,1
19590,20,56,-1
19591,643,82,1
19592,20,72,-1
19593,1077,2758,1
19594,20,74,-1
19595,563,19261,1
19596,20,148,-1
19597,932,13420,-1
19598,1480,1709,1
19599,1480,76,1
19600,20,64,-1
19601,1201,48,1
19602,20,46,-1
19603,1480,104,1
19604,1480,67,1
19605,20,45,-1
19606,1201,42,1
19607,20,66,-1
19608,129,27,1
19609,20,45,-1
19610,1440,84275,-1
19611,1440,48,-1
19612,1194,5,-1
19613,20,95,1
19614,1440,5702,-1
19615,1276,72,-1
19616,20,12,1
19617,1358,6168,-1
19618,1440,3491,-1
19619,20,36,1
19620,1276,38,-1
19621,1358,4466,-1
19622,20,36,1
19623,1358,2688,-1
19624,1440,5706,-1
19625,20,39,1
19626,1276,39,-1
19627,1358,5178,-1
19628,20,185,1
19629,1480,1950,1
19630,1480,90,1
19631,20,77,-1
19632,1201,71,1
19633,20,48,-1
19634,1480,104,1
19635,1440,61,-1
19636,1276,20,-1
19637,1358,4,-1
19638,1480,42,1
19639,1201,61,1
19640,20,43,-1
19641,643,92,1
19642,20,149,-1
19643,1440,1879,-1
19644,1276,22,-1
19645,20,9,1
19646,1440,3389,-1
19647,137,23,-1
19648,20,6,1
19649,563,277,1
19650,20,96,-1
19651,1358,8400,-1
19652,1440,289,-1
19653,20,17,1
19654,1440,33,-1
19655,1194,6,-1
19656,1358,5,-1
19657,20,40,1
19658,1440,11318,-1
19659,1440,46,-1
19660,20,11,1
19661,1440,26,-1
19662,1112,5,-1
19663,20,59,1
19664,563,393,1
19665,20,113,-1
19666,1440,70809,-1
19667,1440,47,-1
19668,20,12,1
19669,1194,29,-1
19670,1440,8,-1
19671,1440,5,-1
19672,1194,5,-1
19673,20,36,1
19674,1077,15625,1
19675,20,143,-1
19676,1440,1271,-1
19677,1440,21,-1
19678,1194,4,-1
19679,1440,4,-1
19680,1440,2,-1
19681,1194,4,-1
19682,20,37,1
19683,563,607,1
19684,20,184,-1
19685,1358,12593,-1
19686,1440,45,-1
19687,20,11,1
19688,1276,25,-1
19689,1358,61,-1
19690,20,164,1
19691,563,2593,1
19692,20,278,-1
19693,1480,3121,1
19694,1480,292,1
19695,20,308,-1
19696,1201,117,1
19697,20,163,-1
19698,1480,465,1
19699,1480,242,1
19700,1201,452,1
19701,20,627,-1
19702,20,48,-1
19703,129,204,1
19704,20,76,-1
19705,1440,4127,-1
19706,1440,55,-1
19707,1440,5,-1
19708,1112,5,-1
19709,1440,4,-1
19710,1440,3,-1
19711,1194,4,-1
19712,1440,4,-1
19713,1276,5,-1
19714,20,76,1
19715,563,1422,1
19716,20,110,-1
19717,563,366,1
19718,20,118,-1
19719,1480,5480,1
19720,1480,27,1
19721,20,97,-1
19722,1201,174,1
19723,20,100,-1
19724,1480,102,1
19725,1480,85,1
19726,20,60,-1
19727,1201,76,1
19728,20,58,-1
19729,129,77,1
19730,20,56,-1
19731,1077,150,1
19732,20,59,-1
19733,1440,3783,-1
19734,499,37,-1
19735,20,101,1
19736,1480,2275,1
19737,131,91,1
19738,20,97,-1
19739,563,33236,1
19740,20,135,-1
19741,563,13878,1
19742,20,224,-1
19743,1480,1543,1
19744,131,25,1
19745,20,133,-1
19746,1077,411,1
19747,20,120,-1
19748,1077,530,1
19749,20,87,-1
19750,1480,3742,1
19751,1480,33,1
19752,20,129,-1
19753,213,43,1
19754,20,72,-1
19755,1358,15135,-1
19756,1358,6729,-1
19757,20,24,1
19758,1077,1111,1
19759,20,85,-1
19760,563,199,1
19761,20,87,-1
19762,1358,21296,-1
19763,563,2252,1
19764,20,153,-1
19765,1480,133,1
19766,1480,108,1
19767,20,124,-1
19768,1201,32,1
19769,20,97,-1
19770,1480,78,1
19771,1480,59,1
19772,20,44,-1
19773,1201,60,1
19774,20,78,-1
19775,643,39,1
19776,20,52,-1
19777,263,23365,-1
19778,1480,1407,1
19779,1480,92,1
19780,20,126,-1
19781,1201,28,1
19782,20,95,-1
19783,1480,78,1
19784,1480,22,1
19785,20,105,-1
19786,1201,54,1
19787,20,59,-1
19788,643,70,1
19789,20,48,-1
19790,1480,64908,1
19791,131,92,1
19792,20,85,-1
19793,1358,19616,-1
19794,1480,1503,1
19795,1480,82,1
19796,20,74,-1
19797,1201,26,1
19798,20,52,-1
19799,1480,159,1
19800,1480,89,1
19801,20,62,-1
19802,1201,61,1
19803,20,58,-1
19804,129,74,1
19805,20,136,-1
19806,1358,9753,-1
19807,1480,1046,1
19808,1480,32,1
19809,1201,15,1
19810,20,61,-1
19811,20,12,-1
19812,603,10,1
19813,20,59,-1
19814,1480,15,1
19815,1480,19,1
19816,213,26,1
19817,20,14,-1
19818,20,36,-1
19819,1077,25,1
19820,20,42,-1
19821,602,29325,-1
19822,1358,29410,-1
19823,20,38,1
19824,1358,7010,-1
19825,1077,337,1
19826,20,110,-1
19827,1358,21934,-1
19828,563,357,1
19829,20,101,-1
19830,1358,430,-1
19831,563,1080,1
19832,20,87,-1
19833,563,25,1
19834,20,131,-1
19835,563,1060,1
19836,20,91,-1
19837,1358,370,-1
19838,563,1314,1
19839,20,92,-1
19840,1358,15586,-1
19841,563,1622,1
19842,20,122,-1
19843,1358,24686,-1
19844,1480,430,1
19845,131,30,1
19846,20,56,-1
19847,563,1576,1
19848,20,95,-1
19849,563,134,1
19850,20,112,-1
19851,1358,9038,-1
19852,1480,1559,1
19853,1480,79,1
19854,1201,61,1
19855,20,44,-1
19856,20,36,-1
19857,1480,113,1
19858,1480,123,1
19859,20,61,-1
19860,1201,59,1
19861,20,74,-1
19862,643,45,1
19863,20,47,-1
19864,147,8597,-1
19865,1480,6239,1
19866,131,116,1
19867,20,109,-1
19868,1358,26120,-1
19869,1480,1794,1
19870,1480,93,1
19871,1201,93,1
19872,20,41,-1
19873,20,24,-1
19874,1480,65,1
19875,1480,66,1
19876,20,89,-1
19877,1201,33,1
19878,20,80,-1
19879,129,126,1
19880,20,77,-1
19881,1358,27715,-1
19882,1358,26359,-1
19883,20,36,1
19884,1358,1404,-1
19885,1480,244,1
19886,1480,218,1
19887,20,145,-1
19888,1201,26,1
19889,20,138,-1
19890,1480,73,1
19891,1480,22,1
19892,20,120,-1
19893,1201,25,1
19894,20,87,-1
19895,129,65,1
19896,20,55,-1
19897,1097,37629,-1
19898,1480,6742,1
19899,1480,110,1
19900,20,133,-1
19901,1201,44,1
19902,20,63,-1
19903,1480,156,1
19904,1480,101,1
19905,20,73,-1
19906,1201,88,1
19907,20,80,-1
19908,643,88,1
19909,20,82,-1
19910,1440,35724,-1
19911,1276,45,-1
19912,1358,6,-1
19913,20,108,1
19914,1358,113,-1
19915,563,468,1
19916,20,114,-1
19917,563,5892,1
19918,20,118,-1
19919,563,409,1
19920,20,76,-1
19921,1358,5615,-1
19922,1358,9727,-1
19923,20,149,1
19924,1440,97,-1
19925,1276,10,-1
19926,20,51,1
19927,563,14364,1
19928,20,168,-1
19929,563,262,1
19930,20,79,-1
19931,1480,554,1
19932,1480,42,1
19933,1201,32,1
19934,20,56,-1
19935,20,10,-1
19936,1480,13,1
19937,1480,35,1
19938,767,26,1
19939,20,69,-1
19940,20,7,-1
19941,1077,23,1
19942,20,76,-1
19943,563,19,1
19944,20,50,-1
19945,1077,921,1
19946,20,92,-1
19947,1358,3874,-1
19948,1440,23,-1
19949,1276,3,-1
19950,20,69,1
19951,1440,2018,-1
19952,1440,20,-1
19953,20,8,1
19954,1194,21,-1
19955,1440,558,-1
19956,20,13,1
19957,1276,29,-1
19958,1440,754,-1
19959,20,36,1
19960,1440,37,-1
19961,1194,5,-1
19962,20,51,1
19963,1358,1112,-1
19964,1440,6824,-1
19965,20,81,1
19966,1276,41,-1
19967,563,254,1
19968,20,53,-1
19969,1480,159,1
19970,1480,42,1
19971,213,25,1
19972,20,71,-1
19973,20,10,-1
19974,1480,639,1
19975,1480,70,1
19976,20,52,-1
19977,1201,58,1
19978,20,61,-1
19979,1480,77,1
19980,171,56,1
19981,20,54,-1
19982,563,2664,1
19983,20,69,-1
19984,1005,25196,-1
19985,563,1267,1
19986,20,119,-1
19987,1358,20919,-1
19988,1480,387,1
19989,1480,66,1
19990,213,25,1
19991,20,45,-1
19992,20,25,-1
19993,1480,20393,1
19994,131,112,1
19995,20,84,-1
19996,1077,5496,1
19997,20,118,-1
19998,563,335,1
19999,20,119,-1
20000,1480,9386,1
20001,645,115,1
20002,20,91,-1
20003,311,69625,-1
20004,20,36253,1
20005,1440,27485,-1
20006,1440,57,-1
20007,1194,10,-1
20008,20,101,1
20009,1358,4041,-1
20010,20,538,1
20011,1077,3475,1
20012,20,234,-1
20013,1358,3257,-1
20014,1480,4674,1
20015,1480,108,1
20016,1201,28,1
20017,20,51,-1
20018,20,20,-1
20019,1480,108,1
20020,1480,66,1
20021,20,117,-1
20022,1201,32,1
20023,20,46,-1
20024,1157,87,1
20025,20,61,-1
20026,1440,26282,-1
20027,1276,49,-1
20028,20,108,1
20029,1480,1601,1
20030,1480,94,1
20031,20,123,-1
20032,1201,34,1
20033,20,48,-1
20034,1480,125,1
20035,1480,79,1
20036,20,82,-1
20037,1201,66,1
20038,20,61,-1
20039,643,92,1
20040,20,61,-1
20041,1440,844,-1
20042,1276,21,-1
20043,20,56,1
20044,1440,1611,-1
20045,1440,20,-1
20046,20,8,1
20047,1194,20,-1
20048,563,165,1
20049,20,96,-1
20050,1358,54,-1
20051,1358,560,-1
20052,20,12,1
20053,1358,30,-1
20054,1440,1857,-1
20055,20,36,1
20056,1276,82,-1
20057,1358,183,-1
20058,20,521,1
20059,1440,1071,-1
20060,1276,59,-1
20061,20,20,1
20062,1440,1166,-1
20063,1276,75,-1
20064,20,25,1
20065,1358,244,-1
20066,563,480,1
20067,20,344,-1
20068,1440,3844,-1
20069,1276,25,-1
20070,20,17,1
20071,1440,5482,-1
20072,1276,31,-1
20073,20,8,1
20074,1440,33,-1
20075,1440,6,-1
20076,1440,3,-1
20077,82,4,-1
20078,20,44,1
20079,563,658,1
20080,20,126,-1
20081,563,9840,1
20082,20,146,-1
20083,1480,3044,1
20084,131,109,1
20085,20,85,-1
20086,1440,23314,-1
20087,1276,97,-1
20088,20,262,1
20089,563,2907,1
20090,20,164,-1
20091,1077,15317,1
20092,20,200,-1
20093,1358,36967,-1
20094,1358,13668,-1
20095,20,37,1
20096,1480,8590,1
20097,1159,31,1
20098,20,133,-1
20099,1097,12619,-1
20100,1480,1680,1
20101,1480,48,1
20102,20,97,-1
20103,1201,28,1
20104,20,54,-1
20105,1480,137,1
20106,1480,109,1
20107,20,96,-1
20108,1201,27,1
20109,20,83,-1
20110,643,42,1
20111,20,56,-1
20112,563,3829,1
20113,20,94,-1
20114,1358,14819,-1
20115,563,3168,1
20116,20,333,-1
20117,563,205,1
20118,20,253,-1
20119,563,1501,1
20120,20,499,-1
20121,563,1168,1
20122,20,226,-1
20123,1358,5131,-1
20124,1077,11312,1
20125,20,272,-1
20126,563,211,1
20127,20,97,-1
20128,1077,3250,1
20129,20,156,-1
20130,1358,7221,-1
20131,1077,470,1
20132,20,144,-1
20133,1358,34138,-1
20134,20,40107,1
20135,641,76,-1
20136,20,393,1
20137,563,4163,1
20138,20,286,-1
20139,563,190,1
20140,20,219,-1
20141,1358,39272,-1
20142,1440,94,-1
20143,1276,19,-1
20144,20,199,1
20145,1358,1019,-1
20146,1440,33,-1
20147,20,15,1
20148,1276,21,-1
20149,563,524,1
20150,20,146,-1
20151,1358,180,-1
20152,1440,1061,-1
20153,20,25,1
20154,1276,34,-1
20155,1358,32,-1
20156,1440,5,-1
20157,1276,4,-1
20158,1358,4,-1
20159,1358,181,-1
20160,20,0,1
20161,563,0,1
20162,20,0,-1
20163,1358,380,-1
20164,563,852,1
20165,20,98,-1
20166,1440,509,-1
20167,1276,27,-1
20168,1358,7,-1
20169,20,79,1
20170,1358,4003,-1
20171,1440,437,-1
20172,20,17,1
20173,1276,25,-1
20174,1358,394,-1
20175,20,15,1
20176,1440,45,-1
20177,1440,8,-1
20178,1194,5,-1
20179,20,43,1
20180,1440,13027,-1
20181,1440,46,-1
20182,20,12,1
20183,1194,36,-1
20184,1440,10,-1
20185,1440,5,-1
20186,1440,5,-1
20187,1112,5,-1
20188,20,45,1
20189,563,316,1
20190,20,100,-1
20191,1440,3733,-1
20192,1440,0,-1
20193,20,0,1
20194,1194,0,-1
20195,1358,1,-1
20196,1358,0,-1
20197,20,4405,1
20198,563,1143,1
20199,20,68,-1
20200,1480,9516,1
20201,131,92,1
20202,20,113,-1
20203,563,2720,1
20204,20,138,-1
20205,1480,5573,1
20206,645,37,1
20207,20,113,-1
20208,1480,159,1
20209,645,297,1
20210,20,64,-1
20211,1440,68257,-1
20212,1276,46,-1
20213,20,111,1
20214,1440,14017,-1
20215,1276,46,-1
20216,1440,5,-1
20217,1440,3,-1
20218,1194,5,-1
20219,1440,4,-1
20220,1440,4,-1
20221,1194,4,-1
20222,1440,3,-1
20223,1440,3,-1
20224,1194,4,-1
20225,1358,4,-1
20226,20,52,1
20227,1440,865,-1
20228,1276,11,-1
20229,20,8,1
20230,563,418,1
20231,20,236,-1
20232,563,938,1
20233,20,150,-1
20234,1440,2495,-1
20235,1276,72,-1
20236,1440,11,-1
20237,1276,9,-1
20238,20,133,1
20239,1440,829,-1
20240,1276,64,-1
20241,20,22,1
20242,1440,56,-1
20243,1276,15,-1
20244,1358,9,-1
20245,1358,8,-1
20246,1440,8,-1
20247,20,5,1
20248,429,3,-1
20249,20,466,1
20250,563,1670,1
20251,20,282,-1
20252,563,1266,1
20253,20,108,-1
20254,563,673,1
20255,20,159,-1
20256,563,1008,1
20257,20,66,-1
20258,563,93,1
20259,20,57,-1
20260,1358,29666,-1
20261,1440,1194,-1
20262,20,41,1
20263,1276,86,-1
20264,1440,11603,-1
20265,20,36,1
20266,1440,71,-1
20267,1194,13,-1
20268,20,116,1
20269,563,4679,1
20270,20,108,-1
20271,563,586,1
20272,20,68,-1
20273,563,235,1
20274,20,375,-1
20275,1480,172,1
20276,645,72,1
20277,20,66,-1
20278,1480,473,1
20279,645,77,1
20280,20,144,-1
20281,1077,3834,1
20282,20,72,-1
20283,1358,51577,-1
20284,563,4235,1
20285,20,190,-1
20286,710,12222,-1
20287,563,305,1
20288,20,87,-1
20289,1358,49123,-1
20290,1077,326,1
20291,20,143,-1
20292,563,916,1
20293,20,463,-1
20294,1358,3458,-1
20295,1440,44,-1
20296,1276,5,-1
20297,20,105,1
20298,1358,2905,-1
20299,1358,167,-1
20300,20,14,1
20301,1358,22,-1
20302,563,272,1
20303,20,154,-1
20304,1358,14147,-1
20305,1440,482,-1
20306,20,20,1
20307,1276,41,-1
20308,1440,7382,-1
20309,20,39,1
20310,1440,37,-1
20311,1194,7,-1
20312,20,90,1
20313,1358,4528,-1
20314,1358,17627,-1
20315,20,51,1
20316,1358,88,-1
20317,1358,13,-1
20318,20,157,1
20319,1358,22108,-1
20320,1440,477,-1
20321,20,39,1
20322,1276,61,-1
20323,1358,9270,-1
20324,20,29,1
20325,1440,2908,-1
20326,1440,24,-1
20327,1194,5,-1
20328,20,69,1
20329,1358,15474,-1
20330,1440,922,-1
20331,20,51,1
20332,1276,72,-1
20333,563,46,1
20334,20,144,-1
20335,1358,2218,-1
20336,20,49,1
20337,1358,1116,-1
20338,1358,31,-1
20339,20,45,1
20340,1358,496,-1
20341,563,2540,1
20342,20,283,-1
20343,1358,5299,-1
20344,1440,345,-1
20345,1440,22,-1
20346,524,5,-1
20347,20,64,1
20348,563,330,1
20349,20,138,-1
20350,1440,10666,-1
20351,1440,0,-1
20352,1194,0,-1
20353,1358,0,-1
20354,20,4647,1
20355,1440,9711,-1
20356,1440,38,-1
20357,20,20,1
20358,1194,33,-1
20359,1358,8469,-1
20360,20,16,1
20361,563,339,1
20362,20,132,-1
20363,1440,4931,-1
20364,1276,25,-1
20365,1358,5,-1
20366,20,72,1
20367,1480,32848,1
20368,645,97,1
20369,20,69,-1
20370,585,55921,-1
20371,563,1724,1
20372,20,720,-1
20373,563,946,1
20374,20,115,-1
20375,1440,68727,-1
20376,1440,61,-1
20377,1194,7,-1
20378,20,87,1
20379,1358,12185,-1
20380,1440,12641,-1
20381,20,33,1
20382,1276,51,-1
20383,1358,33071,-1
20384,20,37,1
20385,1440,464,-1
20386,1276,29,-1
20387,20,99,1
20388,1358,23507,-1
20389,352,12778,-1
20390,20,39,1
20391,563,20741,1
20392,20,326,-1
20393,1440,7399,-1
20394,1276,75,-1
20395,20,186,1
20396,563,727,1
20397,20,154,-1
20398,563,49,1
20399,20,190,-1
20400,563,522,1
20401,20,138,-1
20402,563,405,1
20403,20,172,-1
20404,1480,9356,1
20405,131,110,1
20406,20,97,-1
20407,1358,12103,-1
20408,1077,392,1
20409,20,110,-1
20410,1358,947,-1
20411,1358,30356,-1
20412,20,74,1
20413,563,875,1
20414,20,375,-1
20415,563,8928,1
20416,20,283,-1
20417,563,287,1
20418,20,231,-1
20419,1358,10518,-1
20420,1480,5464,1
20421,131,241,1
20422,20,147,-1
20423,680,16730,-1
20424,563,2341,1
20425,20,309,-1
20426,563,3155,1
20427,20,173,-1
20428,563,618,1
20429,20,199,-1
20430,1077,621,1
20431,20,162,-1
20432,1358,123512,-1
20433,563,646,1
20434,20,252,-1
20435,311,3824,-1
20436,1358,2259,-1
20437,20,41,1
20438,1358,9054,-1
20439,563,3548,1
20440,20,190,-1
20441,1440,11544,-1
20442,1276,0,-1
20443,20,4220,1
20444,1440,41398,-1
20445,1276,48,-1
20446,20,11,1
20447,1358,13,-1
20448,563,1516,1
20449,20,109,-1
20450,1358,29655,-1
20451,563,1754,1
20452,20,159,-1
20453,563,8356,1
20454,20,157,-1
20455,563,154,1
20456,20,173,-1
20457,1480,897,1
20458,131,53,1
20459,20,241,-1
20460,1358,12099,-1
20461,148,112,-1
20462,20,36,1
20463,563,2871,1
20464,20,170,-1
20465,563,125351,-1
20466,20,37102,1
20467,1358,11198,-1
20468,1480,1577,1
20469,1480,106,1
20470,213,41,1
20471,20,47,-1
20472,20,16,-1
20473,1358,8740,-1
20474,1358,1521,-1
20475,20,38,1
20476,1358,12029,-1
20477,20,36640,1
20478,1480,8526,1
20479,1480,107,1
20480,20,126,-1
20481,727,51,1
20482,20,45,-1
20483,1358,12588,-1
20484,563,498,1
20485,20,120,-1
20486,1480,1724,1
20487,1480,294,1
20488,20,173,-1
20489,727,66,1
20490,20,88,-1
20491,360,37531,-1
20492,20,38061,1
20493,1358,128048,-1
20494,311,1976,-1
20495,20,16,1
20496,563,575,1
20497,20,62,-1
20498,1077,24086,1
20499,20,224,-1
20500,1440,5550,-1
20501,1440,37,-1
20502,1194,7,-1
20503,20,80,1
20504,1440,3285,-1
20505,1440,40,-1
20506,20,11,1
20507,1194,28,-1
20508,1440,452,-1
20509,20,15,1
20510,1440,34,-1
20511,1194,9,-1
20512,20,51,1
20513,1358,5399,-1
20514,1077,23072,1
20515,20,147,-1
20516,236,64991,-1
20517,1077,2037,1
20518,20,138,-1
20519,1077,3058,1
20520,20,159,-1
20521,563,25217,1
20522,20,154,-1
20523,563,158266,-1
20524,20,36781,1
20525,1480,10855,1
20526,131,114,1
20527,20,92,-1
20528,1358,41476,-1
20529,20,404,1
20530,563,1018,1
20531,20,140,-1
20532,1358,22082,-1
20533,563,1566,1
20534,20,190,-1
20535,1358,12207,-1
20536,1358,397,-1
20537,20,192,1
20538,563,1235,1
20539,20,137,-1
20540,69,37022,-1
20541,563,1123,1
20542,20,98,-1
20543,563,144503,-1
20544,20,36613,1
20545,1440,148775,-1
20546,229,69,-1
20547,20,83,1
20548,563,261,1
20549,20,102,-1
20550,1358,21855,-1
20551,563,338,1
20552,1440,136,-1
20553,1276,20,-1
20554,20,4,-1
20555,20,41,1
20556,234,104876,-1
20557,563,347,1
20558,20,146,-1
20559,1480,219443,1
20560,645,51,1
20561,20,216,-1
20562,563,68434,-1
20563,20,38831,1
20564,1440,3200,-1
20565,20,57,1
20566,1440,82,-1
20567,20,29,1
20568,1194,80,-1
20569,20,26,1
20570,1358,23988,-1
20571,20,57,1
20572,563,8558,1
20573,20,154,-1
20574,563,601,1
20575,20,244,-1
20576,1480,599,1
20577,1480,171,1
20578,20,133,-1
20579,213,139,1
20580,20,185,-1
20581,1358,6876,-1
20582,563,3262,1
20583,20,152,-1
20584,563,1644,1
20585,20,149,-1
20586,1440,10754,-1
20587,1276,61,-1
20588,20,150,1
20589,1358,63519,-1
20590,400,411,-1
20591,20,50,1
20592,563,14769,1
20593,20,134,-1
20594,1480,56,1
20595,131,64,1
20596,20,80,-1
20597,563,129569,-1
20598,20,38285,1
20599,1358,92800,-1
20600,20,676,1
20601,1358,11658,-1
20602,1087,24018,-1
20603,20,72,1
20604,1480,7504,1
20605,1480,216,1
20606,1201,182,1
20607,20,145,-1
20608,20,138,-1
20609,603,194,1
20610,20,243,-1
20611,1440,16870,-1
20612,1440,53,-1
20613,1194,5,-1
20614,20,116,1
20615,1440,1533,-1
20616,1276,28,-1
20617,20,10,1
20618,1185,100710,-1
20619,563,1821,1
20620,20,187,-1
20621,1077,6401,1
20622,20,213,-1
20623,563,138,1
20624,20,149,-1
20625,1077,28515,1
20626,20,188,-1
20627,1480,8248,1
20628,131,197,1
20629,20,119,-1
20630,1077,59050,1
20631,20,182,-1
20632,1077,340,1
20633,20,250,-1
20634,563,57705,-1
20635,20,38236,1
20636,1358,102364,-1
20637,20,862,1
20638,563,2759,1
20639,20,600,-1
20640,563,1862,1
20641,20,240,-1
20642,1480,17729,1
20643,645,122,1
20644,20,108,-1
20645,854,10534,-1
20646,563,1549,1
20647,20,129,-1
20648,1358,7444,-1
20649,1480,1302,1
20650,1480,35,1
20651,727,66,1
20652,20,45,-1
20653,20,18,-1
20654,1358,34775,-1
20655,563,1788,1
20656,20,196,-1
20657,563,18694,1
20658,20,313,-1
20659,1480,5762,1
20660,645,190,1
20661,20,118,-1
20662,1480,148,1
20663,131,67,1
20664,20,48,-1
20665,1480,50240,1
20666,645,133,1
20667,20,99,-1
20668,1440,83016,-1
20669,1440,56,-1
20670,1440,8,-1
20671,1440,5,-1
20672,1440,5,-1
20673,1440,3,-1
20674,1440,4,-1
20675,1440,4,-1
20676,1440,4,-1
20677,1440,4,-1
20678,1440,3,-1
20679,1440,4,-1
20680,1440,3,-1
20681,1440,3,-1
20682,1440,4,-1
20683,1440,3,-1
20684,1440,4,-1
20685,1440,3,-1
20686,1440,4,-1
20687,1440,3,-1
20688,1440,4,-1
20689,1440,2,-1
20690,1440,4,-1
20691,1440,4,-1
20692,1440,3,-1
20693,1440,3,-1
20694,1180,4,-1
20695,20,0,1
20696,20,123,1
20697,563,339,1
20698,20,105,-1
20699,563,1307,1
20700,20,120,-1
20701,563,420,1
20702,20,128,-1
20703,563,3083,1
20704,20,185,-1
20705,1440,283,-1
20706,1276,18,-1
20707,1358,3,-1
20708,1077,97,1
20709,20,59,-1
20710,563,221,1
20711,20,84,-1
20712,1440,11356,-1
20713,1440,40,-1
20714,20,20,1
20715,1194,25,-1
20716,20,37946,1
20717,1358,42521,-1
20718,1077,505,1
20719,20,156,-1
20720,563,11,1
20721,20,82,-1
20722,1358,11062,-1
20723,1077,324,1
20724,20,100,-1
20725,722,18208,-1
20726,563,2824,1
20727,20,370,-1
20728,563,19273,1
20729,20,138,-1
20730,1440,11029,-1
20731,1276,110,-1
20732,20,240,1
20733,1358,62777,-1
20734,563,344,1
20735,20,197,-1
20736,806,32006,-1
20737,563,1031,1
20738,20,125,-1
20739,1440,64749,-1
20740,1276,74,-1
20741,1358,113,-1
20742,20,57,1
20743,563,1760,1
20744,20,180,-1
20745,1440,13175,-1
20746,1276,48,-1
20747,20,102,1
20748,563,5524,1
20749,20,159,-1
20750,563,177,1
20751,20,57,-1
20752,1440,42021,-1
20753,1440,138,-1
20754,1194,26,-1
20755,20,315,1
20756,563,1128,1
20757,20,402,-1
20758,563,349,1
20759,20,367,-1
20760,563,50,1
20761,20,266,-1
20762,563,4231,1
20763,20,149,-1
20764,1077,1467,1
20765,20,319,-1
20766,563,1430,1
20767,20,132,-1
20768,563,175,1
20769,20,137,-1
20770,943,55403,-1
20771,563,1068,1
20772,20,313,-1
20773,563,146,1
20774,20,92,-1
20775,1480,671,1
20776,645,92,1
20777,20,69,-1
20778,563,159,1
20779,20,74,-1
20780,1077,903,1
20781,20,72,-1
20782,563,143932,-1
20783,1358,37882,-1
20784,20,38,1
20785,1358,22989,-1
20786,20,37553,1
20787,1358,22924,-1
20788,563,605,1
20789,20,318,-1
20790,1358,447,-1
20791,1440,718,-1
20792,1440,41,-1
20793,1194,15,-1
20794,20,3,1
20795,20,102,1
20796,1440,31590,-1
20797,1276,381,-1
20798,20,63,1
20799,563,9378,1
20800,20,124,-1
20801,1440,13144,-1
20802,1276,46,-1
20803,1358,7,-1
20804,20,86,1
20805,1480,4557,1
20806,1480,211,1
20807,20,265,-1
20808,213,72,1
20809,20,126,-1
20810,1440,67739,-1
20811,1440,136,-1
20812,1440,26,-1
20813,1112,23,-1
20814,20,283,1
20815,1440,196,-1
20816,1440,41,-1
20817,1227,25,-1
20818,20,390,1
20819,563,8871,1
20820,20,157,-1
20821,563,533,1
20822,20,142,-1
20823,1077,6513,1
20824,20,181,-1
20825,1077,185,1
20826,20,67,-1
20827,1358,84804,-1
20828,825,27288,-1
20829,20,102,1
20830,1480,10889,1
20831,131,108,1
20832,20,102,-1
20833,563,116027,-1
20834,1480,1128,1
20835,131,101,1
20836,20,84,-1
20837,1358,98196,-1
20838,1480,1394,1
20839,131,81,1
20840,20,190,-1
20841,563,68,1
20842,20,56,-1
20843,854,27134,-1
20844,1440,31613,-1
20845,20,71,1
20846,1440,102,-1
20847,1194,19,-1
20848,20,269,1
20849,1440,7462,-1
20850,1440,105,-1
20851,20,36,1
20852,1194,94,-1
20853,1440,2961,-1
20854,20,29,1
20855,1276,86,-1
20856,1358,15,-1
20857,20,139,1
20858,1440,58929,-1
20859,1276,70,-1
20860,20,19,1
20861,1440,26714,-1
20862,106,62,-1
20863,20,15,1
20864,563,2375,1
20865,20,227,-1
20866,563,125773,-1
20867,1077,10414,1
20868,20,149,-1
20869,563,170404,-1
20870,1358,20831,-1
20871,20,44,1
20872,1358,13795,-1
20873,1440,3125,-1
20874,20,22,1
20875,1276,37,-1
20876,20,36777,1
20877,1358,11585,-1
20878,563,494,1
20879,20,205,-1
20880,1480,18054,1
20881,131,96,1
20882,20,102,-1
20883,787,44389,-1
20884,1077,8158,1
20885,20,164,-1
20886,563,158273,-1
20887,563,1940,1
20888,20,101,-1
20889,563,147563,-1
20890,20,36377,1
20891,563,130580,-1
20892,563,1584,1
20893,20,108,-1
20894,563,129036,-1
20895,563,280,1
20896,20,168,-1
20897,563,211641,-1
20898,563,4287,1
20899,20,195,-1
20900,563,173108,-1
20901,1440,25136,-1
20902,1276,70,-1
20903,20,185,1
20904,1358,77945,-1
20905,1358,1514,-1
20906,20,38,1
20907,1358,90,-1
20908,563,9613,1
20909,20,283,-1
20910,1358,555,-1
20911,20,37548,1
20912,933,6146,-1
20913,20,209,1
20914,563,4707,1
20915,20,88,-1
20916,563,269443,-1
20917,1480,1405,1
20918,131,98,1
20919,20,352,-1
20920,563,150,1
20921,20,74,-1
20922,563,142819,-1
20923,1480,1610,1
20924,645,129,1
20925,20,201,-1
20926,563,426213,-1
20927,20,37839,1
20928,1358,59950,-1
20929,20,65,1
20930,1480,10071,1
20931,131,81,1
20932,20,77,-1
20933,311,59587,-1
20934,20,37819,1
20935,563,246924,-1
20936,20,53,1
20937,563,128844,-1
20938,20,109,1
20939,1077,6162,1
20940,20,133,-1
20941,1077,81216,1
20942,20,231,-1
20943,563,225876,-1
20944,20,38280,1
20945,1358,126271,-1
20946,20,46,1
20947,563,405,1
20948,20,335,-1
20949,563,787,1
20950,20,144,-1
20951,1440,61,-1
20952,1276,46,-1
20953,20,99,1
20954,748,1765,-1
20955,1358,7513,-1
20956,20,0,1
20957,282,128747,-1
20958,563,1596,1
20959,20,156,-1
20960,1077,14940,1
20961,20,168,-1
20962,563,152583,-1
20963,563,267,1
20964,20,102,-1
20965,563,245867,-1
20966,563,883,1
20967,20,95,-1
20968,1077,4785,1
20969,20,226,-1
20970,563,132388,-1
20971,1480,19337,1
20972,131,104,1
20973,20,66,-1
20974,20,19728,1
20975,1358,32621,-1
20976,20,41,1
20977,796,97399,-1
20978,20,90,1
20979,563,3086,1
20980,20,532,-1
20981,563,6973,1
20982,20,185,-1
20983,1358,18240,-1
20984,1440,57,-1
20985,1276,9,-1
20986,20,121,1
20987,1358,8568,-1
20988,1440,217,-1
20989,20,23,1
20990,1276,33,-1
20991,1358,29778,-1
20992,20,30,1
20993,652,60131,-1
20994,563,1093,1
20995,20,105,-1
20996,1077,25488,1
20997,20,111,-1
20998,1077,313,1
20999,20,95,-1
21000,563,101241,-1
21001,563,2769,-1
21002,20,31,1
21003,20,34259,1
21004,1358,73248,-1
21005,20,97,1
21006,825,21884,-1
21007,20,74,1
21008,1480,8017,1
21009,1159,483,1
21010,20,218,-1
21011,1440,32109,-1
21012,1276,78,-1
21013,1358,10,-1
21014,20,181,1
21015,1440,9476,-1
21016,1440,70,-1
21017,20,20,1
21018,1194,53,-1
21019,1358,22017,-1
21020,20,98,1
21021,1358,55552,-1
21022,1440,109,-1
21023,1440,8,-1
21024,1440,4,-1
21025,737,2,-1
21026,20,12,1
21027,563,401,1
21028,20,169,-1
21029,563,74,1
21030,20,131,-1
21031,563,495,1
21032,20,109,-1
21033,1358,39222,-1
21034,1440,8817,-1
21035,20,43,1
21036,1440,49,-1
21037,1194,10,-1
21038,20,191,1
21039,1440,690,-1
21040,1276,23,-1
21041,20,10,1
21042,1440,15,-1
21043,1276,6,-1
21044,1358,5,-1
21045,20,35,1
21046,1440,78015,-1
21047,1276,82,-1
21048,20,12,1
21049,1440,25,-1
21050,1276,180,-1
21051,1440,5,-1
21052,1276,4,-1
21053,1358,4,-1
21054,20,26,1
21055,1358,60,-1
21056,563,782,1
21057,20,68,-1
21058,563,769,1
21059,20,93,-1
21060,1440,49183,-1
21061,1276,47,-1
21062,1358,5,-1
21063,1440,5,-1
21064,1276,4,-1
21065,1440,3,-1
21066,1276,56,-1
21067,1358,7,-1
21068,20,23,1
21069,1440,28424,-1
21070,1440,45,-1
21071,20,14,1
21072,1194,42,-1
21073,1358,21415,-1
21074,20,37,1
21075,1358,27819,-1
21076,1240,667,-1
21077,20,16,1
21078,563,356,1
21079,20,138,-1
21080,1077,33306,1
21081,20,155,-1
21082,1077,60508,1
21083,20,133,-1
21084,1480,26065,1
21085,131,43,1
21086,20,121,-1
21087,1480,1199,1
21088,131,23,1
21089,20,70,-1
21090,563,231837,-1
21091,1358,25776,-1
21092,20,45,1
21093,563,1816,1
21094,20,138,-1
21095,1440,10123,-1
21096,1276,28,-1
21097,20,80,1
21098,1440,10382,-1
21099,1276,26,-1
21100,20,9,1
21101,1358,1461,-1
21102,563,915,1
21103,20,77,-1
21104,1077,3974,1
21105,20,116,-1
21106,991,105372,-1
21107,563,1388,1
21108,20,114,-1
21109,1358,79823,-1
21110,1440,48,-1
21111,1276,5,-1
21112,20,97,1
21113,1440,10049,-1
21114,1440,47,-1
21115,20,10,1
21116,1194,14,-1
21117,1358,311,-1
21118,563,57,1
21119,20,106,-1
21120,1440,940,-1
21121,1276,20,-1
21122,20,8,1
21123,1480,8301,1
21124,131,37,1
21125,20,122,-1
21126,1358,10653,-1
21127,1440,1582,-1
21128,20,23,1
21129,1440,44,-1
21130,1194,16,-1
21131,20,69,1
21132,1077,1258,1
21133,20,135,-1
21134,1440,2116,-1
21135,1276,24,-1
21136,1358,4,-1
21137,20,57,1
21138,1440,9513,-1
21139,1440,39,-1
21140,20,10,1
21141,1194,40,-1
21142,563,514,1
21143,20,193,-1
21144,1358,9643,-1
21145,20,37256,1
21146,1358,35380,-1
21147,1358,390,-1
21148,20,18,1
21149,1440,123,-1
21150,1440,28,-1
21151,1194,5,-1
21152,20,66,1
21153,1440,35235,-1
21154,1440,46,-1
21155,20,14,1
21156,1194,31,-1
21157,1440,9,-1
21158,1440,5,-1
21159,562,5,-1
21160,20,30,1
21161,1077,651,1
21162,20,145,-1
21163,1358,66787,-1
21164,1440,22057,-1
21165,20,38,1
21166,1276,103,-1
21167,563,1398,1
21168,20,432,-1
21169,806,36659,-1
21170,563,1181,1
21171,20,111,-1
21172,1077,8506,1
21173,20,149,-1
21174,563,131211,-1
21175,563,1310,1
21176,20,134,-1
21177,1358,101161,-1
21178,563,1536,1
21179,20,87,-1
21180,311,81248,-1
21181,20,37697,1
21182,1358,82504,-1
21183,20,337,1
21184,1358,814,-1
21185,1440,2914,-1
21186,20,65,1
21187,1276,58,-1
21188,20,391,1
21189,1440,10,-1
21190,1440,31,-1
21191,20,13,1
21192,1194,30,-1
21193,20,233,1
21194,1358,3709,-1
21195,1440,46,-1
21196,1276,5,-1
21197,20,119,1
21198,1358,200,-1
21199,1358,12,-1
21200,20,139,1
21201,563,629,1
21202,20,127,-1
21203,563,41517,1
21204,20,181,-1
21205,760,36644,-1
21206,1077,478,1
21207,20,126,-1
21208,563,437,1
21209,20,1064,-1
21210,1077,2249,1
21211,20,191,-1
21212,563,125808,-1
21213,1077,294,1
21214,20,100,-1
21215,1480,17467,1
21216,645,622,1
21217,20,476,-1
21218,1106,128567,-1
21219,563,1945,1
21220,20,164,-1
21221,563,733,1
21222,20,86,-1
21223,1480,8555,1
21224,131,138,1
21225,20,60,-1
21226,1480,750,1
21227,1480,26,1
21228,20,79,-1
21229,727,110,1
21230,20,66,-1
21231,1480,196,1
21232,131,106,1
21233,20,83,-1
21234,1480,1344,1
21235,131,267,1
21236,20,112,-1
21237,1480,200,1
21238,131,109,1
21239,20,78,-1
21240,1480,148,1
21241,131,87,1
21242,20,56,-1
21243,1358,112447,-1
21244,1358,1017,-1
21245,1358,21,-1
21246,20,56,1
21247,1440,2805,-1
21248,1276,25,-1
21249,20,11,1
21250,1440,3091,-1
21251,1440,41,-1
21252,20,14,1
21253,1194,15,-1
21254,1358,6,-1
21255,20,117,1
21256,563,451,1
21257,20,276,-1
21258,1358,2531,-1
21259,1358,59,-1
21260,1358,16,-1
21261,20,77,1
21262,1440,140691,-1
21263,1440,69,-1
21264,20,16,1
21265,1440,36,-1
21266,1440,10,-1
21267,1440,5,-1
21268,1440,5,-1
21269,1267,5,-1
21270,20,41,1
21271,563,7055,1
21272,20,138,-1
21273,563,1024,1
21274,20,145,-1
21275,563,3901,1
21276,20,131,-1
21277,563,1264,1
21278,20,107,-1
21279,1358,98497,-1
21280,1358,45,-1
21281,20,88,1
21282,1440,196,-1
21283,1440,11,-1
21284,1440,7,-1
21285,1440,5,-1
21286,1440,5,-1
21287,1440,4,-1
21288,1440,5,-1
21289,1440,4,-1
21290,1440,4,-1
21291,1440,5,-1
21292,538,4,-1
21293,20,31,1
21294,1358,974,-1
21295,1358,3739,-1
21296,20,16,1
21297,1358,9938,-1
21298,723,420,-1
21299,20,12,1
21300,1358,27908,-1
21301,563,1756,1
21302,20,107,-1
21303,1358,88001,-1
21304,59,11485,-1
21305,20,20,1
21306,563,149365,1
21307,20,111,-1
21308,1106,22491,-1
21309,563,437,1
21310,20,125,-1
21311,1106,128407,-1
21312,563,2632,1
21313,20,115,-1
21314,563,347,1
21315,20,70,-1
21316,563,208268,-1
21317,563,259,1
21318,20,94,-1
21319,1440,10174,-1
21320,1276,23,-1
21321,20,73,1
21322,1000,130033,-1
21323,563,5218,1
21324,20,87,-1
21325,1077,2008,1
21326,20,75,-1
21327,1106,129725,-1
21328,563,2085,1
21329,20,111,-1
21330,563,29,1
21331,20,69,-1
21332,563,133774,-1
21333,20,39590,1
21334,1106,88979,-1
21335,20,199,1
21336,1358,53466,-1
21337,20,233,1
21338,1358,30831,-1
21339,1358,46,-1
21340,20,113,1
21341,777,80519,-1
21342,20,153,1
21343,1106,127933,-1
21344,20,1347,1
21345,563,1038486,-1
21346,20,36,1
21347,1358,68038,-1
21348,20,36,1
21349,854,60399,-1
21350,20,35,1
21351,563,889663,-1
21352,20,61,1
21353,563,4299577,-1
21354,20,38,1
21355,563,2416579,1
21356,20,139,-1
21357,563,5798,1
21358,20,223,-1
21359,563,1889,1
21360,20,87,-1
21361,1077,133,1
21362,20,97,-1
21363,563,260,1
21364,20,90,-1
21365,1077,265,1
21366,20,60,-1
21367,563,619,1
21368,20,169,-1
21369,563,7098,1
21370,20,188,-1
21371,1480,69295,1
21372,131,39,1
21373,20,153,-1
21374,563,233,1
21375,20,122,-1
21376,1480,3386,1
21377,645,111,1
21378,20,169,-1
21379,1480,2152,1
21380,131,211,1
21381,20,133,-1
21382,1480,299,1
21383,645,83,1
21384,20,63,-1
21385,563,101675,-1
21386,20,37,1
21387,1358,98217,-1
21388,20,36,1
21389,563,1029,1
21390,20,108,-1
21391,1358,16719,-1
21392,563,315,1
21393,20,133,-1
21394,1145,12084,-1
21395,1077,298,1
21396,20,267,-1
21397,563,562,1
21398,20,194,-1
21399,1358,77506,-1
21400,563,5149,1
21401,20,197,-1
21402,854,44538,-1
21403,20,37540,1
21404,563,124237,-1
21405,20,36,1
21406,1440,56046,-1
21407,20,50,1
21408,1276,32,-1
21409,20,11,1
21410,486,128154,-1
21411,20,36,1
21412,563,5935,1
21413,20,263,-1
21414,563,138,1
21415,20,72,-1
21416,563,365,1
21417,20,269,-1
21418,563,128011,-1
21419,563,975,1
21420,20,82,-1
21421,563,308,1
21422,20,118,-1
21423,1077,550,1
21424,20,690,-1
21425,563,181310,-1
21426,20,35786,1
21427,1358,125746,-1
21428,20,38363,1
21429,311,21488,-1
21430,20,140,1
21431,1480,5791105,1
21432,131,126,1
21433,20,91,-1
21434,563,424777,-1
21435,20,251,1
21436,563,7452973,1
21437,20,151,-1
21438,563,407701,-1
21439,20,73,1
21440,563,303,1
21441,20,159,-1
21442,563,2978785,-1
21443,563,2377,1
21444,20,381,-1
21445,1077,9164218,1
21446,20,285,-1
21447,1480,225,1
21448,131,86,1
21449,20,102,-1
21450,563,278928,-1
21451,20,53,1
21452,563,128389,-1
21453,20,43,1
21454,563,74779,-1
21455,20,38887,1
21456,563,226284,-1
21457,20,72,1
21458,563,1252016,1
21459,20,149,-1
21460,563,263686,-1
21461,20,66,1
21462,1077,1738075,1
21463,20,184,-1
21464,563,302712,-1
21465,20,151,1
21466,563,127580,-1
21467,20,223,1
21468,563,570809,1
21469,20,154,-1
21470,563,329,1
21471,20,133,-1
21472,563,231930,-1
21473,20,256,1
21474,563,18929,-1
21475,20,53,1
21476,563,749071,1
21477,20,164,-1
21478,563,207068,-1
21479,20,105,1
21480,1077,114696,1
21481,20,164,-1
21482,1106,12560,-1
21483,20,0,1
21484,563,354013,-1
21485,20,156,1
21486,563,145155,-1
21487,20,138,1
21488,563,846158,-1
21489,20,99,1
21490,563,1320157,1
21491,20,166,-1
21492,563,190,1
21493,20,88,-1
21494,563,215000,-1
21495,20,56,1
21496,563,179479,-1
21497,20,36,1
21498,563,365842,-1
21499,20,102,1
21500,563,239457,1
21501,20,151,-1
21502,563,590850,-1
21503,20,55,1
21504,563,409969,1
21505,20,174,-1
21506,1077,1001626,1
21507,20,482,-1
21508,1077,1405,1
21509,20,266,-1
21510,563,457355,-1
21511,20,52,1
21512,563,1100516,-1
21513,20,37,1
21514,1358,40205,-1
21515,20,169,1
21516,311,87787,-1
21517,20,36,1
21518,563,1458364,-1
21519,20,36,1
21520,563,835,1
21521,20,118,-1
21522,563,1025720,-1
21523,563,890,1
21524,20,154,-1
21525,563,2209017,-1
21526,563,2497,1
21527,20,447,-1
21528,563,128870,-1
21529,563,1648,1
21530,20,147,-1
21531,563,482181,1
21532,20,123,-1
21533,563,276407,-1
21534,20,39687,1
21535,1480,1083761,1
21536,131,122,1
21537,20,136,-1
21538,563,357863,-1
21539,20,53,1
21540,563,16103,-1
21541,20,50,1
21542,1077,226649,1
21543,20,155,-1
21544,563,136,1
21545,20,100,-1
21546,563,189823,-1
21547,20,36,1
21548,563,128747,-1
21549,20,64,1
21550,563,128628,-1
21551,20,102,1
21552,563,9551290,1
21553,20,277,-1
21554,1077,17,1
21555,20,51,-1
21556,563,251600,-1
21557,20,57,1
21558,1106,129909,-1
21559,20,34,1
21560,1077,4924562,1
21561,20,196,-1
21562,563,259770,-1
21563,20,50,1
21564,563,129177,-1
21565,20,77,1
21566,1480,4083245,1
21567,131,66,1
21568,20,67,-1
21569,563,424571,-1
21570,20,56,1
21571,563,13537595,-1
21572,20,102,1
21573,563,490607,-1
21574,20,52,1
21575,563,165052,1
21576,20,165,-1
21577,1480,3003311,1
21578,131,361,1
21579,20,190,-1
21580,563,295,1
21581,20,322,-1
21582,1077,997073,1
21583,20,137,-1
21584,1077,1000686,1
21585,20,144,-1
21586,563,371067,1
21587,20,148,-1
21588,563,221312,-1
21589,20,57,1
21590,1077,206799,1
21591,20,164,-1
21592,1480,315,1
21593,131,46,1
21594,20,67,-1
21595,563,199331,1
21596,20,151,-1
21597,563,165318,-1
21598,20,38,1
21599,563,58130,-1
21600,20,57,1
21601,563,250831,-1
21602,20,51,1
21603,1077,530236,1
21604,20,457,-1
21605,1077,529,1
21606,20,501,-1
21607,1077,368119,1
21608,20,313,-1
21609,563,203284,-1
21610,20,39,1
21611,1106,130317,-1
21612,20,53,1
21613,1077,295575,1
21614,20,447,-1
21615,563,425,1
21616,20,355,-1
21617,563,227497,-1
21618,20,47,1
21619,563,143183,1
21620,20,160,-1
21621,563,203539,-1
21622,20,36,1
21623,563,797155,1
21624,20,279,-1
21625,563,211212,-1
21626,20,42,1
21627,1077,2413128,1
21628,20,111,-1
21629,563,378256,1
21630,20,133,-1
21631,563,399,1
21632,20,97,-1
21633,563,197782,-1
21634,20,39,1
21635,563,277041,-1
21636,20,51,1
21637,563,526221,1
21638,20,288,-1
21639,563,171663,-1
21640,20,45,1
21641,1077,449187,1
21642,20,154,-1
21643,563,214556,-1
21644,20,158,1
21645,563,128096,-1
21646,20,96,1
21647,563,656810,1
21648,20,221,-1
21649,563,382493,1
21650,20,194,-1
21651,563,208516,-1
21652,20,35,1
21653,1077,792386,1
21654,20,541,-1
21655,1077,1425,1
21656,20,382,-1
21657,563,195716,-1
21658,20,38,1
21659,563,128888,-1
21660,20,55,1
21661,1106,128186,-1
21662,20,36,1
21663,563,157247,1
21664,20,174,-1
21665,563,132745,-1
21666,20,93,1
21667,563,4154,1
21668,20,153,-1
21669,563,143346,-1
21670,563,3618,1
21671,20,164,-1
21672,563,202419,-1
21673,20,39550,1
21674,563,2480674,1
21675,20,373,-1
21676,563,2381777,1
21677,20,154,-1
21678,563,208135,-1
21679,20,38,1
21680,1077,1793182,1
21681,20,221,-1
21682,563,20,1
21683,20,66,-1
21684,563,173735,-1
21685,20,36,1
21686,563,128298,-1
21687,20,51,1
21688,563,132796,-1
21689,20,38,1
21690,1480,1392341,1
21691,131,113,1
21692,20,66,-1
21693,563,382539,-1
21694,20,56,1
21695,1077,6401674,1
21696,20,456,-1
21697,563,1215857,1
21698,20,607,-1
21699,563,82,1
21700,20,720,-1
21701,563,221,1
21702,20,390,-1
21703,563,198418,-1
21704,20,72,1
21705,563,128533,-1
21706,20,62,1
21707,563,1242,1
21708,20,199,-1
21709,1077,85,1
21710,20,108,-1
21711,563,126590,-1
21712,20,37377,1
21713,563,92828,-1
21714,20,256,1
21715,563,5417765,1
21716,20,386,-1
21717,563,257184,-1
21718,20,151,1
21719,1077,402207,1
21720,20,166,-1
21721,563,345273,-1
21722,20,97,1
21723,563,168915,-1
21724,20,102,1
21725,1480,5199460,1
21726,131,92,1
21727,20,108,-1
21728,563,425364,-1
21729,20,128,1
21730,563,16566149,1
21731,20,160,-1
21732,563,207608,-1
21733,20,38,1
21734,1077,1177,1
21735,20,125,-1
21736,563,126641,-1
21737,20,36685,1
21738,1077,1613182,1
21739,20,169,-1
21740,563,16,1
21741,20,65,-1
21742,563,14801,1
21743,20,100,-1
21744,563,366209,-1
21745,20,131,1
21746,1077,2960,1
21747,20,452,-1
21748,1358,50447,-1
21749,20,38640,1
21750,311,35401,-1
21751,20,42,1
21752,563,127869,-1
21753,20,60,1
21754,563,2351,1
21755,20,194,-1
21756,563,123,1
21757,20,66,-1
21758,563,292837,-1
21759,1077,1032,1
21760,20,499,-1
21761,563,81933,1
21762,20,119,-1
21763,563,94549,-1
21764,20,38210,1
21765,563,163803,-1
21766,20,52,1
21767,1077,1178,1
21768,20,99,-1
21769,1106,128805,-1
21770,1077,2725,1
21771,20,123,-1
21772,1480,1978,1
21773,131,389,1
21774,20,357,-1
21775,563,364959,-1
21776,20,39010,1
21777,563,1232,-1
21778,20,0,1
21779,563,125004,-1
21780,20,46,1
21781,563,38671,1
21782,20,394,-1
21783,563,194043,-1
21784,20,46,1
21785,563,166507,-1
21786,20,56,1
21787,563,2640043,1
21788,20,146,-1
21789,563,208909,-1
21790,20,37,1
21791,563,840,1
21792,20,140,-1
21793,1077,188,1
21794,20,97,-1
21795,1077,68605,1
21796,20,171,-1
21797,563,59032,-1
21798,20,38489,1
21799,563,157295,-1
21800,20,70,1
21801,563,128693,-1
21802,20,53,1
21803,563,337837,1
21804,20,134,-1
21805,563,324,1
21806,20,81,-1
21807,563,181300,-1
21808,20,60,1
21809,563,1605,1
21810,20,369,-1
21811,1077,478,1
21812,20,266,-1
21813,563,128846,-1
21814,20,37909,1
21815,563,37425,1
21816,20,524,-1
21817,563,844,1
21818,20,515,-1
21819,1077,2206,1
21820,20,449,-1
21821,1106,88992,-1
21822,20,37,1
21823,563,128314,-1
21824,20,159,1
21825,563,127920,-1
21826,20,37,1
21827,563,1262981,1
21828,20,153,-1
21829,563,317623,-1
21830,20,51,1
21831,563,922,1
21832,20,97,-1
21833,1077,102,1
21834,20,56,-1
21835,563,127691,-1
21836,20,37757,1
21837,563,515372,1
21838,20,158,-1
21839,563,273554,-1
21840,20,59,1
21841,1077,1145,1
21842,20,116,-1
21843,563,128548,-1
21844,20,36563,1
21845,563,560289,1
21846,20,340,-1
21847,1077,701,1
21848,20,65,-1
21849,563,505912,-1
21850,20,213,1
21851,1077,3601,1
21852,20,515,-1
21853,1358,75621,-1
21854,1077,1585,1
21855,20,141,-1
21856,311,46444,-1
21857,20,39737,1
21858,1106,89084,-1
21859,20,50,1
21860,563,4236418,1
21861,20,199,-1
21862,563,264406,-1
21863,20,154,1
21864,563,1735678,1
21865,20,176,-1
21866,563,190455,-1
21867,20,97,1
21868,563,905,1
21869,20,450,-1
21870,1077,809476,1
21871,20,167,-1
21872,563,243122,-1
21873,563,786,1
21874,20,179,-1
21875,1077,190,1
21876,20,105,-1
21877,1106,127815,-1
21878,20,36526,1
21879,563,1974213,1
21880,20,428,-1
21881,1077,1538,1
21882,20,641,-1
21883,563,196670,-1
21884,20,39,1
21885,563,166270,-1
21886,20,51,1
21887,1077,635112,1
21888,20,720,-1
21889,1077,1065,1
21890,20,463,-1
21891,1077,2150,1
21892,20,109,-1
21893,563,166131,-1
21894,20,37,1
21895,1358,72726,-1
21896,20,155,1
21897,311,55685,-1
21898,20,37,1
21899,1480,145190,1
21900,131,108,1
21901,20,52,-1
21902,563,388976,-1
21903,20,56,1
21904,1480,1294270,1
21905,131,62,1
21906,20,134,-1
21907,1440,554088,-1
21908,20,69,1
21909,171,22,-1
21910,20,16,1
21911,563,211,1
21912,20,58,-1
21913,1077,3448441,1
21914,20,517,-1
21915,563,227000,-1
21916,20,85,1
21917,563,1700,1
21918,20,272,-1
21919,1077,454,1
21920,20,254,-1
21921,1358,40808,-1
21922,563,1307,1
21923,20,348,-1
21924,1077,397,1
21925,20,197,-1
21926,311,82620,-1
21927,20,36821,1
21928,1480,14303752,1
21929,131,66,1
21930,20,85,-1
21931,563,404613,-1
21932,20,39795,1
21933,563,9688899,1
21934,20,158,-1
21935,563,9729973,-1
21936,20,144,1
21937,1077,43414,1
21938,20,265,-1
21939,563,347629,-1
21940,20,154,1
21941,1077,147904,1
21942,20,415,-1
21943,1480,972,1
21944,131,285,1
21945,20,174,-1
21946,563,91349,-1
21947,20,51,1
21948,563,1479,1
21949,20,100,-1
21950,563,317582,-1
21951,20,99,1
21952,563,33205,-1
21953,20,37568,1
21954,1106,129882,-1
21955,20,40,1
21956,563,406,1
21957,20,104,-1
21958,563,543180,-1
21959,1440,52,-1
21960,1276,5,-1
21961,20,98,1
21962,1000,128663,-1
21963,563,4289,1
21964,20,145,-1
21965,563,214961,1
21966,20,145,-1
21967,563,252414,-1
21968,20,168,1
21969,563,228209,-1
21970,1077,2434,1
21971,20,108,-1
21972,563,538696,-1
21973,20,38985,1
21974,1077,72261,1
21975,20,149,-1
21976,563,58925,-1
21977,20,37,1
21978,1480,28460,1
21979,131,159,1
21980,20,87,-1
21981,563,263873,-1
21982,20,39515,1
21983,563,126412,-1
21984,20,46,1
21985,563,128016,-1
21986,20,38,1
21987,563,1612,1
21988,20,122,-1
21989,1106,126986,-1
21990,20,36744,1
21991,563,226271,-1
21992,20,154,1
21993,563,704,1
21994,20,419,-1
21995,563,379755,-1
21996,1440,91,-1
21997,1276,13,-1
21998,20,202,1
21999,457,127532,-1
22000,563,4094,1
22001,20,197,-1
22002,563,441841,-1
22003,1077,4577,1
22004,20,419,-1
22005,1440,557952,-1
22006,1440,448,-1
22007,1440,36,-1
22008,317,17,-1
22009,1440,13,-1
22010,1276,14,-1
22011,20,149,1
22012,1358,22633,-1
22013,20,39638,1
22014,1440,65670,-1
22015,20,52,1
22016,1440,25,-1
22017,20,10,1
22018,1440,16,-1
22019,20,8,1
22020,242,14,-1
22021,20,6,1
22022,1358,646,-1
22023,20,12,1
22024,1440,64906,-1
22025,20,41,1
22026,1276,42,-1
22027,20,9,1
22028,1358,16,-1
22029,20,8,1
22030,1440,63364,-1
22031,20,46,1
22032,1440,46,-1
22033,20,12,1
22034,1440,24,-1
22035,20,10,1
22036,1112,17,-1
22037,20,11,1
22038,827,20,-1
22039,20,9,1
22040,563,495,1
22041,20,193,-1
22042,1480,14965044,1
22043,131,135,1
22044,20,136,-1
22045,563,387707,-1
22046,20,52,1
22047,563,10904007,1
22048,20,513,-1
22049,1077,916451,1
22050,20,174,-1
22051,563,283818,-1
22052,20,56,1
22053,1480,7889482,1
22054,131,340,1
22055,20,288,-1
22056,563,427134,-1
22057,20,148,1
22058,1480,17633419,1
22059,131,126,1
22060,20,133,-1
22061,563,847213,-1
22062,563,2388,1
22063,20,230,-1
22064,1077,128375,-1
22065,20,60925,1
22066,563,337558,-1
22067,20,68,1
22068,1077,980,1
22069,20,193,-1
22070,1440,766980,-1
22071,481,92,-1
22072,20,211,1
22073,1358,620,-1
22074,1358,627,-1
22075,20,51,1
22076,1440,970,-1
22077,1276,57,-1
22078,20,20,1
22079,1440,844,-1
22080,1276,138,-1
22081,20,26,1
22082,1480,58226,1
22083,131,97,1
22084,20,76,-1
22085,1077,2503,1
22086,20,64,-1
22087,1077,13528,1
22088,20,130,-1
22089,1440,50093,-1
22090,289,44,-1
22091,20,118,1
22092,1077,3077,1
22093,20,185,-1
22094,1358,62942,-1
22095,1480,31766,1
22096,131,111,1
22097,20,120,-1
22098,1077,79,1
22099,20,119,-1
22100,1440,13794,-1
22101,1276,65,-1
22102,20,152,1
22103,1440,88,-1
22104,1276,14,-1
22105,20,113,1
22106,1440,488,-1
22107,1276,15,-1
22108,20,14,1
22109,563,262,1
22110,20,247,-1
22111,1440,14396,-1
22112,1440,54,-1
22113,20,23,1
22114,411,17,-1
22115,1077,3013,1
22116,20,85,-1
22117,1358,27629,-1
22118,1077,1901,1
22119,20,126,-1
22120,1358,81420,-1
22121,563,363,1
22122,20,138,-1
22123,544,18303,-1
22124,20,39759,1
22125,1106,89451,-1
22126,20,351,1
22127,563,1703,1
22128,20,136,-1
22129,563,113087,-1
22130,20,101,1
22131,1440,46988,-1
22132,1276,112,-1
22133,20,275,1
22134,563,3893,1
22135,20,234,-1
22136,59,5813,-1
22137,1358,14101,-1
22138,20,852,1
22139,563,3969,1
22140,20,138,-1
22141,563,497,1
22142,20,92,-1
22143,563,378,1
22144,20,76,-1
22145,563,170,1
22146,20,56,-1
22147,563,236,1
22148,20,135,-1
22149,563,103,1
22150,20,84,-1
22151,1358,31205,-1
22152,20,37646,1
22153,573,39172,-1
22154,20,272,1
22155,563,128132,-1
22156,20,163,1
22157,563,166175,-1
22158,20,37724,1
22159,1358,22823,-1
22160,563,909,1
22161,20,285,-1
22162,563,62,1
22163,20,198,-1
22164,1358,78749,-1
22165,1077,343,1
22166,20,122,-1
22167,563,16,1
22168,20,77,-1
22169,59,25963,-1
22170,563,288,1
22171,20,125,-1
22172,1106,128704,-1
22173,563,327,1
22174,20,132,-1
22175,563,18,1
22176,20,57,-1
22177,563,218291,-1
22178,563,267,1
22179,20,74,-1
22180,1358,83827,-1
22181,563,2072,1
22182,20,231,-1
22183,311,42724,-1
22184,20,37215,1
22185,1358,56722,-1
22186,20,38,1
22187,1358,1262,-1
22188,20,34,1
22189,1358,30,-1
22190,20,15,1
22191,563,200,1
22192,20,77,-1
22193,1440,726,-1
22194,1276,29,-1
22195,20,10,1
22196,1358,26,-1
22197,1440,6,-1
22198,1276,6,-1
22199,20,33,1
22200,563,1039,1
22201,20,85,-1
22202,1440,21996,-1
22203,1276,46,-1
22204,1358,5,-1
22205,20,109,1
22206,440,11898,-1
22207,20,37624,1
22208,1358,53685,-1
22209,20,56,1
22210,1358,9608,-1
22211,20,41,1
22212,1358,2824,-1
22213,20,18,1
22214,1440,814,-1
22215,20,21,1
22216,1276,25,-1
22217,1358,7,-1
22218,1358,127,-1
22219,20,88,1
22220,563,372,1
22221,20,149,-1
22222,563,568,1
22223,20,77,-1
22224,1358,9976,-1
22225,1358,429,-1
22226,20,62,1
22227,1358,393,-1
22228,1440,11523,-1
22229,1440,44,-1
22230,1440,5,-1
22231,1440,4,-1
22232,355,3,-1
22233,20,97,1
22234,563,634,1
22235,20,119,-1
22236,1440,104195,-1
22237,1276,140,-1
22238,20,383,1
22239,1358,7369,-1
22240,1440,156,-1
22241,20,56,1
22242,1276,70,-1
22243,1358,13755,-1
22244,20,50,1
22245,1358,76,-1
22246,563,555,1
22247,20,140,-1
22248,80,823,-1
22249,563,1269,1
22250,20,267,-1
22251,1106,164676,-1
22252,563,1019,1
22253,20,92,-1
22254,1440,89197,-1
22255,1276,42,-1
22256,20,117,1
22257,1358,13261,-1
22258,1440,233,-1
22259,20,20,1
22260,1276,22,-1
22261,1358,3566,-1
22262,20,15,1
22263,1358,559,-1
22264,594,28290,-1
22265,20,46,1
22266,563,1021,1
22267,20,113,-1
22268,1358,40993,-1
22269,1358,601,-1
22270,20,20,1
22271,1358,5645,-1
22272,1358,1926,-1
22273,20,46,1
22274,563,718,1
22275,20,226,-1
22276,1358,1617,-1
22277,1440,10192,-1
22278,20,108,1
22279,1276,141,-1
22280,1440,19927,-1
22281,20,51,1
22282,1440,66,-1
22283,1440,11,-1
22284,1112,6,-1
22285,1440,7,-1
22286,1276,6,-1
22287,20,119,1
22288,1358,56274,-1
22289,1440,25715,-1
22290,20,97,1
22291,1440,153,-1
22292,1440,31,-1
22293,1112,15,-1
22294,20,273,1
22295,563,3324,1
22296,20,406,-1
22297,1440,3484,-1
22298,1440,38,-1
22299,1194,7,-1
22300,20,106,1
22301,1440,16941,-1
22302,1440,62,-1
22303,20,20,1
22304,1194,43,-1
22305,1440,10,-1
22306,1276,8,-1
22307,20,94,1
22308,563,817,1
22309,20,221,-1
22310,1440,26315,-1
22311,1440,70,-1
22312,1194,9,-1
22313,1440,6,-1
22314,1440,6,-1
22315,1440,7,-1
22316,1112,7,-1
22317,20,124,1
22318,563,1981,1
22319,20,144,-1
22320,1440,21457,-1
22321,1276,68,-1
22322,1358,9,-1
22323,20,170,1
22324,1440,62326,-1
22325,1440,183,-1
22326,20,58,1
22327,1194,132,-1
22328,1440,39,-1
22329,1440,25,-1
22330,1440,21,-1
22331,1440,15,-1
22332,1030,15,-1
22333,20,36,1
22334,20,1070,1
22335,563,4703,1
22336,20,195,-1
22337,1440,36072,-1
22338,968,45,-1
22339,20,92,1
22340,563,908,1
22341,20,102,-1
22342,1106,129786,-1
22343,563,1234,1
22344,20,298,-1
22345,1358,106353,-1
22346,563,1055,1
22347,20,116,-1
22348,854,19129,-1
22349,563,2163,1
22350,20,210,-1
22351,1358,69938,-1
22352,1440,251,-1
22353,20,24,1
22354,1276,73,-1
22355,1440,21533,-1
22356,20,41,1
22357,1276,56,-1
22358,563,16534,1
22359,20,128,-1
22360,157,18412,-1
22361,1358,16277,-1
22362,20,54,1
22363,282,113086,-1
22364,563,787,1
22365,20,79,-1
22366,1106,128319,-1
22367,563,2017,1
22368,20,283,-1
22369,1106,162723,-1
22370,563,2069,1
22371,20,271,-1
22372,1358,117789,-1
22373,1358,101,-1
22374,20,271,1
22375,1358,5,-1
22376,1440,627,-1
22377,1440,36,-1
22378,20,85,1
22379,1194,16,-1
22380,1440,15,-1
22381,20,96,1
22382,1276,165,-1
22383,563,1610,1
22384,1440,99,-1
22385,1440,9,-1
22386,1440,5,-1
22387,1112,5,-1
22388,20,30,1
22389,20,13,-1
22390,563,199,1
22391,20,80,-1
22392,563,376,1
22393,20,129,-1
22394,1358,17307,-1
22395,392,26424,-1
22396,20,35,1
22397,1440,92928,-1
22398,1276,119,-1
22399,20,276,1
22400,1358,19313,-1
22401,563,1569,1
22402,20,155,-1
22403,748,14221,-1
22404,563,936,1
22405,20,113,-1
22406,1358,97311,-1
22407,1358,380,-1
22408,20,37,1
22409,1358,110,-1
22410,1358,3324,-1
22411,20,39,1
22412,1358,18476,-1
22413,1358,79,-1
22414,20,114,1
22415,962,6793,-1
22416,563,1676,1
22417,20,92,-1
22418,1106,126783,-1
22419,563,2135,1
22420,20,188,-1
22421,1440,44734,-1
22422,1276,160,-1
22423,20,339,1
22424,563,2619,1
22425,20,151,-1
22426,1058,78804,-1
22427,563,890,1
22428,20,127,-1
22429,563,234805,-1
22430,1358,283,-1
22431,563,19,1
22432,20,147,-1
22433,1358,742,-1
22434,20,20,1
22435,1440,186,-1
22436,1276,14,-1
22437,20,79,1
22438,1440,21976,-1
22439,1276,48,-1
22440,20,10,1
22441,1358,36,-1
22442,563,19335,1
22443,20,102,-1
22444,1440,85194,-1
22445,1276,60,-1
22446,20,134,1
22447,517,133,-1
22448,563,4596,1
22449,20,382,-1
22450,1440,127566,-1
22451,1440,137,-1
22452,1194,20,-1
22453,20,335,1
22454,1440,285,-1
22455,1276,35,-1
22456,20,148,1
22457,1358,7456,-1
22458,1440,110,-1
22459,20,41,1
22460,1276,102,-1
22461,563,1652,1
22462,20,330,-1
22463,1440,11130,-1
22464,1276,46,-1
22465,20,10,1
22466,207,15256,-1
22467,563,785,1
22468,20,135,-1
22469,1358,86831,-1
22470,563,3376,1
22471,20,344,-1
22472,1440,18764,-1
22473,1276,111,-1
22474,20,4382,1
22475,563,2209,1
22476,20,262,-1
22477,1291,10681,-1
22478,563,869,1
22479,20,334,-1
22480,1440,41714,-1
22481,1276,99,-1
22482,20,232,1
22483,1358,25908,-1
22484,20,39720,1
22485,205,20848,-1
22486,20,286,1
22487,1440,10236,-1
22488,1276,56,-1
22489,20,138,1
22490,1358,109413,-1
22491,20,2463,1
22492,234,8175,-1
22493,20,317,1
22494,1358,118956,-1
22495,20,6050,1
22496,282,2956,-1
22497,20,108,1
22498,1106,129903,-1
22499,20,217,1
22500,1106,128166,-1
22501,563,1335,1
22502,20,200,-1
22503,1480,89,1
22504,645,302,1
22505,20,47,-1
22506,1480,638,1
22507,131,86,1
22508,20,88,-1
22509,1077,122827,1
22510,20,390,-1
22511,1480,51240,1
22512,131,113,1
22513,20,172,-1
22514,1077,54369,1
22515,20,169,-1
22516,1077,883,1
22517,20,186,-1
22518,563,1050,1
22519,20,131,-1
22520,563,198156,-1
22521,1358,111,-1
22522,20,319,1
22523,1358,5811,-1
22524,1077,1416,1
22525,20,128,-1
22526,1358,20579,-1
22527,563,1007,1
22528,20,84,-1
22529,1358,39100,-1
22530,1077,961,1
22531,20,100,-1
22532,1077,49197,1
22533,20,154,-1
22534,554,9460,-1
22535,1077,1456,1
22536,20,115,-1
22537,563,46,1
22538,20,77,-1
22539,1440,53537,-1
22540,1276,69,-1
22541,20,132,1
22542,1077,1552,1
22543,20,99,-1
22544,563,61,1
22545,20,259,-1
22546,1029,73847,-1
22547,563,536,1
22548,20,86,-1
22549,563,256,1
22550,20,168,-1
22551,563,580,1
22552,20,112,-1
22553,563,11,1
22554,20,66,-1
22555,1440,39800,-1
22556,1440,42,-1
22557,1194,5,-1
22558,20,82,1
22559,1358,13528,-1
22560,1440,6065,-1
22561,20,17,1
22562,1440,34,-1
22563,1194,7,-1
22564,20,64,1
22565,563,1404,1
22566,20,170,-1
22567,563,91,1
22568,20,168,-1
22569,1440,28724,-1
22570,1276,47,-1
22571,20,104,1
22572,61,37360,-1
22573,563,308,1
22574,20,136,-1
22575,1077,975,1
22576,20,402,-1
22577,1358,73241,-1
22578,1358,1133,-1
22579,20,19,1
22580,563,860,1
22581,20,128,-1
22582,563,147,1
22583,20,94,-1
22584,544,51537,-1
22585,1077,1871,1
22586,20,212,-1
22587,1358,6772,-1
22588,1358,27647,-1
22589,20,77,1
22590,1358,108,-1
22591,1077,15337,1
22592,20,401,-1
22593,1358,4723,-1
22594,563,3458,1
22595,20,156,-1
22596,563,92,1
22597,20,115,-1
22598,1358,2496,-1
22599,1077,1412,1
22600,20,154,-1
22601,1358,16109,-1
22602,563,131,1
22603,20,236,-1
22604,1440,51307,-1
22605,1440,82,-1
22606,1440,14,-1
22607,37,11,-1
22608,1358,10,-1
22609,20,122,1
22610,563,918,1
22611,20,197,-1
22612,563,5914,1
22613,20,365,-1
22614,1480,1045,1
22615,131,217,1
22616,20,143,-1
22617,563,777,1
22618,20,297,-1
22619,563,776,1
22620,20,81,-1
22621,563,310,1
22622,20,93,-1
22623,563,226,1
22624,20,90,-1
22625,1440,9124,-1
22626,1440,46,-1
22627,1194,5,-1
22628,1358,3,-1
22629,20,90,1
22630,1440,25381,-1
22631,1440,114,-1
22632,20,30,1
22633,1194,71,-1
22634,1440,14518,-1
22635,20,70,1
22636,1276,100,-1
22637,20,36365,1
22638,1358,6643,-1
22639,563,546,1
22640,20,267,-1
22641,563,38,1
22642,20,303,-1
22643,563,20,1
22644,20,156,-1
22645,1440,23206,-1
22646,630,91,-1
22647,20,219,1
22648,1106,128334,-1
22649,1358,68,-1
22650,20,19,1
22651,1440,349,-1
22652,1276,22,-1
22653,20,120,1
22654,563,370,1
22655,1440,202,-1
22656,1440,55,-1
22657,20,13,1
22658,1194,34,-1
22659,20,12,-1
22660,563,355,1
22661,1358,133,-1
22662,1358,8,-1
22663,20,12,1
22664,20,83,-1
22665,1358,242,-1
22666,1358,228,-1
22667,20,576,1
22668,563,240,1
22669,20,167,-1
22670,1293,126091,-1
22671,1358,17436,-1
22672,20,57,1
22673,1077,21548,1
22674,20,375,-1
22675,1358,16520,-1
22676,1440,443,-1
22677,1440,30,-1
22678,1194,12,-1
22679,1440,10,-1
22680,1276,10,-1
22681,20,35,1
22682,1440,360,-1
22683,1276,18,-1
22684,20,74,1
22685,1358,151,-1
22686,1480,2627,1
22687,131,163,1
22688,20,238,-1
22689,1440,10533,-1
22690,1276,38,-1
22691,20,86,1
22692,1077,6742,1
22693,20,163,-1
22694,1440,380,-1
22695,1440,32,-1
22696,1194,40,-1
22697,20,50,1
22698,1077,19361,1
22699,20,200,-1
22700,1077,13165,1
22701,20,195,-1
22702,1077,9358,1
22703,20,173,-1
22704,1440,30328,-1
22705,553,138,-1
22706,20,388,1
22707,563,1115,1
22708,20,211,-1
22709,563,2476,1
22710,20,270,-1
22711,1077,882,1
22712,20,3962,-1
22713,1358,51680,-1
22714,1077,356,1
22715,20,131,-1
22716,1358,47984,-1
22717,1077,1752,1
22718,20,287,-1
22719,1077,150,1
22720,20,256,-1
22721,1358,684,-1
22722,1480,1658,1
22723,1480,190,1
22724,213,247,1
22725,20,160,-1
22726,20,59,-1
22727,835,13266,-1
22728,1077,346,1
22729,20,180,-1
22730,1358,104367,-1
22731,1480,12536,1
22732,131,123,1
22733,20,118,-1
22734,311,11224,-1
22735,20,38084,1
22736,1077,20699,1
22737,20,214,-1
22738,1358,22616,-1
22739,1440,303,-1
22740,1276,8,-1
22741,20,57,1
22742,563,154,1
22743,20,82,-1
22744,1358,31631,-1
22745,1440,123,-1
22746,20,17,1
22747,1276,36,-1
22748,1358,9,-1
22749,20,84,1
22750,1440,35089,-1
22751,1276,83,-1
22752,20,23,1
22753,1480,2760,1
22754,645,200,1
22755,20,172,-1
22756,1358,14945,-1
22757,294,4495,-1
22758,20,35,1
22759,1358,41332,-1
22760,563,1007,1
22761,20,795,-1
22762,796,88365,-1
22763,563,2399,1
22764,20,300,-1
22765,1077,1545,1
22766,20,226,-1
22767,1358,21481,-1
22768,1358,11668,-1
22769,20,43,1
22770,1440,7230,-1
22771,1276,56,-1
22772,20,124,1
22773,1440,4667,-1
22774,1440,55,-1
22775,20,15,1
22776,1194,16,-1
22777,1440,7076,-1
22778,20,49,1
22779,1440,96,-1
22780,1194,25,-1
22781,20,167,1
22782,563,921,1
22783,20,506,-1
22784,1440,1294,-1
22785,1440,71,-1
22786,20,29,1
22787,1194,73,-1
22788,1077,5903,1
22789,20,229,-1
22790,1440,31328,-1
22791,1276,49,-1
22792,1440,8,-1
22793,1440,5,-1
22794,1440,5,-1
22795,1440,5,-1
22796,1030,7,-1
22797,1358,5,-1
22798,20,73,1
22799,1358,52693,-1
22800,1358,40,-1
22801,20,21,1
22802,563,331,1
22803,20,137,-1
22804,1440,26367,-1
22805,1440,45,-1
22806,1194,5,-1
22807,1440,4,-1
22808,1276,4,-1
22809,20,87,1
22810,1077,1291,1
22811,20,133,-1
22812,1440,6088,-1
22813,1276,50,-1
22814,1440,15,-1
22815,1440,5,-1
22816,1440,5,-1
22817,1440,5,-1
22818,1030,4,-1
22819,20,68,1
22820,1440,41700,-1
22821,1276,72,-1
22822,20,25,1
22823,1440,69,-1
22824,1440,16,-1
22825,1440,9,-1
22826,1112,10,-1
22827,20,92,1
22828,563,3000,1
22829,20,602,-1
22830,563,51,1
22831,20,414,-1
22832,1440,7572,-1
22833,1276,51,-1
22834,1440,5,-1
22835,1440,4,-1
22836,1194,5,-1
22837,20,92,1
22838,1440,61733,-1
22839,1440,57,-1
22840,20,15,1
22841,1440,36,-1
22842,1112,9,-1
22843,20,59,1
22844,1440,26297,-1
22845,1440,56,-1
22846,20,15,1
22847,1440,61,-1
22848,1112,10,-1
22849,1440,6,-1
22850,1010,5,-1
22851,20,53,1
22852,563,2706,1
22853,20,151,-1
22854,563,7306,1
22855,20,161,-1
22856,563,1744,1
22857,20,133,-1
22858,1077,1590,1
22859,20,103,-1
22860,1077,603,1
22861,20,180,-1
22862,1077,3798,1
22863,20,185,-1
22864,1358,24278,-1
22865,1358,35777,-1
22866,20,82,1
22867,1358,4947,-1
22868,1358,430,-1
22869,20,362,1
22870,1077,9310,1
22871,20,160,-1
22872,1077,351,1
22873,20,92,-1
22874,1358,4484,-1
22875,1077,5620,1
22876,20,109,-1
22877,1330,24262,-1
22878,1077,8013,1
22879,20,122,-1
22880,1358,37354,-1
22881,563,1465,1
22882,20,132,-1
22883,563,28,1
22884,20,63,-1
22885,1358,58012,-1
22886,1440,2334,-1
22887,1440,21,-1
22888,1194,15,-1
22889,20,58,1
22890,1440,531,-1
22891,1276,22,-1
22892,20,9,1
22893,1358,205,-1
22894,563,3110,1
22895,20,136,-1
22896,400,21777,-1
22897,1358,487,-1
22898,20,16,1
22899,1077,27951,1
22900,20,112,-1
22901,1480,6943,1
22902,645,91,1
22903,20,79,-1
22904,1358,70203,-1
22905,1077,925,1
22906,20,113,-1
22907,30,23679,-1
22908,563,13043,1
22909,20,183,-1
22910,1358,39008,-1
22911,20,37565,1
22912,1358,37545,-1
22913,563,449,1
22914,20,138,-1
22915,602,869,-1
22916,1077,1568,1
22917,20,170,-1
22918,1358,34062,-1
22919,1358,136,-1
22920,1358,22,-1
22921,1440,15,-1
22922,1440,20,-1
22923,1194,15,-1
22924,20,293,1
22925,1077,5151,1
22926,20,471,-1
22927,1440,5667,-1
22928,1276,41,-1
22929,20,106,1
22930,1480,4760,1
22931,131,30,1
22932,20,116,-1
22933,1341,76451,-1
22934,563,370,1
22935,20,152,-1
22936,1480,3560,1
22937,131,80,1
22938,20,197,-1
22939,1440,16544,-1
22940,1276,47,-1
22941,20,117,1
22942,1358,22820,-1
22943,20,39952,1
22944,1358,32043,-1
22945,496,12654,-1
22946,20,41,1
22947,1358,59228,-1
22948,1077,422,1
22949,20,94,-1
22950,1358,19884,-1
22951,20,39080,1
22952,1358,8409,-1
22953,1358,46,-1
22954,20,108,1
22955,1358,565,-1
22956,302,324,-1
22957,20,20,1
22958,1077,124,1
22959,20,282,-1
22960,1358,452,-1
22961,1358,82,-1
22962,20,215,1
22963,1440,908,-1
22964,1276,74,-1
22965,20,26,1
22966,1358,202,-1
22967,1358,2340,-1
22968,20,25,1
22969,1358,51,-1
22970,1440,10,-1
22971,1276,5,-1
22972,20,69,1
22973,1440,1635,-1
22974,1440,34,-1
22975,20,10,1
22976,1194,38,-1
22977,1358,1247,-1
22978,20,21,1
22979,1440,636,-1
22980,1276,18,-1
22981,20,174,1
22982,1440,10159,-1
22983,1440,44,-1
22984,20,12,1
22985,1440,35,-1
22986,1440,10,-1
22987,1030,5,-1
22988,20,36,1
22989,563,804,1
22990,20,499,-1
22991,1440,20586,-1
22992,1276,36,-1
22993,20,11,1
22994,1440,15,-1
22995,1276,5,-1
22996,20,80,1
22997,1358,50312,-1
22998,1358,72,-1
22999,20,23,1
23000,1440,42398,-1
23001,1276,61,-1
23002,20,16,1
23003,1440,49,-1
23004,1440,10,-1
23005,1440,6,-1
23006,1440,5,-1
23007,1440,7,-1
23008,1440,5,-1
23009,1440,5,-1
23010,784,5,-1
23011,1358,5,-1
23012,20,25,1
23013,1440,622,-1
23014,1276,15,-1
23015,20,10,1
23016,563,55,1
23017,20,128,-1
23018,1440,8048,-1
23019,1440,75,-1
23020,20,20,1
23021,1440,64,-1
23022,1112,14,-1
23023,1440,7,-1
23024,1440,8,-1
23025,1194,7,-1
23026,20,65,1
23027,1440,331,-1
23028,1276,16,-1
23029,1358,7,-1
23030,20,139,1
23031,1077,3177,1
23032,20,217,-1
23033,1440,15727,-1
23034,1276,45,-1
23035,1440,5,-1
23036,1276,3,-1
23037,20,86,1
23038,1440,41,-1
23039,1276,8,-1
23040,20,97,1
23041,1440,35161,-1
23042,1440,58,-1
23043,20,18,1
23044,1440,20,-1
23045,1112,8,-1
23046,1358,7,-1
23047,20,164,1
23048,1440,47366,-1
23049,1440,43,-1
23050,20,20,1
23051,1194,15,-1
23052,563,304,1
23053,20,112,-1
23054,1440,18699,-1
23055,1440,44,-1
23056,1194,5,-1
23057,1440,3,-1
23058,1440,5,-1
23059,1440,3,-1
23060,1440,4,-1
23061,1030,4,-1
23062,1440,2,-1
23063,1276,4,-1
23064,20,74,1
23065,1440,697,-1
23066,1276,14,-1
23067,20,7,1
23068,1440,21,-1
23069,1276,7,-1
23070,563,125,1
23071,20,74,-1
23072,563,51,1
23073,20,106,-1
23074,1440,10198,-1
23075,1276,56,-1
23076,20,11,1
23077,1440,39,-1
23078,1440,6,-1
23079,1440,5,-1
23080,1112,5,-1
23081,1440,14,-1
23082,1440,5,-1
23083,1440,5,-1
23084,1112,5,-1
23085,1440,4,-1
23086,1276,5,-1
23087,20,14,1
23088,563,1778,1
23089,20,121,-1
23090,1440,30104,-1
23091,1440,53,-1
23092,1440,15,-1
23093,1112,3,-1
23094,1440,4,-1
23095,1440,4,-1
23096,1440,3,-1
23097,1112,3,-1
23098,20,92,1
23099,1480,14425,1
23100,131,102,1
23101,20,105,-1
23102,1077,1330,1
23103,20,112,-1
23104,1440,16472,-1
23105,1440,41,-1
23106,1194,14,-1
23107,1440,4,-1
23108,1276,4,-1
23109,20,96,1
23110,1440,34243,-1
23111,1440,51,-1
23112,20,20,1
23113,1194,25,-1
23114,1440,8,-1
23115,1276,3,-1
23116,20,54,1
23117,563,751,1
23118,20,222,-1
23119,1077,96,1
23120,20,102,-1
23121,1440,16496,-1
23122,1440,47,-1
23123,1440,5,-1
23124,1112,3,-1
23125,20,81,1
23126,563,500,1
23127,20,96,-1
23128,1440,6046,-1
23129,1440,21,-1
23130,1194,5,-1
23131,1440,3,-1
23132,1276,3,-1
23133,1358,4,-1
23134,1440,39,-1
23135,20,10,1
23136,1440,66,-1
23137,1194,5,-1
23138,1440,4,-1
23139,1276,3,-1
23140,20,130,1
23141,1358,460,-1
23142,1077,3367,1
23143,20,86,-1
23144,1440,32505,-1
23145,1440,51,-1
23146,1194,7,-1
23147,1440,5,-1
23148,1440,5,-1
23149,1194,5,-1
23150,1440,4,-1
23151,1276,3,-1
23152,1440,61,-1
23153,1276,9,-1
23154,20,1,1
23155,1440,101,-1
23156,1440,6,-1
23157,1194,4,-1
23158,1358,3,-1
23159,1358,102,-1
23160,1358,41,-1
23161,20,54,1
23162,1440,6,-1
23163,1276,6,-1
23164,20,30,1
23165,1358,41,-1
23166,563,30,1
23167,20,47,-1
23168,1440,14631,-1
23169,1440,46,-1
23170,20,10,1
23171,1440,26,-1
23172,1112,6,-1
23173,20,61,1
23174,563,658,1
23175,20,173,-1
23176,1358,50364,-1
23177,1440,669,-1
23178,20,68,1
23179,1440,168,-1
23180,1194,33,-1
23181,1440,15,-1
23182,1276,15,-1
23183,20,188,1
23184,563,1783,1
23185,20,247,-1
23186,1440,14760,-1
23187,1440,47,-1
23188,20,10,1
23189,1194,32,-1
23190,1440,6,-1
23191,1276,5,-1
23192,1440,4,-1
23193,1276,4,-1
23194,20,42,1
23195,563,589,1
23196,20,210,-1
23197,1440,7012,-1
23198,1440,44,-1
23199,20,11,1
23200,1440,26,-1
23201,1440,7,-1
23202,1030,3,-1
23203,1440,4,-1
23204,1276,3,-1
23205,20,41,1
23206,563,1566,1
23207,20,94,-1
23208,1440,4838,-1
23209,1276,36,-1
23210,20,79,1
23211,1440,610,-1
23212,1276,19,-1
23213,20,6,1
23214,1440,20,-1
23215,1276,5,-1
23216,1440,5,-1
23217,1276,4,-1
23218,1440,4,-1
23219,1440,3,-1
23220,1194,5,-1
23221,20,14,1
23222,563,771,1
23223,20,141,-1
23224,1440,28632,-1
23225,1276,55,-1
23226,1440,5,-1
23227,1440,5,-1
23228,1440,3,-1
23229,1440,4,-1
23230,1440,4,-1
23231,1440,5,-1
23232,1440,3,-1
23233,784,5,-1
23234,1358,4,-1
23235,20,82,1
23236,1440,247,-1
23237,1440,11,-1
23238,1440,5,-1
23239,1440,3,-1
23240,1440,4,-1
23241,1440,4,-1
23242,1440,4,-1
23243,1440,3,-1
23244,1440,4,-1
23245,1440,4,-1
23246,538,4,-1
23247,20,6,1
23248,563,1066,1
23249,20,166,-1
23250,1077,496,1
23251,20,206,-1
23252,563,379,1
23253,20,152,-1
23254,1480,45763,1
23255,131,117,1
23256,20,643,-1
23257,563,139,1
23258,20,133,-1
23259,1440,12933,-1
23260,1276,50,-1
23261,20,110,1
23262,1440,202,-1
23263,1440,25,-1
23264,1194,5,-1
23265,20,66,1
23266,1077,1179,1
23267,20,127,-1
23268,1358,2237,-1
23269,1358,28,-1
23270,1358,5,-1
23271,20,78,1
23272,1440,16857,-1
23273,1276,47,-1
23274,20,109,1
23275,1440,338,-1
23276,1276,26,-1
23277,20,70,1
23278,1440,7293,-1
23279,1440,25,-1
23280,20,9,1
23281,1440,14,-1
23282,1112,5,-1
23283,1440,5,-1
23284,1440,3,-1
23285,1440,4,-1
23286,1440,5,-1
23287,1440,4,-1
23288,1440,4,-1
23289,866,5,-1
23290,1440,4,-1
23291,1440,3,-1
23292,1194,4,-1
23293,20,15,1
23294,563,586,1
23295,20,107,-1
23296,1440,5395,-1
23297,1276,25,-1
23298,20,9,1
23299,1440,22,-1
23300,1440,6,-1
23301,1194,3,-1
23302,20,30,1
23303,563,272,1
23304,20,215,-1
23305,1440,9093,-1
23306,1440,108,-1
23307,20,38,1
23308,1440,113,-1
23309,1440,25,-1
23310,1440,15,-1
23311,1440,6,-1
23312,866,30,-1
23313,1440,25,-1
23314,1276,15,-1
23315,1440,16,-1
23316,1276,15,-1
23317,20,100,1
23318,563,1981,1
23319,20,99,-1
23320,1077,633,1
23321,20,118,-1
23322,1077,12784,1
23323,20,111,-1
23324,1440,5159,-1
23325,1276,43,-1
23326,20,102,1
23327,1440,190,-1
23328,1440,10,-1
23329,1194,3,-1
23330,1440,4,-1
23331,1440,3,-1
23332,1194,4,-1
23333,1440,82,-1
23334,1440,5,-1
23335,1440,3,-1
23336,1112,3,-1
23337,1358,4,-1
23338,1358,43,-1
23339,20,18,1
23340,1077,1050,1
23341,20,101,-1
23342,1480,458,1
23343,645,47,1
23344,20,128,-1
23345,563,159,1
23346,20,109,-1
23347,563,486,1
23348,20,126,-1
23349,1358,23350,-1
23350,1440,46,-1
23351,1276,5,-1
23352,1440,4,-1
23353,1440,3,-1
23354,1440,3,-1
23355,1440,4,-1
23356,1030,3,-1
23357,1440,4,-1
23358,1276,4,-1
23359,20,71,1
23360,1440,45034,-1
23361,1440,46,-1
23362,20,12,1
23363,1440,12,-1
23364,1112,5,-1
23365,1440,4,-1
23366,1276,3,-1
23367,20,79,1
23368,1440,65,-1
23369,1276,7,-1
23370,20,173,1
23371,563,211,1
23372,20,129,-1
23373,1440,18940,-1
23374,1440,51,-1
23375,20,11,1
23376,1440,27,-1
23377,1440,6,-1
23378,1440,5,-1
23379,948,5,-1
23380,1440,4,-1
23381,1276,5,-1
23382,1440,5,-1
23383,1276,5,-1
23384,1358,4,-1
23385,20,13,1
23386,20,296,1
23387,563,1924,1
23388,20,108,-1
23389,1440,3859,-1
23390,1276,65,-1
23391,1440,5,-1
23392,1440,10,-1
23393,1194,2,-1
23394,1440,14,-1
23395,1276,3,-1
23396,1358,2,-1
23397,1440,4,-1
23398,1276,4,-1
23399,20,40,1
23400,1358,324,-1
23401,563,927,1
23402,20,83,-1
23403,1077,1116,1
23404,20,142,-1
23405,1358,134172,-1
23406,1440,1686,-1
23407,20,21,1
23408,1440,59,-1
23409,1440,8,-1
23410,1440,6,-1
23411,1440,5,-1
23412,1440,5,-1
23413,1440,5,-1
23414,1440,5,-1
23415,1440,5,-1
23416,1440,5,-1
23417,1440,5,-1
23418,1440,5,-1
23419,1440,5,-1
23420,20,4,1
23421,1440,2,-1
23422,1440,5,-1
23423,1440,4,-1
23424,1440,24,-1
23425,1440,6,-1
23426,1440,4,-1
23427,1440,5,-1
23428,1440,4,-1
23429,1440,5,-1
23430,1440,5,-1
23431,1440,5,-1
23432,1440,5,-1
23433,1440,5,-1
23434,1440,5,-1
23435,1440,5,-1
23436,1440,3,-1
23437,20,698,1
23438,563,951,1
23439,20,82,-1
23440,563,1282,1
23441,20,84,-1
23442,563,445,1
23443,20,103,-1
23444,563,320,1
23445,20,127,-1
23446,563,852,1
23447,20,118,-1
23448,563,1117,1
23449,20,88,-1
23450,1077,1458,1
23451,20,87,-1
23452,1077,315,1
23453,20,95,-1
23454,563,376,1
23455,20,120,-1
23456,563,1263,1
23457,20,134,-1
23458,1440,110157,-1
23459,1440,48,-1
23460,20,14,1
23461,1440,25,-1
23462,1440,9,-1
23463,1440,5,-1
23464,1440,5,-1
23465,1440,5,-1
23466,1440,4,-1
23467,1440,5,-1
23468,1440,4,-1
23469,1440,5,-1
23470,1440,5,-1
23471,1440,3,-1
23472,1440,5,-1
23473,20,1,1
23474,1440,2,-1
23475,1440,4,-1
23476,1440,22,-1
23477,1440,5,-1
23478,1440,5,-1
23479,1440,5,-1
23480,1440,4,-1
23481,1440,5,-1
23482,1440,5,-1
23483,1440,5,-1
23484,1440,5,-1
23485,1440,5,-1
23486,1440,5,-1
23487,1440,5,-1
23488,1440,4,-1
23489,20,221,1
23490,1440,82,-1
23491,180,10,-1
23492,20,8,1
23493,1077,1768,1
23494,20,97,-1
23495,563,340,1
23496,20,105,-1
23497,563,669,1
23498,20,96,-1
23499,563,1291,1
23500,20,65,-1
23501,486,2511,-1
23502,1358,9104,-1
23503,20,16,1
23504,1077,771,1
23505,20,224,-1
23506,1358,44234,-1
23507,1077,791,1
23508,20,139,-1
23509,1480,10365,1
23510,131,111,1
23511,20,112,-1
23512,1077,1557,1
23513,20,149,-1
23514,563,211,1
23515,20,66,-1
23516,1077,5158,1
23517,20,156,-1
23518,563,35,1
23519,20,72,-1
23520,1440,51683,-1
23521,1276,46,-1
23522,20,91,1
23523,563,389,1
23524,20,79,-1
23525,583,12030,-1
23526,1077,528,1
23527,20,160,-1
23528,1358,11312,-1
23529,1358,1051,-1
23530,20,70,1
23531,1440,35205,-1
23532,1276,41,-1
23533,20,113,1
23534,1077,7655,1
23535,20,170,-1
23536,563,11809,1
23537,20,148,-1
23538,1077,18435,1
23539,20,145,-1
23540,1440,29143,-1
23541,1440,46,-1
23542,1194,6,-1
23543,20,82,1
23544,563,306,1
23545,20,99,-1
23546,1440,17958,-1
23547,1276,44,-1
23548,20,84,1
23549,563,286,1
23550,20,100,-1
23551,1440,11007,-1
23552,1440,42,-1
23553,1194,15,-1
23554,20,82,1
23555,1440,31424,-1
23556,1440,113,-1
23557,1194,19,-1
23558,20,207,1
23559,1440,66926,-1
23560,1276,136,-1
23561,20,46,1
23562,1440,110,-1
23563,1276,34,-1
23564,20,879,1
23565,1440,26902,-1
23566,1276,76,-1
23567,20,20,1
23568,1358,46,-1
23569,1440,11996,-1
23570,20,87,1
23571,1276,134,-1
23572,1440,25,-1
23573,1276,14,-1
23574,20,235,1
23575,563,4992,1
23576,20,94,-1
23577,1440,82390,-1
23578,1276,50,-1
23579,1358,5,-1
23580,1358,5,-1
23581,20,103,1
23582,1358,303,-1
23583,1440,520,-1
23584,20,19,1
23585,1276,75,-1
23586,1358,27,-1
23587,1440,15,-1
23588,1276,15,-1
23589,20,106,1
23590,1358,32086,-1
23591,1440,92,-1
23592,20,29,1
23593,1276,70,-1
23594,1077,2275,1
23595,20,241,-1
23596,563,257,1
23597,20,237,-1
23598,1440,3931,-1
23599,1440,77,-1
23600,1440,10,-1
23601,1440,8,-1
23602,1030,7,-1
23603,1440,8,-1
23604,1276,10,-1
23605,20,142,1
23606,563,1559,1
23607,20,249,-1
23608,1077,146,1
23609,20,209,-1
23610,563,897,1
23611,20,384,-1
23612,563,622,1
23613,20,425,-1
23614,563,24,1
23615,20,209,-1
23616,1440,83815,-1
23617,1440,97,-1
23618,1194,13,-1
23619,1358,10,-1
23620,1440,10,-1
23621,1440,10,-1
23622,1440,10,-1
23623,1112,10,-1
23624,20,233,1
23625,1440,201,-1
23626,1440,24,-1
23627,1194,11,-1
23628,1358,10,-1
23629,1440,10,-1
23630,1276,9,-1
23631,20,566,1
23632,563,2529,1
23633,20,477,-1
23634,1440,27755,-1
23635,1276,66,-1
23636,20,19,1
23637,1440,25,-1
23638,1440,10,-1
23639,1194,7,-1
23640,20,122,1
23641,563,679,1
23642,20,190,-1
23643,1077,1682,1
23644,20,200,-1
23645,1440,93436,-1
23646,1440,74,-1
23647,1194,10,-1
23648,1440,8,-1
23649,1440,9,-1
23650,1194,6,-1
23651,1440,9,-1
23652,1276,7,-1
23653,20,128,1
23654,1440,483,-1
23655,1276,24,-1
23656,1440,56,-1
23657,1440,7,-1
23658,20,3,1
23659,1440,5,-1
23660,1440,8,-1
23661,1440,7,-1
23662,1440,8,-1
23663,866,6,-1
23664,1440,6,-1
23665,1440,8,-1
23666,20,77,1
23667,1194,81,-1
23668,1077,126,1
23669,20,90,-1
23670,1440,453,-1
23671,1440,16,-1
23672,1194,8,-1
23673,1358,7,-1
23674,20,61,1
23675,1077,696,1
23676,20,216,-1
23677,563,434,1
23678,20,185,-1
23679,1077,390,1
23680,20,208,-1
23681,563,347,1
23682,20,208,-1
23683,1077,431,1
23684,20,321,-1
23685,563,290,1
23686,20,247,-1
23687,563,673,1
23688,20,180,-1
23689,563,671,1
23690,20,261,-1
23691,563,874,1
23692,20,399,-1
23693,1440,26705,-1
23694,1276,50,-1
23695,20,11,1
23696,1358,27,-1
23697,1440,7,-1
23698,1276,3,-1
23699,1358,4,-1
23700,1358,4,-1
23701,20,49,1
23702,563,317,1
23703,20,168,-1
23704,563,197,1
23705,20,97,-1
23706,1358,92204,-1
23707,1440,48,-1
23708,20,13,1
23709,1440,30,-1
23710,1440,6,-1
23711,1112,5,-1
23712,1440,4,-1
23713,1276,4,-1
23714,1440,4,-1
23715,1276,3,-1
23716,1440,4,-1
23717,1276,4,-1
23718,20,15,1
23719,1358,302,-1
23720,20,13,1
23721,1440,617,-1
23722,1276,9,-1
23723,20,6,1
23724,1440,33,-1
23725,1440,6,-1
23726,1194,4,-1
23727,1440,4,-1
23728,1276,4,-1
23729,1440,3,-1
23730,1276,4,-1
23731,20,20,1
23732,1440,82,-1
23733,1440,10,-1
23734,1440,6,-1
23735,1112,5,-1
23736,1358,7,-1
23737,20,20,1
23738,563,761,1
23739,20,113,-1
23740,563,587,1
23741,20,179,-1
23742,1077,499,1
23743,20,93,-1
23744,1440,31521,-1
23745,1440,113,-1
23746,1440,14,-1
23747,1112,10,-1
23748,1440,10,-1
23749,1276,10,-1
23750,1358,10,-1
23751,1358,10,-1
23752,1440,10,-1
23753,1276,10,-1
23754,1440,10,-1
23755,1276,12,-1
23756,1358,10,-1
23757,20,104,1
23758,563,2728,1
23759,20,100,-1
23760,1440,90271,-1
23761,1440,63,-1
23762,20,19,1
23763,1194,23,-1
23764,1440,9,-1
23765,1440,7,-1
23766,1440,6,-1
23767,1112,9,-1
23768,1440,5,-1
23769,1440,8,-1
23770,1194,5,-1
23771,1440,5,-1
23772,1276,6,-1
23773,1440,6,-1
23774,1440,5,-1
23775,1194,5,-1
23776,1440,5,-1
23777,1440,6,-1
23778,1440,7,-1
23779,1440,5,-1
23780,1030,5,-1
23781,1358,8,-1
23782,20,0,1
23783,20,400,1
23784,1358,952,-1
23785,1440,25,-1
23786,20,17,1
23787,1440,46,-1
23788,1194,15,-1
23789,1440,9,-1
23790,1276,10,-1
23791,1440,8,-1
23792,1440,8,-1
23793,1194,9,-1
23794,20,559,1
23795,1358,171,-1
23796,1358,13,-1
23797,20,17,1
23798,1358,47,-1
23799,1358,15,-1
23800,563,210,1
23801,20,133,-1
23802,1440,530,-1
23803,1276,17,-1
23804,20,11,1
23805,1440,30,-1
23806,1276,9,-1
23807,1358,5,-1
23808,1440,6,-1
23809,1276,6,-1
23810,1358,5,-1
23811,20,281,1
23812,1077,2252,1
23813,20,154,-1
23814,563,311,1
23815,20,138,-1
23816,563,910,1
23817,20,77,-1
23818,563,192,1
23819,20,178,-1
23820,1440,26724,-1
23821,1276,84,-1
23822,20,203,1
23823,1440,194,-1
23824,1440,20,-1
23825,1194,9,-1
23826,1440,10,-1
23827,1276,9,-1
23828,20,15,1
23829,20,36715,1
23830,1440,55958,-1
23831,1440,84,-1
23832,1194,21,-1
23833,1440,7,-1
23834,1440,5,-1
23835,1194,5,-1
23836,1440,5,-1
23837,1440,3,-1
23838,1440,4,-1
23839,1440,9,-1
23840,1030,4,-1
23841,1440,4,-1
23842,1276,3,-1
23843,20,229,1
23844,1440,279,-1
23845,1276,15,-1
23846,1440,7,-1
23847,1276,3,-1
23848,20,21,1
23849,1440,36,-1
23850,1440,7,-1
23851,20,30,1
23852,1194,26,-1
23853,563,752,1
23854,20,1087,-1
23855,1440,9,-1
23856,1276,20,-1
23857,20,10,1
23858,1358,15,-1
23859,1440,6,-1
23860,1276,5,-1
23861,1440,5,-1
23862,1276,5,-1
23863,20,3,1
23864,1358,1,-1
23865,20,241,1
23866,1440,19,-1
23867,1276,21,-1
23868,1440,5,-1
23869,1276,5,-1
23870,1358,5,-1
23871,20,0,1
23872,1440,88,-1
23873,1440,8,-1
23874,1194,5,-1
23875,1440,35,-1
23876,1276,5,-1
23877,1440,5,-1
23878,20,36,1
23879,1276,101,-1
23880,1358,5,-1
23881,20,9,1
23882,563,590,1
23883,20,184,-1
23884,1077,612,1
23885,20,83,-1
23886,1077,5594,1
23887,20,159,-1
23888,1440,24726,-1
23889,1276,51,-1
23890,1440,7,-1
23891,1440,5,-1
23892,1440,5,-1
23893,1112,5,-1
23894,1440,5,-1
23895,1276,5,-1
23896,1358,5,-1
23897,1440,5,-1
23898,1276,4,-1
23899,1440,5,-1
23900,1276,5,-1
23901,20,25,1
23902,563,432,1
23903,20,102,-1
23904,1358,14,-1
23905,1358,82,-1
23906,20,13,1
23907,563,762,1
23908,20,130,-1
23909,563,24441,1
23910,20,133,-1
23911,1358,66909,-1
23912,1440,346,-1
23913,1276,26,-1
23914,1440,5,-1
23915,1276,3,-1
23916,1440,6,-1
23917,1276,5,-1
23918,20,29,1
23919,1358,46,-1
23920,1440,85,-1
23921,1276,7,-1
23922,1440,4,-1
23923,1276,3,-1
23924,20,170,1
23925,563,818,1
23926,20,124,-1
23927,1440,937,-1
23928,1440,20,-1
23929,1194,4,-1
23930,1440,4,-1
23931,1440,3,-1
23932,1440,3,-1
23933,1440,3,-1
23934,1030,4,-1
23935,20,36,1
23936,1440,138,-1
23937,1440,10,-1
23938,1194,5,-1
23939,1440,5,-1
23940,1276,32,-1
23941,1440,50,-1
23942,1276,5,-1
23943,20,2,1
23944,20,36,1
23945,1358,434,-1
23946,1358,8,-1
23947,20,7,1
23948,1358,153,-1
23949,1440,3,-1
23950,1440,4,-1
23951,1194,3,-1
23952,563,92,1
23953,20,83,-1
23954,563,782,1
23955,20,328,-1
23956,563,1149,1
23957,20,63,-1
23958,1077,2453,1
23959,20,189,-1
23960,1480,328,1
23961,645,26,1
23962,20,77,-1
23963,1077,344,1
23964,20,149,-1
23965,1440,162,-1
23966,1440,18,-1
23967,1194,3,-1
23968,1440,4,-1
23969,1440,3,-1
23970,1440,3,-1
23971,1440,4,-1
23972,1030,4,-1
23973,1440,2,-1
23974,1440,4,-1
23975,1440,72,-1
23976,1112,14,-1
23977,1440,2,-1
23978,1276,4,-1
23979,1358,4,-1
23980,20,69,1
23981,1077,251,1
23982,20,75,-1
23983,563,1035,1
23984,20,144,-1
23985,1358,24316,-1
23986,1440,42,-1
23987,20,10,1
23988,1440,36,-1
23989,1194,5,-1
23990,1440,3,-1
23991,1440,4,-1
23992,1194,2,-1
23993,1440,4,-1
23994,1276,4,-1
23995,1358,11,-1
23996,20,16,1
23997,1440,440,-1
23998,1276,17,-1
23999,20,7,1
24000,563,66,1
24001,20,148,-1
24002,1480,617,1
24003,645,45,1
24004,20,88,-1
24005,1077,81,1
24006,20,65,-1
24007,563,607,1
24008,20,96,-1
24009,563,634,1
24010,20,63,-1
24011,563,641,1
24012,20,61,-1
24013,1440,89087,-1
24014,1276,44,-1
24015,1440,5,-1
24016,1276,5,-1
24017,20,105,1
24018,1440,2642,-1
24019,1440,23,-1
24020,20,9,1
24021,1440,11,-1
24022,1112,7,-1
24023,20,56,1
24024,1440,252,-1
24025,1440,24,-1
24026,20,7,1
24027,1440,24,-1
24028,1112,7,-1
24029,1440,4,-1
24030,1440,4,-1
24031,1194,5,-1
24032,20,185,1
24033,1440,317,-1
24034,1276,18,-1
24035,20,9,1
24036,1440,22,-1
24037,1276,7,-1
24038,20,9,1
24039,1358,36,-1
24040,1440,6,-1
24041,1440,4,-1
24042,1440,4,-1
24043,1112,3,-1
24044,1440,4,-1
24045,1440,4,-1
24046,1194,4,-1
24047,563,108,1
24048,20,160,-1
24049,1358,6180,-1
24050,1440,1025,-1
24051,20,41,1
24052,1440,66,-1
24053,1194,14,-1
24054,1440,6,-1
24055,1440,5,-1
24056,1440,7,-1
24057,1440,6,-1
24058,1030,5,-1
24059,1440,7,-1
24060,1276,5,-1
24061,1358,6,-1
24062,1440,5,-1
24063,1276,6,-1
24064,1440,6,-1
24065,1276,5,-1
24066,20,15,1
24067,1440,308,-1
24068,1276,15,-1
24069,1358,7,-1
24070,1358,6,-1
24071,1358,6,-1
24072,20,124,1
24073,563,164,1
24074,20,102,-1
24075,563,1235,1
24076,20,168,-1
24077,563,2736,1
24078,20,252,-1
24079,563,226,1
24080,20,133,-1
24081,563,335,1
24082,20,138,-1
24083,1440,15451,-1
24084,1440,65,-1
24085,1194,10,-1
24086,1440,9,-1
24087,1276,8,-1
24088,20,123,1
24089,1440,20859,-1
24090,1440,38,-1
24091,20,16,1
24092,1440,21,-1
24093,1440,10,-1
24094,1030,7,-1
24095,1440,5,-1
24096,1440,6,-1
24097,1440,5,-1
24098,1112,5,-1
24099,20,44,1
24100,1440,380,-1
24101,1440,15,-1
24102,1194,6,-1
24103,20,233,1
24104,563,1047,1
24105,20,285,-1
24106,1440,77082,-1
24107,1440,113,-1
24108,1440,23,-1
24109,1440,17,-1
24110,1030,17,-1
24111,1358,16,-1
24112,1358,16,-1
24113,1440,16,-1
24114,1276,17,-1
24115,1358,16,-1
24116,1440,15,-1
24117,1440,15,-1
24118,1194,15,-1
24119,1440,16,-1
24120,1276,15,-1
24121,1440,15,-1
24122,1440,16,-1
24123,20,5,1
24124,1194,11,-1
24125,1440,15,-1
24126,1276,17,-1
24127,1440,14,-1
24128,1276,327,-1
24129,1440,31,-1
24130,1276,18,-1
24131,1358,16,-1
24132,20,792,1
24133,563,3901,1
24134,20,201,-1
24135,1077,286,1
24136,20,175,-1
24137,1440,281,-1
24138,1276,15,-1
24139,20,15,1
24140,563,811,1
24141,1440,2982,-1
24142,1440,39,-1
24143,20,18,1
24144,1440,53,-1
24145,1112,14,-1
24146,20,10,-1
24147,1106,20,1
24148,20,115,-1
24149,1480,658,1
24150,131,46,1
24151,20,77,-1
24152,1077,1335,1
24153,20,125,-1
24154,1440,15123,-1
24155,1276,66,-1
24156,20,139,1
24157,1440,213,-1
24158,1440,16,-1
24159,1194,9,-1
24160,1358,7,-1
24161,1358,9,-1
24162,1358,8,-1
24163,1358,331,-1
24164,1358,20,-1
24165,1440,10,-1
24166,20,0,1
24167,1276,7,-1
24168,20,65,1
24169,1358,97,-1
24170,1440,232,-1
24171,1440,15,-1
24172,1194,10,-1
24173,1358,8,-1
24174,1440,9,-1
24175,1276,7,-1
24176,1440,8,-1
24177,1276,8,-1
24178,1358,8,-1
24179,20,454,1
24180,563,605,1
24181,20,180,-1
24182,563,1650,1
24183,20,229,-1
24184,563,9741,1
24185,20,139,-1
24186,563,805,1
24187,20,170,-1
24188,1358,7283,-1
24189,1440,1386,-1
24190,20,37,1
24191,1440,45,-1
24192,1440,7,-1
24193,1440,4,-1
24194,1030,4,-1
24195,1358,4,-1
24196,20,80,1
24197,1077,21285,1
24198,20,155,-1
24199,1440,50271,-1
24200,1440,66,-1
24201,1440,8,-1
24202,1440,7,-1
24203,1440,5,-1
24204,1440,7,-1
24205,866,5,-1
24206,20,113,1
24207,563,960,1
24208,20,269,-1
24209,1440,2967,-1
24210,1276,42,-1
24211,20,15,1
24212,1440,66,-1
24213,1440,10,-1
24214,1194,6,-1
24215,1440,5,-1
24216,1440,5,-1
24217,254,6,-1
24218,20,293,1
24219,1077,2043,1
24220,20,175,-1
24221,563,501,1
24222,20,336,-1
24223,563,1396,1
24224,20,135,-1
24225,1077,394,1
24226,20,137,-1
24227,1358,9415,-1
24228,1480,509,1
24229,1480,48,1
24230,1201,31,1
24231,20,38,-1
24232,20,14,-1
24233,1480,5,1
24234,1199,26,1
24235,20,94,-1
24236,1440,5995,-1
24237,1440,31,-1
24238,1194,5,-1
24239,20,68,1
24240,1440,6641,-1
24241,1440,44,-1
24242,20,10,1
24243,1194,28,-1
24244,563,418,1
24245,20,92,-1
24246,1440,3298,-1
24247,1276,61,-1
24248,20,67,1
24249,1358,4680,-1
24250,563,264,1
24251,20,172,-1
24252,1440,11,-1
24253,1276,51,-1
24254,20,26,1
24255,1440,5742,-1
24256,1276,22,-1
24257,20,71,1
24258,1440,3271,-1
24259,1440,23,-1
24260,20,9,1
24261,1194,25,-1
24262,1440,1477,-1
24263,20,17,1
24264,1276,34,-1
24265,1358,1461,-1
24266,20,15,1
24267,1440,2835,-1
24268,1276,28,-1
24269,20,58,1
24270,1358,318,-1
24271,1440,2753,-1
24272,20,25,1
24273,1440,41,-1
24274,1194,9,-1
24275,20,69,1
24276,1440,1214,-1
24277,1440,25,-1
24278,20,10,1
24279,1194,33,-1
24280,563,226,1
24281,20,150,-1
24282,1440,3720,-1
24283,1276,23,-1
24284,1358,4,-1
24285,20,57,1
24286,1440,11030,-1
24287,1440,50,-1
24288,20,15,1
24289,1440,31,-1
24290,1440,7,-1
24291,1030,5,-1
24292,1440,5,-1
24293,1276,5,-1
24294,1358,5,-1
24295,1440,4,-1
24296,1440,4,-1
24297,1194,5,-1
24298,20,17,1
24299,1358,848,-1
24300,1440,10,-1
24301,20,9,1
24302,1440,24,-1
24303,1440,6,-1
24304,1112,5,-1
24305,20,111,1
24306,563,837,1
24307,20,88,-1
24308,1440,4758,-1
24309,1440,72,-1
24310,20,30,1
24311,1440,46,-1
24312,1440,23,-1
24313,1030,14,-1
24314,20,110,1
24315,563,663,1
24316,20,82,-1
24317,1358,22341,-1
24318,20,38777,1
24319,1440,3490,-1
24320,1440,144,-1
24321,1440,33,-1
24322,1112,23,-1
24323,1440,24,-1
24324,1440,21,-1
24325,1194,41,-1
24326,1358,24,-1
24327,20,298,1
24328,1440,262,-1
24329,1440,30,-1
24330,1440,14,-1
24331,1440,14,-1
24332,1440,13,-1
24333,948,14,-1
24334,1440,14,-1
24335,1276,15,-1
24336,20,2424,1
24337,563,2720,1
24338,20,384,-1
24339,1440,8696,-1
24340,1276,42,-1
24341,20,10,1
24342,1358,25,-1
24343,1358,5,-1
24344,1440,4,-1
24345,1440,4,-1
24346,1194,3,-1
24347,20,41,1
24348,1440,6272,-1
24349,1276,42,-1
24350,20,14,1
24351,1358,38,-1
24352,1358,9472,-1
24353,20,50,1
24354,1358,66,-1
24355,1440,11,-1
24356,1276,9,-1
24357,1440,9,-1
24358,1276,9,-1
24359,1358,8,-1
24360,20,101,1
24361,563,1101,1
24362,20,513,-1
24363,1440,4428,-1
24364,1440,91,-1
24365,1440,16,-1
24366,1112,11,-1
24367,1358,12,-1
24368,20,217,1
24369,563,1334,1
24370,20,482,-1
24371,1440,15355,-1
24372,1440,67,-1
24373,20,20,1
24374,1440,45,-1
24375,1112,11,-1
24376,1440,6,-1
24377,1440,7,-1
24378,1440,6,-1
24379,1440,5,-1
24380,1019,7,-1
24381,20,16,1
24382,1077,3978,1
24383,20,133,-1
24384,1077,648,1
24385,20,114,-1
24386,1077,91,1
24387,20,115,-1
24388,1358,51902,-1
24389,1358,37683,-1
24390,20,97,1
24391,1440,32243,-1
24392,1276,44,-1
24393,20,94,1
24394,40,2084,-1
24395,563,668,1
24396,20,85,-1
24397,1077,19956,1
24398,20,161,-1
24399,1480,746,1
24400,131,79,1
24401,20,105,-1
24402,1077,470,1
24403,20,95,-1
24404,1077,13391,1
24405,20,126,-1
24406,1440,2177,-1
24407,1276,25,-1
24408,20,81,1
24409,1358,17868,-1
24410,1440,1127,-1
24411,20,73,1
24412,1440,102,-1
24413,1194,25,-1
24414,20,241,1
24415,1440,4032,-1
24416,1440,56,-1
24417,20,19,1
24418,1194,26,-1
24419,563,13706,1
24420,20,132,-1
24421,1077,7416,1
24422,20,147,-1
24423,1077,181,1
24424,20,97,-1
24425,1358,57752,-1
24426,1440,510,-1
24427,20,17,1
24428,1276,50,-1
24429,1077,617,1
24430,20,101,-1
24431,1358,5245,-1
24432,1022,2114,-1
24433,20,68,1
24434,563,2866,1
24435,20,406,-1
24436,1440,13520,-1
24437,1276,51,-1
24438,20,105,1
24439,563,1108,1
24440,20,82,-1
24441,1358,15227,-1
24442,1358,907,-1
24443,20,15,1
24444,1440,20216,-1
24445,1440,41,-1
24446,1194,27,-1
24447,20,67,1
24448,1077,419,1
24449,20,143,-1
24450,563,670,1
24451,20,124,-1
24452,1480,23177,1
24453,131,237,1
24454,20,97,-1
24455,1480,334,1
24456,1480,108,1
24457,20,73,-1
24458,1201,131,1
24459,20,57,-1
24460,1117,97,1
24461,20,56,-1
24462,1480,499,1
24463,131,108,1
24464,20,128,-1
24465,563,163,1
24466,20,124,-1
24467,1077,9229,1
24468,20,175,-1
24469,1077,1173,1
24470,20,128,-1
24471,710,36287,-1
24472,1358,26951,-1
24473,20,36,1
24474,1077,803,1
24475,20,106,-1
24476,1358,61419,-1
24477,563,1119,1
24478,20,90,-1
24479,1358,46888,-1
24480,1358,4390,-1
24481,20,38,1
24482,1440,13496,-1
24483,1440,44,-1
24484,856,16,-1
24485,20,87,1
24486,563,415,1
24487,20,105,-1
24488,1077,469,1
24489,20,114,-1
24490,1077,4270,1
24491,20,144,-1
24492,563,1096,1
24493,20,73,-1
24494,563,108,1
24495,20,72,-1
24496,1358,32516,-1
24497,1358,12160,-1
24498,20,40,1
24499,563,354,1
24500,20,142,-1
24501,1077,869,1
24502,20,107,-1
24503,1440,24577,-1
24504,1276,41,-1
24505,20,77,1
24506,1358,9012,-1
24507,1077,6750,1
24508,20,232,-1
24509,1301,34571,-1
24510,1358,29107,-1
24511,20,46,1
24512,1440,1917,-1
24513,1276,56,-1
24514,20,833,1
24515,1440,524,-1
24516,1440,21,-1
24517,20,7,1
24518,1194,30,-1
24519,563,288,1
24520,20,159,-1
24521,1440,21105,-1
24522,1440,69,-1
24523,1194,10,-1
24524,20,121,1
24525,1440,130696,-1
24526,1440,60,-1
24527,20,16,1
24528,1440,40,-1
24529,1440,15,-1
24530,1440,6,-1
24531,1440,6,-1
24532,1440,6,-1
24533,1440,5,-1
24534,1440,5,-1
24535,1440,5,-1
24536,1440,5,-1
24537,1440,5,-1
24538,1440,5,-1
24539,1440,5,-1
24540,1440,6,-1
24541,1440,5,-1
24542,20,5,1
24543,1440,0,-1
24544,1440,5,-1
24545,1440,5,-1
24546,205,23,-1
24547,20,313,1
24548,563,1116,1
24549,20,198,-1
24550,1077,980,1
24551,20,144,-1
24552,563,1482,1
24553,20,123,-1
24554,563,1518,1
24555,20,344,-1
24556,563,159,1
24557,20,125,-1
24558,563,36201,1
24559,20,132,-1
24560,1358,76442,-1
24561,563,1592,1
24562,20,110,-1
24563,563,57,1
24564,20,42,-1
24565,234,6856,-1
24566,20,39516,1
24567,1358,25902,-1
24568,20,365,1
24569,1077,702,1
24570,20,177,-1
24571,1358,17537,-1
24572,1077,482,1
24573,20,168,-1
24574,59,44120,-1
24575,1440,16956,-1
24576,20,59,1
24577,1276,92,-1
24578,20,37547,1
24579,1440,29286,-1
24580,1440,114,-1
24581,1194,22,-1
24582,20,231,1
24583,563,1070,1
24584,20,301,-1
24585,1077,1969,1
24586,20,456,-1
24587,1480,20315,1
24588,131,36,1
24589,20,138,-1
24590,1440,27671,-1
24591,1276,82,-1
24592,20,130,1
24593,1358,11084,-1
24594,1440,54,-1
24595,20,15,1
24596,1276,63,-1
24597,563,355,1
24598,20,180,-1
24599,563,7740,1
24600,20,113,-1
24601,1440,56383,-1
24602,1440,44,-1
24603,1194,14,-1
24604,1358,4,-1
24605,20,78,1
24606,1077,13055,1
24607,20,164,-1
24608,1440,48377,-1
24609,1276,46,-1
24610,1358,5,-1
24611,20,97,1
24612,1440,215,-1
24613,1440,19,-1
24614,1194,4,-1
24615,1358,4,-1
24616,20,154,1
24617,563,2033,1
24618,20,138,-1
24619,1480,60579,1
24620,645,89,1
24621,20,106,-1
24622,1440,2902,-1
24623,1440,23,-1
24624,1194,5,-1
24625,1358,3,-1
24626,20,58,1
24627,563,451,1
24628,20,156,-1
24629,1480,47101,1
24630,131,105,1
24631,20,98,-1
24632,1440,15202,-1
24633,1440,51,-1
24634,1194,5,-1
24635,1440,5,-1
24636,1276,4,-1
24637,1358,3,-1
24638,1440,4,-1
24639,1440,4,-1
24640,1194,4,-1
24641,1358,3,-1
24642,20,52,1
24643,563,2651,1
24644,20,160,-1
24645,563,209,1
24646,20,57,-1
24647,1077,144,1
24648,20,108,-1
24649,1440,62796,-1
24650,1440,46,-1
24651,1440,5,-1
24652,1440,4,-1
24653,1030,4,-1
24654,20,89,1
24655,1358,25428,-1
24656,1440,37386,-1
24657,20,98,1
24658,1440,154,-1
24659,1440,39,-1
24660,1440,22,-1
24661,1440,22,-1
24662,1440,20,-1
24663,1440,25,-1
24664,1440,20,-1
24665,702,20,-1
24666,20,155,1
24667,563,3382,1
24668,20,301,-1
24669,1077,286,1
24670,20,414,-1
24671,1480,74,1
24672,1159,85,1
24673,20,122,-1
24674,1077,487,1
24675,20,483,-1
24676,563,645,1
24677,20,203,-1
24678,1440,29225,-1
24679,1276,48,-1
24680,20,104,1
24681,1077,25041,1
24682,20,152,-1
24683,1077,710,1
24684,20,69,-1
24685,1077,14671,1
24686,20,188,-1
24687,1077,7287,1
24688,20,136,-1
24689,563,34,1
24690,20,65,-1
24691,1440,43251,-1
24692,1440,45,-1
24693,1440,5,-1
24694,1440,5,-1
24695,1440,4,-1
24696,1440,4,-1
24697,1440,3,-1
24698,784,4,-1
24699,20,81,1
24700,1440,21,-1
24701,1440,6,-1
24702,1440,4,-1
24703,1112,4,-1
24704,20,205,1
24705,1440,2,-1
24706,459,29,-1
24707,20,134,1
24708,563,381,1
24709,20,96,-1
24710,1358,22959,-1
24711,20,37496,1
24712,1358,52198,-1
24713,1058,15733,-1
24714,20,48,1
24715,1077,566,1
24716,20,119,-1
24717,1358,82287,-1
24718,1358,24846,-1
24719,20,53,1
24720,1480,916,1
24721,645,123,1
24722,20,132,-1
24723,1358,10061,-1
24724,1077,4390,1
24725,20,164,-1
24726,292,3751,-1
24727,1480,1924,1
24728,131,124,1
24729,20,86,-1
24730,563,131,1
24731,20,86,-1
24732,1358,22572,-1
24733,563,1252,1
24734,20,95,-1
24735,1358,5136,-1
24736,1358,12835,-1
24737,20,37,1
24738,1358,56344,-1
24739,612,27739,-1
24740,20,36,1
24741,563,1593,1
24742,20,196,-1
24743,563,170,1
24744,20,263,-1
24745,563,274,1
24746,20,103,-1
24747,1358,22742,-1
24748,563,1440,1
24749,20,109,-1
24750,1358,23202,-1
24751,1440,223,-1
24752,1276,23,-1
24753,20,59,1
24754,563,267,1
24755,20,107,-1
24756,1358,57876,-1
24757,758,20494,-1
24758,20,42,1
24759,1358,98859,-1
24760,311,29421,-1
24761,20,36,1
24762,1358,103428,-1
24763,1358,5795,-1
24764,20,37,1
24765,59,18684,-1
24766,563,2938,1
24767,20,215,-1
24768,563,147,1
24769,20,114,-1
24770,1358,27056,-1
24771,1358,247,-1
24772,20,69,1
24773,563,165,1
24774,20,107,-1
24775,563,1600,1
24776,20,404,-1
24777,563,1700,1
24778,20,370,-1
24779,1480,790,1
24780,131,80,1
24781,20,149,-1
24782,1358,95188,-1
24783,321,138,-1
24784,20,398,1
24785,1077,1792,1
24786,20,355,-1
24787,563,3772,1
24788,20,359,-1
24789,563,215,1
24790,20,675,-1
24791,1077,11785,1
24792,20,178,-1
24793,563,510,1
24794,20,53,-1
24795,1480,89600,1
24796,131,41,1
24797,20,134,-1
24798,563,2619,1
24799,20,133,-1
24800,563,33478,-1
24801,20,36689,1
24802,1440,103789,-1
24803,1276,77,-1
24804,1358,10,-1
24805,20,204,1
24806,1358,78,-1
24807,1077,390,1
24808,1440,325,-1
24809,1276,34,-1
24810,20,21,1
24811,20,66,-1
24812,1358,25,-1
24813,1440,249,-1
24814,1440,19,-1
24815,1194,10,-1
24816,20,333,1
24817,1440,24148,-1
24818,416,75,-1
24819,20,20,1
24820,563,712,1
24821,20,251,-1
24822,1440,63015,-1
24823,1440,54,-1
24824,20,14,1
24825,1440,41,-1
24826,1112,8,-1
24827,1358,5,-1
24828,20,89,1
24829,1440,39228,-1
24830,1440,80,-1
24831,20,17,1
24832,1194,21,-1
24833,1440,10,-1
24834,1276,14,-1
24835,1440,5,-1
24836,1276,8,-1
24837,20,97,1
24838,563,1080,1
24839,20,379,-1
24840,1440,19710,-1
24841,1440,62,-1
24842,1440,11,-1
24843,1112,8,-1
24844,20,116,1
24845,1440,15308,-1
24846,1276,61,-1
24847,20,15,1
24848,1440,59668,-1
24849,1440,128,-1
24850,20,41,1
24851,1440,91,-1
24852,1112,23,-1
24853,20,69,1
24854,1440,31889,-1
24855,1276,85,-1
24856,20,24,1
24857,1440,61,-1
24858,1440,15,-1
24859,1440,10,-1
24860,1112,9,-1
24861,20,78,1
24862,1440,21611,-1
24863,1276,44,-1
24864,20,17,1
24865,1440,36,-1
24866,1440,10,-1
24867,1194,6,-1
24868,20,31,1
24869,563,549,1
24870,20,255,-1
24871,1440,64927,-1
24872,1440,50,-1
24873,20,20,1
24874,1194,11,-1
24875,1440,15990,-1
24876,20,38,1
24877,1276,41,-1
24878,563,330,1
24879,20,123,-1
24880,1440,15,-1
24881,1276,5,-1
24882,20,125,1
24883,1077,123,1
24884,20,100,-1
24885,563,860,1
24886,20,51,-1
24887,1480,1676,1
24888,645,156,1
24889,20,172,-1
24890,563,12039,1
24891,20,274,-1
24892,1440,9443,-1
24893,1276,83,-1
24894,1358,11,-1
24895,1440,7,-1
24896,1440,9,-1
24897,1194,8,-1
24898,20,146,1
24899,1440,86364,-1
24900,1440,45,-1
24901,20,11,1
24902,1440,12,-1
24903,1440,5,-1
24904,1440,4,-1
24905,948,3,-1
24906,1440,4,-1
24907,1276,4,-1
24908,20,67,1
24909,563,689,1
24910,20,319,-1
24911,1358,35251,-1
24912,1440,43,-1
24913,20,13,1
24914,1440,30,-1
24915,1194,8,-1
24916,20,39,1
24917,1440,5661,-1
24918,1440,56,-1
24919,20,15,1
24920,1440,18,-1
24921,1440,7,-1
24922,1440,15,-1
24923,948,4,-1
24924,20,82,1
24925,1077,954,1
24926,20,183,-1
24927,1077,2297,1
24928,20,84,-1
24929,563,33714,1
24930,20,183,-1
24931,1440,56724,-1
24932,1440,147,-1
24933,1440,19,-1
24934,1440,13,-1
24935,1440,12,-1
24936,948,13,-1
24937,20,186,1
24938,1440,28030,-1
24939,1440,94,-1
24940,20,31,1
24941,1440,70,-1
24942,1440,20,-1
24943,1440,12,-1
24944,948,12,-1
24945,20,46,1
24946,563,604,1
24947,20,197,-1
24948,1440,4963,-1
24949,1440,51,-1
24950,20,18,1
24951,1440,56,-1
24952,1440,12,-1
24953,1440,9,-1
24954,948,6,-1
24955,20,36,1
24956,563,982,1
24957,20,241,-1
24958,563,2143,1
24959,20,221,-1
24960,1440,90435,-1
24961,1440,87,-1
24962,1194,12,-1
24963,1440,9,-1
24964,1440,10,-1
24965,1194,9,-1
24966,20,167,1
24967,1358,33460,-1
24968,1358,436,-1
24969,20,28,1
24970,1440,50,-1
24971,1440,11,-1
24972,1194,8,-1
24973,1440,6,-1
24974,1276,7,-1
24975,1440,6,-1
24976,1276,7,-1
24977,1440,6,-1
24978,1276,6,-1
24979,20,0,1
24980,1358,5,-1
24981,20,46,1
24982,563,705,1
24983,20,90,-1
24984,563,1445,1
24985,20,198,-1
24986,1077,16702,1
24987,20,167,-1
24988,1480,378,1
24989,131,83,1
24990,20,91,-1
24991,1480,833,1
24992,131,97,1
24993,20,77,-1
24994,563,101,1
24995,20,163,-1
24996,1480,270,1
24997,131,84,1
24998,20,46,-1
24999,1077,8640,1
25000,20,106,-1
25001,1440,63669,-1
25002,1440,87,-1
25003,1440,12,-1
25004,1440,13,-1
25005,1440,15,-1
25006,948,12,-1
25007,20,168,1
25008,1440,34270,-1
25009,1440,56,-1
25010,20,15,1
25011,1440,19,-1
25012,143,7,-1
25013,20,109,1
25014,563,585,1
25015,20,206,-1
25016,1480,34182,1
25017,645,72,1
25018,20,339,-1
25019,563,321,1
25020,20,197,-1
25021,563,91665,-1
25022,20,36730,1
25023,1358,80561,-1
25024,1358,140,-1
25025,20,374,1
25026,1077,3540,1
25027,20,288,-1
25028,544,6855,-1
25029,1480,2737,1
25030,645,63,1
25031,20,168,-1
25032,563,539,1
25033,20,180,-1
25034,563,542,1
25035,20,226,-1
25036,563,491,1
25037,20,109,-1
25038,563,170,1
25039,20,113,-1
25040,1358,69041,-1
25041,1358,303,-1
25042,20,123,1
25043,1077,173,1
25044,20,132,-1
25045,1077,1380,1
25046,20,287,-1
25047,1358,356,-1
25048,1358,16161,-1
25049,20,179,1
25050,563,1558,1
25051,20,194,-1
25052,40,33343,-1
25053,563,2899,1
25054,20,3201,-1
25055,563,52,1
25056,20,87,-1
25057,563,85134,1
25058,20,501,-1
25059,563,36764,-1
25060,20,38940,1
25061,1358,56831,-1
25062,563,929,1
25063,20,316,-1
25064,311,31817,-1
25065,563,4055,1
25066,20,168,-1
25067,563,200,1
25068,20,95,-1
25069,1440,48363,-1
25070,1276,51,-1
25071,20,119,1
25072,1077,416,1
25073,20,269,-1
25074,563,355,1
25075,20,139,-1
25076,573,75618,-1
25077,1077,4827,1
25078,20,190,-1
25079,1106,122621,-1
25080,20,36690,1
25081,1358,15350,-1
25082,563,717,1
25083,20,278,-1
25084,1358,29135,-1
25085,20,38508,1
25086,602,8274,-1
25087,20,450,1
25088,563,2516,1
25089,20,211,-1
25090,1358,4967,-1
25091,563,2587,1
25092,20,169,-1
25093,1358,11193,-1
25094,563,2583,1
25095,20,229,-1
25096,563,75,1
25097,20,58,-1
25098,1358,34837,-1
25099,563,5358,1
25100,20,395,-1
25101,1358,15908,-1
25102,563,1470,1
25103,20,100,-1
25104,1077,10644,1
25105,20,301,-1
25106,1480,3279,1
25107,131,86,1
25108,20,54,-1
25109,1077,3777,1
25110,20,138,-1
25111,1480,5025,1
25112,131,88,1
25113,20,82,-1
25114,1126,22008,-1
25115,563,3786,1
25116,20,216,-1
25117,1358,88310,-1
25118,563,575,1
25119,20,185,-1
25120,311,41028,-1
25121,20,36588,1
25122,1358,30460,-1
25123,1077,6790,1
25124,20,149,-1
25125,311,56610,-1
25126,563,1620,1
25127,20,188,-1
25128,563,73,1
25129,20,105,-1
25130,1077,49885,1
25131,20,148,-1
25132,1358,45262,-1
25133,1077,417,1
25134,20,164,-1
25135,1358,4673,-1
25136,563,1739,1
25137,20,118,-1
25138,59,24364,-1
25139,20,37078,1
25140,1358,22420,-1
25141,1077,346,1
25142,20,79,-1
25143,1358,11481,-1
25144,1077,405,1
25145,20,137,-1
25146,563,761,1
25147,20,77,-1
25148,602,58228,-1
25149,563,653,1
25150,20,177,-1
25151,1358,37423,-1
25152,1480,569,1
25153,1480,63,1
25154,213,49,1
25155,20,68,-1
25156,20,18,-1
25157,1358,84060,-1
25158,1358,2315,-1
25159,20,41,1
25160,563,347,1
25161,20,222,-1
25162,563,327,1
25163,20,116,-1
25164,563,1870,1
25165,20,82,-1
25166,563,123,1
25167,20,165,-1
25168,321,333,-1
25169,563,1844,1
25170,20,96,-1
25171,1106,126935,-1
25172,1077,986,1
25173,20,233,-1
25174,1358,121593,-1
25175,1358,1535,-1
25176,20,171,1
25177,563,2444,1
25178,20,217,-1
25179,544,863,-1
25180,563,920,1
25181,20,193,-1
25182,1480,864,1
25183,1159,156,1
25184,20,171,-1
25185,1480,172,1
25186,131,58,1
25187,20,149,-1
25188,1440,16425,-1
25189,1276,44,-1
25190,20,95,1
25191,1358,94238,-1
25192,748,16366,-1
25193,20,56,1
25194,1077,5571,1
25195,20,169,-1
25196,563,2424,1
25197,20,123,-1
25198,563,113,1
25199,20,76,-1
25200,1358,16479,-1
25201,1077,695,1
25202,20,249,-1
25203,1358,38420,-1
25204,563,2902,1
25205,20,265,-1
25206,59,64481,-1
25207,563,10089,1
25208,20,144,-1
25209,1358,106962,-1
25210,563,324,1
25211,20,93,-1
25212,854,11635,-1
25213,1077,7109,1
25214,20,123,-1
25215,563,324,1
25216,20,137,-1
25217,1480,8127,1
25218,131,87,1
25219,20,90,-1
25220,563,50554,1
25221,20,128,-1
25222,1077,5841,1
25223,20,158,-1
25224,1358,54781,-1
25225,1339,1105,-1
25226,20,16,1
25227,1077,42911,1
25228,20,131,-1
25229,1077,635,1
25230,20,170,-1
25231,1358,17354,-1
25232,1440,4508,-1
25233,20,21,1
25234,1276,46,-1
25235,1358,17,-1
25236,20,72,1
25237,1440,650,-1
25238,1276,30,-1
25239,20,8,1
25240,1358,21,-1
25241,1440,396,-1
25242,20,11,1
25243,1276,30,-1
25244,1358,17,-1
25245,20,56,1
25246,1077,8247,1
25247,20,219,-1
25248,1358,12248,-1
25249,1358,16733,-1
25250,20,36,1
25251,1358,25837,-1
25252,1440,41,-1
25253,116,5,-1
25254,20,85,1
25255,563,929,1
25256,20,69,-1
25257,1077,2157,1
25258,20,162,-1
25259,1480,64000,1
25260,1480,113,1
25261,20,106,-1
25262,727,34,1
25263,20,73,-1
25264,1480,53469,1
25265,131,213,1
25266,20,179,-1
25267,563,6414,-1
25268,563,1409,1
25269,20,179,-1
25270,1358,28281,-1
25271,1358,18963,-1
25272,20,72,1
25273,563,5238,1
25274,20,324,-1
25275,563,192,1
25276,20,328,-1
25277,1480,9654,1
25278,131,123,1
25279,20,142,-1
25280,1358,59830,-1
25281,321,4065,-1
25282,20,47,1
25283,1480,437,1
25284,131,92,1
25285,20,91,-1
25286,1358,28919,-1
25287,563,2238,1
25288,20,180,-1
25289,563,238,1
25290,20,167,-1
25291,563,187,1
25292,20,144,-1
25293,1077,12590,-1
25294,20,50,1
25295,854,85947,-1
25296,1480,1825,1
25297,1159,166,1
25298,20,110,-1
25299,563,28524,1
25300,20,194,-1
25301,1358,9242,-1
25302,563,1675,-1
25303,20,20,1
25304,1480,33775,1
25305,131,118,1
25306,20,141,-1
25307,1358,27783,-1
25308,602,24559,-1
25309,20,89,1
25310,1358,112365,-1
25311,1077,761,1
25312,20,216,-1
25313,1358,6662,-1
25314,573,9522,-1
25315,20,91,1
25316,1358,21437,-1
25317,563,3931,1
25318,20,344,-1
25319,563,5890,1
25320,20,135,-1
25321,1358,25994,-1
25322,20,37210,1
25323,1480,15964,1
25324,645,87,1
25325,20,70,-1
25326,1145,18880,-1
25327,20,359,1
25328,1077,1343,1
25329,20,92,-1
25330,1358,45722,-1
25331,563,1002,1
25332,20,120,-1
25333,1358,45165,-1
25334,573,35239,-1
25335,20,40,1
25336,563,2223,1
25337,20,117,-1
25338,1358,106097,-1
25339,1358,615,-1
25340,20,30,1
25341,573,26577,-1
25342,20,36255,1
25343,1358,41858,-1
25344,563,5357,1
25345,20,200,-1
25346,1358,15541,-1
25347,59,29132,-1
25348,20,50,1
25349,1077,5503,1
25350,20,328,-1
25351,563,143966,-1
25352,1077,288,1
25353,20,106,-1
25354,1358,66459,-1
25355,1358,48,-1
25356,1358,7,-1
25357,20,349,1
25358,1440,22988,-1
25359,1440,98,-1
25360,20,26,1
25361,1194,38,-1
25362,1358,1760,-1
25363,20,33,1
25364,623,36055,-1
25365,563,643,1
25366,20,216,-1
25367,563,4915,1
25368,20,205,-1
25369,1077,34436,1
25370,20,185,-1
25371,563,18947,1
25372,20,169,-1
25373,1106,70317,-1
25374,20,39222,1
25375,563,90723,-1
25376,20,156,1
25377,563,1543,1
25378,20,130,-1
25379,563,58,1
25380,20,61,-1
25381,563,47632,1
25382,20,186,-1
25383,563,80714,-1
25384,20,38789,1
25385,563,129520,-1
25386,20,38470,1
25387,1480,44070,1
25388,131,97,1
25389,20,118,-1
25390,1358,82003,-1
25391,1077,782,1
25392,20,388,-1
25393,563,1239,1
25394,20,245,-1
25395,1480,608,1
25396,131,98,1
25397,20,108,-1
25398,854,16165,-1
25399,1077,382,1
25400,20,192,-1
25401,563,1125,1
25402,20,69,-1
25403,563,135,1
25404,20,101,-1
25405,563,16,1
25406,20,39,-1
25407,563,241383,-1
25408,20,38290,1
25409,563,51980,-1
25410,20,50,1
25411,563,74112,-1
25412,20,51,1
25413,1358,112779,-1
25414,20,36,1
25415,1480,45632,1
25416,131,94,1
25417,20,47,-1
25418,854,8763,-1
25419,20,36,1
25420,1358,79360,-1
25421,20,45,1
25422,1077,409,1
25423,20,95,-1
25424,1358,46133,-1
25425,563,2151,1
25426,20,252,-1
25427,1077,24573,1
25428,20,211,-1
25429,59,54695,-1
25430,20,38328,1
25431,563,359130,-1
25432,20,59,1
25433,1358,20465,-1
25434,20,82,1
25435,1480,27760,1
25436,131,88,1
25437,20,108,-1
25438,282,99770,-1
25439,20,40024,1
25440,563,117948,-1
25441,20,48,1
25442,563,1790,1
25443,20,211,-1
25444,1480,73,1
25445,131,74,1
25446,20,99,-1
25447,563,76786,1
25448,20,133,-1
25449,563,340745,-1
25450,1077,262,1
25451,20,128,-1
25452,563,287040,-1
25453,1358,20213,-1
25454,20,153,1
25455,563,40290,1
25456,20,177,-1
25457,1480,7915,1
25458,131,109,1
25459,20,127,-1
25460,1440,7071,-1
25461,1440,51,-1
25462,1440,13,-1
25463,1112,4,-1
25464,20,86,1
25465,563,746,1
25466,20,186,-1
25467,1358,2131,-1
25468,20,38881,1
25469,1358,21769,-1
25470,20,60,1
25471,1440,8735,-1
25472,20,75,1
25473,861,103,-1
25474,20,37,1
25475,563,2583,1
25476,20,115,-1
25477,1480,40360,1
25478,131,33,1
25479,20,146,-1
25480,1077,18987,1
25481,20,174,-1
25482,563,129305,-1
25483,563,31761,1
25484,20,147,-1
25485,563,97693,-1
25486,20,39876,1
25487,563,132326,-1
25488,20,39725,1
25489,1358,2404,-1
25490,20,37599,1
25491,825,85956,-1
25492,20,842,1
25493,563,3221,1
25494,20,333,-1
25495,1077,11876,1
25496,20,106,-1
25497,563,4311,1
25498,20,219,-1
25499,1077,111,1
25500,20,65,-1
25501,1358,56344,-1
25502,563,1690,1
25503,20,107,-1
25504,563,174,1
25505,20,62,-1
25506,563,325,1
25507,20,123,-1
25508,854,49252,-1
25509,563,1661,1
25510,20,103,-1
25511,563,72,1
25512,20,93,-1
25513,563,130171,-1
25514,20,36242,1
25515,563,130159,-1
25516,20,37833,1
25517,1358,56031,-1
25518,1358,23392,-1
25519,20,143,1
25520,563,1467,1
25521,20,105,-1
25522,1480,17543,1
25523,131,87,1
25524,20,129,-1
25525,59,30906,-1
25526,1077,295,1
25527,20,82,-1
25528,1077,25364,1
25529,20,231,-1
25530,1077,267,1
25531,20,124,-1
25532,1358,6270,-1
25533,1480,380,1
25534,1159,51,1
25535,20,68,-1
25536,1440,12759,-1
25537,1276,47,-1
25538,20,180,1
25539,1358,76003,-1
25540,1358,1242,-1
25541,20,25,1
25542,563,356,1
25543,20,73,-1
25544,1358,18561,-1
25545,563,4379,1
25546,20,556,-1
25547,477,7554,-1
25548,20,39321,1
25549,563,136482,-1
25550,20,401,1
25551,1077,741,1
25552,20,349,-1
25553,1106,164920,-1
25554,20,37302,1
25555,563,90134,-1
25556,20,288,1
25557,1358,8289,-1
25558,20,36658,1
25559,825,83462,-1
25560,20,934,1
25561,563,4128,1
25562,20,427,-1
25563,563,2800,1
25564,20,314,-1
25565,1077,2197,1
25566,20,116,-1
25567,1077,488,1
25568,20,72,-1
25569,1358,38167,-1
25570,20,38799,1
25571,825,40529,-1
25572,20,215,1
25573,563,1055,1
25574,20,111,-1
25575,1077,31683,1
25576,20,350,-1
25577,1077,67,1
25578,20,94,-1
25579,563,172,1
25580,20,76,-1
25581,1480,4253,1
25582,131,93,1
25583,20,63,-1
25584,563,47906,1
25585,20,120,-1
25586,563,190450,-1
25587,20,38781,1
25588,1440,39427,-1
25589,20,50,1
25590,1276,28,-1
25591,20,12,1
25592,1358,18,-1
25593,20,10,1
25594,1440,94,-1
25595,20,12,1
25596,1440,20,-1
25597,20,8,1
25598,1194,17,-1
25599,20,8,1
25600,1440,571,-1
25601,20,12,1
25602,1276,36,-1
25603,20,10,1
25604,1358,29577,-1
25605,20,82,1
25606,1440,123,-1
25607,20,30,1
25608,1276,77,-1
25609,20,29,1
25610,1440,98160,-1
25611,20,83,1
25612,1440,124,-1
25613,20,32,1
25614,1440,64,-1
25615,20,29,1
25616,1440,50,-1
25617,20,25,1
25618,1440,47,-1
25619,1440,16,-1
25620,866,13,-1
25621,1440,15,-1
25622,1276,11,-1
25623,20,850,1
25624,563,1423,1
25625,20,305,-1
25626,1440,26710,-1
25627,1276,64,-1
25628,20,16,1
25629,1440,45,-1
25630,1440,10,-1
25631,1440,6,-1
25632,1112,7,-1
25633,1358,5,-1
25634,20,46,1
25635,563,514,1
25636,20,176,-1
25637,1358,97254,-1
25638,1440,170,-1
25639,20,24,1
25640,324,51,-1
25641,20,39484,1
25642,1480,83878,1
25643,1159,61,1
25644,20,200,-1
25645,1480,405,1
25646,131,228,1
25647,20,355,-1
25648,1480,658,1
25649,131,283,1
25650,20,66,-1
25651,1480,481,1
25652,131,94,1
25653,20,58,-1
25654,1480,157,1
25655,1480,97,1
25656,20,75,-1
25657,213,56,1
25658,20,169,-1
25659,1077,348059,1
25660,20,188,-1
25661,563,95537,-1
25662,20,41,1
25663,1440,27179,-1
25664,20,30,1
25665,1276,40,-1
25666,20,22,1
25667,1358,1927,-1
25668,20,15,1
25669,1440,507,-1
25670,20,24,1
25671,1276,42,-1
25672,20,20,1
25673,563,205,1
25674,20,80,-1
25675,1440,10526,-1
25676,1276,25,-1
25677,20,59,1
25678,1440,56398,-1
25679,1276,129,-1
25680,20,42,1
25681,563,3865,1
25682,20,320,-1
25683,1440,39495,-1
25684,1276,43,-1
25685,20,108,1
25686,563,1141,1
25687,20,67,-1
25688,1480,1137,1
25689,131,50,1
25690,20,92,-1
25691,1358,14199,-1
25692,1358,74,-1
25693,1440,11,-1
25694,1440,10,-1
25695,1194,78,-1
25696,20,53,1
25697,563,1543,1
25698,20,160,-1
25699,1440,10562,-1
25700,1440,56,-1
25701,1440,10,-1
25702,1112,7,-1
25703,1440,8,-1
25704,1276,7,-1
25705,20,100,1
25706,563,1002,1
25707,20,313,-1
25708,1440,98740,-1
25709,1276,113,-1
25710,20,34,1
25711,1440,51,-1
25712,1440,18,-1
25713,1440,13,-1
25714,382,14,-1
25715,20,174,1
25716,563,1515,1
25717,20,236,-1
25718,563,3892,1
25719,20,507,-1
25720,563,2638,1
25721,20,310,-1
25722,1358,6755,-1
25723,1440,11868,-1
25724,20,41,1
25725,1440,50,-1
25726,1440,10,-1
25727,1440,8,-1
25728,1440,5,-1
25729,1440,5,-1
25730,1440,6,-1
25731,1440,5,-1
25732,702,8,-1
25733,20,66,1
25734,563,1346,1
25735,20,131,-1
25736,1440,8058,-1
25737,1440,55,-1
25738,1194,7,-1
25739,20,108,1
25740,563,454,1
25741,20,225,-1
25742,563,1007,1
25743,20,159,-1
25744,1440,89012,-1
25745,1440,133,-1
25746,1440,20,-1
25747,1440,15,-1
25748,1030,15,-1
25749,1440,15,-1
25750,1276,15,-1
25751,20,252,1
25752,563,3039,1
25753,20,180,-1
25754,563,661,1
25755,20,324,-1
25756,563,354,1
25757,20,122,-1
25758,563,376,1
25759,20,105,-1
25760,1440,22057,-1
25761,1440,64,-1
25762,1440,11,-1
25763,1108,5,-1
25764,20,119,1
25765,563,1506,1
25766,20,149,-1
25767,563,808,1
25768,20,151,-1
25769,563,775,1
25770,20,243,-1
25771,563,313,1
25772,20,197,-1
25773,1440,61722,-1
25774,1276,72,-1
25775,20,172,1
25776,1440,56966,-1
25777,1440,156,-1
25778,20,42,1
25779,1194,103,-1
25780,642,4458,-1
25781,20,90,1
25782,563,1342,1
25783,20,308,-1
25784,1358,20510,-1
25785,1358,27260,-1
25786,20,32,1
25787,1440,218,-1
25788,1276,11,-1
25789,20,27,1
25790,1358,22397,-1
25791,20,36372,1
25792,1214,20356,-1
25793,20,370,1
25794,1077,6594,1
25795,20,137,-1
25796,1480,6999,1
25797,131,91,1
25798,20,78,-1
25799,563,151895,-1
25800,20,37368,1
25801,563,160506,-1
25802,20,39522,1
25803,563,126356,-1
25804,563,1504,1
25805,20,113,-1
25806,563,288399,-1
25807,20,39114,1
25808,563,177567,-1
25809,20,38,1
25810,563,80381,1
25811,20,133,-1
25812,1480,6806,1
25813,131,346,1
25814,20,530,-1
25815,563,79716,-1
25816,20,42,1
25817,563,181746,-1
25818,20,61,1
25819,1480,834250,1
25820,131,98,1
25821,20,89,-1
25822,563,85,1
25823,20,881,-1
25824,563,45479,-1
25825,20,36,1
25826,563,255,1
25827,20,72,-1
25828,1077,10926,1
25829,20,154,-1
25830,563,116755,-1
25831,563,1095,1
25832,20,95,-1
25833,563,4132,1
25834,20,76,-1
25835,563,416908,-1
25836,20,36251,1
25837,1358,85157,-1
25838,20,82,1
25839,282,6304,-1
25840,20,81,1
25841,563,838,1
25842,20,714,-1
25843,1077,8145,1
25844,20,121,-1
25845,563,571907,-1
25846,20,38615,1
25847,1358,56113,-1
25848,20,104,1
25849,825,70241,-1
25850,20,64,1
25851,1077,3589226,1
25852,20,147,-1
25853,563,514216,-1
25854,20,51,1
25855,1358,23941,-1
25856,20,38,1
25857,282,104536,-1
25858,20,42,1
25859,1077,8777,1
25860,20,137,-1
25861,563,119081,-1
25862,20,38753,1
25863,563,319272,-1
25864,20,164,1
25865,1358,118525,-1
25866,20,57,1
25867,282,10584,-1
25868,20,57,1
25869,563,128099,-1
25870,20,43,1
25871,563,2054128,-1
25872,20,39,1
25873,1077,1563076,1
25874,20,134,-1
25875,563,702057,-1
25876,20,54,1
25877,563,320694,-1
25878,20,24,1
25879,1077,128387,-1
25880,20,38,1
25881,1077,2617,1
25882,20,102,-1
25883,563,471961,-1
25884,20,36806,1
25885,1480,42845,1
25886,131,103,1
25887,20,165,-1
25888,1358,63359,-1
25889,20,46,1
25890,282,23522,-1
25891,20,36,1
25892,563,128052,-1
25893,20,29,1
25894,563,192255,-1
25895,20,51,1
25896,563,384635,-1
25897,20,83,1
25898,563,812915,-1
25899,20,104,1
25900,563,138599,-1
25901,20,41,1
25902,563,1302087,-1
25903,20,63,1
25904,1077,247508,1
25905,20,152,-1
25906,563,532321,-1
25907,20,56,1
25908,563,174860,-1
25909,20,103,1
25910,1077,127806,-1
25911,20,57,1
25912,1077,10511,1
25913,20,156,-1
25914,563,661001,-1
25915,1358,22325,-1
25916,20,44,1
25917,282,127422,-1
25918,20,40239,1
25919,563,628659,-1
25920,20,113,1
25921,563,1494596,-1
25922,20,96,1
25923,1077,1179031,1
25924,20,158,-1
25925,563,600352,-1
25926,20,118,1
25927,563,202606,-1
25928,20,47,1
25929,1077,128907,-1
25930,20,44,1
25931,1077,3048,1
25932,20,162,-1
25933,563,567682,-1
25934,1358,31818,-1
25935,20,123,1
25936,825,127177,-1
25937,20,36683,1
25938,563,777404,-1
25939,20,36,1
25940,1077,5446673,1
25941,20,193,-1
25942,563,461362,-1
25943,20,59,1
25944,563,134606,-1
25945,20,56,1
25946,563,3123534,-1
25947,20,39,1
25948,1077,466082,1
25949,20,151,-1
25950,1480,308,1
25951,131,77,1
25952,20,51,-1
25953,1077,108664,1
25954,20,132,-1
25955,563,172075,-1
25956,20,98,1
25957,1106,128350,-1
25958,20,52,1
25959,563,281,1
25960,20,428,-1
25961,563,99894,-1
25962,20,54,1
25963,563,27327,-1
25964,20,38509,1
25965,563,291934,-1
25966,20,32,1
25967,563,6419398,-1
25968,20,37,1
25969,563,712346,1
25970,20,166,-1
25971,563,647691,-1
25972,20,51,1
25973,563,353284,1
25974,20,148,-1
25975,563,644938,-1
25976,20,76,1
25977,563,354419,1
25978,20,195,-1
25979,563,593745,-1
25980,20,47,1
25981,563,1573681,-1
25982,20,34,1
25983,563,494807,-1
25984,20,36,1
25985,1077,340070,1
25986,20,0,-1
25987,563,448415,-1
25988,20,160,1
25989,563,127757,-1
25990,20,97,1
25991,1106,128771,-1
25992,20,130,1
25993,563,889463,-1
25994,20,50,1
25995,563,1086928,-1
25996,20,110,1
25997,1077,325057,1
25998,20,663,-1
25999,563,483,1
26000,20,138,-1
26001,563,486855,-1
26002,20,62,1
26003,1106,128484,-1
26004,20,82,1
26005,563,138463,-1
26006,20,39,1
26007,563,814314,-1
26008,20,97,1
26009,563,178817,-1
26010,20,61,1
26011,563,641067,-1
26012,20,49,1
26013,563,1027796,-1
26014,20,48,1
26015,563,1176,1
26016,20,158,-1
26017,1480,1116521,1
26018,131,197,1
26019,20,95,-1
26020,563,31245,-1
26021,20,36683,1
26022,563,328948,-1
26023,20,159,1
26024,563,1608392,1
26025,20,360,-1
26026,563,309360,-1
26027,20,53,1
26028,563,692008,1
26029,20,466,-1
26030,563,416723,-1
26031,20,52,1
26032,563,2587836,1
26033,20,179,-1
26034,563,462749,-1
26035,20,154,1
26036,563,130692,-1
26037,20,73,1
26038,1077,2944137,1
26039,20,257,-1
26040,563,680005,-1
26041,20,61,1
26042,563,129230,-1
26043,20,47,1
26044,1480,10041910,1
26045,131,62,1
26046,20,58,-1
26047,563,409625,-1
26048,20,54,1
26049,563,6589322,1
26050,20,347,-1
26051,563,345633,-1
26052,20,132,1
26053,563,676043,-1
26054,20,147,1
26055,563,6815829,1
26056,20,371,-1
26057,563,3159430,1
26058,20,148,-1
26059,563,246252,-1
26060,20,128,1
26061,1077,2171507,1
26062,20,200,-1
26063,1480,90,1
26064,131,36,1
26065,20,77,-1
26066,563,337507,-1
26067,20,72,1
26068,563,79324,-1
26069,20,53,1
26070,1480,2458,1
26071,131,31,1
26072,20,163,-1
26073,563,82146,-1
26074,20,37,1
26075,563,917799,1
26076,20,143,-1
26077,563,2003407,1
26078,20,473,-1
26079,563,998204,1
26080,20,158,-1
26081,563,999593,1
26082,20,150,-1
26083,563,356344,-1
26084,20,52,1
26085,563,223941,1
26086,20,375,-1
26087,1480,420433,1
26088,131,149,1
26089,20,66,-1
26090,1480,108,1
26091,131,106,1
26092,20,77,-1
26093,563,109496,-1
26094,20,39,1
26095,563,473631,1
26096,20,436,-1
26097,563,414114,1
26098,20,187,-1
26099,563,52188,-1
26100,20,34,1
26101,563,532975,1
26102,20,175,-1
26103,1077,369176,1
26104,20,155,-1
26105,563,75,1
26106,20,48,-1
26107,1077,44672,1
26108,20,152,-1
26109,563,61241,-1
26110,20,35,1
26111,563,235280,-1
26112,20,62,1
26113,563,168120,-1
26114,20,80,1
26115,563,128080,-1
26116,20,52,1
26117,563,2614,1
26118,20,262,-1
26119,563,300815,-1
26120,1077,1062,1
26121,20,303,-1
26122,563,102275,1
26123,20,114,-1
26124,563,290285,-1
26125,20,37602,1
26126,563,673089,1
26127,20,319,-1
26128,1077,589449,1
26129,20,184,-1
26130,563,514346,-1
26131,20,60,1
26132,563,128018,-1
26133,20,51,1
26134,1077,767322,1
26135,20,170,-1
26136,563,1591603,1
26137,20,186,-1
26138,563,15,1
26139,20,143,-1
26140,563,47,1
26141,20,52,-1
26142,563,442864,-1
26143,20,56,1
26144,563,192292,-1
26145,20,100,1
26146,563,155226,-1
26147,20,47,1
26148,563,2616376,1
26149,20,124,-1
26150,563,2592540,1
26151,20,164,-1
26152,563,293025,-1
26153,20,56,1
26154,1480,108279,1
26155,131,132,1
26156,20,163,-1
26157,563,421340,-1
26158,20,122,1
26159,563,178207,1
26160,20,360,-1
26161,563,458240,-1
26162,20,100,1
26163,563,2544405,1
26164,20,388,-1
26165,563,502435,-1
26166,20,51,1
26167,1077,4192201,1
26168,20,178,-1
26169,563,316054,-1
26170,20,82,1
26171,563,128466,-1
26172,20,133,1
26173,1480,11674076,1
26174,131,35,1
26175,20,198,-1
26176,563,419613,-1
26177,20,129,1
26178,563,4580263,1
26179,20,152,-1
26180,563,427213,-1
26181,20,412,1
26182,1077,12441143,1
26183,20,217,-1
26184,563,381324,-1
26185,20,53,1
26186,563,155846,-1
26187,20,46,1
26188,563,1561719,-1
26189,20,44,1
26190,1077,460754,1
26191,20,231,-1
26192,1480,899,1
26193,131,70,1
26194,20,89,-1
26195,563,323647,-1
26196,20,54,1
26197,563,129535,-1
26198,20,37,1
26199,563,95336,-1
26200,20,167,1
26201,563,127578,-1
26202,20,51,1
26203,563,3325752,1
26204,20,560,-1
26205,563,440699,-1
26206,20,87,1
26207,563,564029,1
26208,20,521,-1
26209,563,453081,-1
26210,20,153,1
26211,563,546187,1
26212,20,360,-1
26213,563,364006,-1
26214,20,147,1
26215,563,761628,1
26216,20,160,-1
26217,1077,704,1
26218,20,80,-1
26219,563,406906,-1
26220,20,157,1
26221,563,130059,-1
26222,20,37,1
26223,563,462111,1
26224,20,125,-1
26225,1077,557,1
26226,20,72,-1
26227,563,380357,-1
26228,20,53,1
26229,1106,129194,-1
26230,20,37,1
26231,563,217720,-1
26232,20,38,1
26233,1077,148694,1
26234,20,162,-1
26235,563,124830,1
26236,20,428,-1
26237,1077,721,1
26238,20,133,-1
26239,563,345404,-1
26240,20,236,1
26241,1077,2707,1
26242,20,133,-1
26243,1358,117225,-1
26244,854,7720,-1
26245,20,385,1
26246,1077,2403740,1
26247,20,272,-1
26248,563,78,1
26249,20,254,-1
26250,563,487877,-1
26251,1077,1408,1
26252,20,195,-1
26253,1358,57959,-1
26254,563,2212,1
26255,20,322,-1
26256,1077,1335,1
26257,20,469,-1
26258,854,67364,-1
26259,20,39383,1
26260,1106,91635,-1
26261,20,40,1
26262,1480,3421200,1
26263,131,72,1
26264,20,87,-1
26265,1440,513652,-1
26266,20,99,1
26267,171,31,-1
26268,20,19,1
26269,563,486541,1
26270,20,161,-1
26271,563,392589,-1
26272,20,157,1
26273,563,606862,1
26274,20,159,-1
26275,563,538434,-1
26276,20,159,1
26277,1106,127407,-1
26278,20,46,1
26279,1480,1603011,1
26280,131,165,1
26281,20,219,-1
26282,563,374217,-1
26283,20,167,1
26284,563,623534,1
26285,20,166,-1
26286,563,344408,-1
26287,20,50,1
26288,563,177479,-1
26289,20,99,1
26290,1077,3689,1
26291,20,530,-1
26292,563,127227,-1
26293,563,21723,1
26294,20,249,-1
26295,1077,230,1
26296,20,315,-1
26297,563,4326237,1
26298,20,243,-1
26299,563,248445,-1
26300,20,49,1
26301,1480,14125416,1
26302,131,105,1
26303,20,50,-1
26304,563,424108,-1
26305,20,71,1
26306,563,2575753,1
26307,20,173,-1
26308,563,493043,-1
26309,20,37131,1
26310,563,2755436,1
26311,20,142,-1
26312,1077,418,1
26313,20,543,-1
26314,563,434763,-1
26315,20,131,1
26316,563,127615,-1
26317,20,61,1
26318,563,6749352,-1
26319,20,45,1
26320,1077,2985175,1
26321,20,142,-1
26322,563,263244,-1
26323,20,112,1
26324,563,130067,-1
26325,20,141,1
26326,1077,3441066,1
26327,20,225,-1
26328,1480,159,1
26329,131,101,1
26330,20,111,-1
26331,563,347912,-1
26332,20,53,1
26333,563,67301,-1
26334,20,156,1
26335,563,86297,-1
26336,20,100,1
26337,1480,19909934,1
26338,131,116,1
26339,20,221,-1
26340,563,408981,-1
26341,20,59,1
26342,563,4366733,1
26343,20,524,-1
26344,563,963439,1
26345,20,250,-1
26346,563,167,1
26347,20,181,-1
26348,563,389351,-1
26349,20,66,1
26350,563,246556,-1
26351,20,33,1
26352,1480,14031327,1
26353,131,70,1
26354,20,103,-1
26355,563,422383,-1
26356,20,51,1
26357,563,6901849,-1
26358,20,41,1
26359,563,6670841,1
26360,20,158,-1
26361,563,245800,-1
26362,20,52,1
26363,1077,1083953,1
26364,20,135,-1
26365,563,250384,-1
26366,20,85,1
26367,563,128450,-1
26368,20,97,1
26369,1077,4713138,1
26370,20,244,-1
26371,1480,186,1
26372,131,102,1
26373,20,69,-1
26374,563,344596,-1
26375,20,154,1
26376,563,113271,-1
26377,20,153,1
26378,563,44914,-1
26379,20,36,1
26380,563,11387708,-1
26381,20,46,1
26382,563,3376,1
26383,20,138,-1
26384,563,125315,-1
26385,20,39776,1
26386,563,139553,-1
26387,20,159,1
26388,1480,8262793,1
26389,131,35,1
26390,20,101,-1
26391,563,405714,-1
26392,20,53,1
26393,563,4050117,1
26394,20,151,-1
26395,563,336917,-1
26396,20,60,1
26397,563,217,1
26398,20,225,-1
26399,1480,15612111,1
26400,131,78,1
26401,20,58,-1
26402,563,380724,-1
26403,20,98,1
26404,563,12615406,1
26405,20,156,-1
26406,563,243932,-1
26407,20,64,1
26408,1077,782036,1
26409,20,219,-1
26410,563,244879,-1
26411,20,38172,1
26412,563,129948,-1
26413,20,54,1
26414,1077,5944470,1
26415,20,248,-1
26416,1480,376,1
26417,131,109,1
26418,20,264,-1
26419,563,409778,-1
26420,20,49,1
26421,1077,4589933,1
26422,20,163,-1
26423,1480,4651398,1
26424,1159,55,1
26425,20,159,-1
26426,563,269611,-1
26427,20,61,1
26428,563,1792,1
26429,20,128,-1
26430,1077,78454,1
26431,20,105,-1
26432,563,95959,-1
26433,20,38304,1
26434,1106,125942,-1
26435,20,51,1
26436,563,3499,1
26437,20,126,-1
26438,1106,126910,-1
26439,20,39480,1
26440,563,390934,-1
26441,20,69,1
26442,1480,3824074,1
26443,645,83,1
26444,20,91,-1
26445,563,328036,-1
26446,20,62,1
26447,563,128208,-1
26448,20,42,1
26449,1480,3142475,1
26450,131,128,1
26451,20,93,-1
26452,563,331490,-1
26453,20,58,1
26454,1106,128283,-1
26455,20,18,1
26456,563,1243,1
26457,20,106,-1
26458,563,297411,-1
26459,1077,370,1
26460,20,108,-1
26461,563,164271,1
26462,20,143,-1
26463,1480,66,1
26464,1480,66,1
26465,20,89,-1
26466,1201,20,1
26467,20,47,-1
26468,1480,106,1
26469,685,68,1
26470,20,43,-1
26471,563,146928,-1
26472,20,45,1
26473,563,87074,-1
26474,20,51,1
26475,563,1880,1
26476,20,113,-1
26477,563,136981,-1
26478,20,40075,1
26479,563,60959,1
26480,20,182,-1
26481,563,12992,-1
26482,563,4220,1
26483,20,130,-1
26484,563,114547,-1
26485,20,33,1
26486,563,2017,1
26487,20,104,-1
26488,563,138026,-1
26489,563,1931,1
26490,20,113,-1
26491,563,162311,-1
26492,20,37889,1
26493,1480,285201,1
26494,131,93,1
26495,20,53,-1
26496,20,239278,1
26497,20,150,-1
26498,563,361,1
26499,20,77,-1
26500,563,35548,-1
26501,20,67,1
26502,20,91736,-1
26503,20,32,1
26504,563,4400,-1
26505,20,16,1
26506,563,1846,1
26507,20,121,-1
26508,563,30845,-1
26509,20,35,1
26510,563,119799,-1
26511,563,2068,1
26512,20,85,-1
26513,563,6778,-1
26514,20,19,1
26515,563,855,1
26516,20,116,-1
26517,563,151222,-1
26518,20,36692,1
26519,563,159337,-1
26520,563,821,1
26521,20,128,-1
26522,1077,417037,-1
26523,20,38672,1
26524,1077,702953,1
26525,20,274,-1
26526,563,162322,-1
26527,20,0,1
26528,563,34089,1
26529,20,173,-1
26530,563,94671,-1
26531,563,1782,1
26532,20,90,-1
26533,563,165718,-1
26534,563,1775,1
26535,20,95,-1
26536,563,145983,-1
26537,563,243,1
26538,20,90,-1
26539,563,141916,-1
26540,563,2096,1
26541,20,119,-1
26542,563,174114,-1
26543,20,38444,1
26544,563,126194,-1
26545,20,65,1
26546,563,906,1
26547,20,99,-1
26548,1077,92573,1
26549,20,189,-1
26550,563,12180,1
26551,20,149,-1
26552,563,139094,-1
26553,20,34,1
26554,563,18458,-1
26555,563,1797,1
26556,20,89,-1
26557,1106,110270,-1
26558,20,59,1
26559,563,17813,-1
26560,563,783,1
26561,20,97,-1
26562,563,128411,-1
26563,563,2251,1
26564,20,106,-1
26565,563,143921,-1
26566,20,39964,1
26567,1106,126537,-1
26568,20,48,1
26569,563,669471,1
26570,20,199,-1
26571,563,96,1
26572,20,155,-1
26573,563,129656,-1
26574,20,36,1
26575,563,1389,1
26576,20,138,-1
26577,563,21532,-1
26578,20,44,1
26579,563,124950,-1
26580,563,2265,1
26581,20,215,-1
26582,563,293318,-1
26583,563,2760,1
26584,20,117,-1
26585,1077,23028,1
26586,20,181,-1
26587,563,131569,-1
26588,20,46,1
26589,563,6071,1
26590,20,128,-1
26591,563,122215,-1
26592,563,262,1
26593,20,83,-1
26594,563,116441,-1
26595,563,2022,1
26596,20,266,-1
26597,563,53683,-1
26598,563,3653,1
26599,20,190,-1
26600,563,251235,-1
26601,20,38959,1
26602,563,46691,-1
26603,563,1149,1
26604,20,138,-1
26605,563,299587,-1
26606,563,988,1
26607,20,118,-1
26608,563,295973,-1
26609,563,1085,1
26610,20,159,-1
26611,563,299748,-1
26612,563,1059,1
26613,20,123,-1
26614,563,299374,-1
26615,563,861,1
26616,563,88,1
26617,20,40,-1
26618,20,10,-1
26619,563,788231,-1
26620,20,65,1
26621,563,1238,1
26622,20,152,-1
26623,563,233802,1
26624,20,158,-1
26625,563,77710,-1
26626,563,293,1
26627,20,97,-1
26628,563,164518,-1
26629,563,2282,1
26630,20,139,-1
26631,563,193142,-1
26632,20,37515,1
26633,1440,43267,-1
26634,20,56,1
26635,1276,31,-1
26636,20,11,1
26637,1029,87167,-1
26638,20,37,1
26639,563,1375,1
26640,20,223,-1
26641,563,401588,1
26642,20,250,-1
26643,563,134326,-1
26644,563,6669,1
26645,20,154,-1
26646,563,157003,-1
26647,563,6365,1
26648,20,288,-1
26649,1106,131834,-1
26650,563,8795,1
26651,20,311,-1
26652,563,46,1
26653,20,165,-1
26654,563,128262,-1
26655,20,39190,1
26656,563,100280,-1
26657,20,56,1
26658,563,193,1
26659,20,84,-1
26660,563,275984,-1
26661,563,3614,1
26662,20,146,-1
26663,563,17,1
26664,20,128,-1
26665,563,156646,-1
26666,563,1990,1
26667,20,133,-1
26668,563,257505,-1
26669,563,1586,1
26670,20,127,-1
26671,563,126281,-1
26672,563,3176,1
26673,20,148,-1
26674,563,206825,-1
26675,20,36588,1
26676,563,393546,-1
26677,20,129,1
26678,563,2077,1
26679,20,161,-1
26680,563,498008,-1
26681,20,38552,1
26682,1106,129879,-1
26683,20,42,1
26684,1480,8314610,1
26685,131,201,1
26686,20,246,-1
26687,563,404870,-1
26688,20,36613,1
26689,1480,19959805,1
26690,131,51,1
26691,20,132,-1
26692,563,387150,-1
26693,20,153,1
26694,563,18042645,-1
26695,20,36,1
26696,1077,1959353,1
26697,20,313,-1
26698,1480,123,1
26699,131,51,1
26700,20,60,-1
26701,563,202740,-1
26702,20,37,1
26703,563,128283,-1
26704,20,52,1
26705,563,68346,-1
26706,20,101,1
26707,563,601437,1
26708,20,171,-1
26709,563,252375,-1
26710,20,94,1
26711,1077,757590,1
26712,20,277,-1
26713,563,210945,-1
26714,20,65,1
26715,563,130752,-1
26716,20,96,1
26717,1480,18043848,1
26718,131,67,1
26719,20,102,-1
26720,1440,410798,-1
26721,20,55,1
26722,685,32,-1
26723,20,14,1
26724,563,6191485,1
26725,20,160,-1
26726,563,132083,-1
26727,20,37,1
26728,563,1905,1
26729,20,573,-1
26730,563,133857,-1
26731,563,1943,1
26732,20,147,-1
26733,563,152105,-1
26734,20,36978,1
26735,1077,4546432,1
26736,20,551,-1
26737,563,252675,-1
26738,20,154,1
26739,563,4729978,1
26740,20,450,-1
26741,563,326718,-1
26742,20,422,1
26743,563,600,1
26744,20,423,-1
26745,1480,3491536,1
26746,131,82,1
26747,20,60,-1
26748,563,411643,-1
26749,20,50,1
26750,1480,9998476,1
26751,131,42,1
26752,20,2420,-1
26753,1440,409785,-1
26754,20,50,1
26755,171,34,-1
26756,20,8,1
26757,1077,9597900,1
26758,20,151,-1
26759,1480,92,1
26760,131,82,1
26761,20,138,-1
26762,563,247622,-1
26763,20,36155,1
26764,1440,94398,-1
26765,20,52,1
26766,685,25,-1
26767,20,9,1
26768,563,36363,-1
26769,20,36,1
26770,1480,19972660,1
26771,131,211,1
26772,20,97,-1
26773,1440,400529,-1
26774,20,159,1
26775,685,102,-1
26776,20,41,1
26777,563,8596092,1
26778,20,205,-1
26779,563,251798,-1
26780,20,48,1
26781,1077,1111086,1
26782,20,165,-1
26783,563,203275,-1
26784,20,36,1
26785,563,128517,-1
26786,20,66,1
26787,1480,9711848,1
26788,131,48,1
26789,20,268,-1
26790,1440,404921,-1
26791,20,54,1
26792,685,15,-1
26793,20,10,1
26794,563,273,1
26795,20,61,-1
26796,1077,19540269,1
26797,20,140,-1
26798,563,255084,-1
26799,563,264,1
26800,20,158,-1
26801,563,131176,-1
26802,20,36986,1
26803,1077,38347,1
26804,20,262,-1
26805,1480,264,1
26806,131,97,1
26807,20,246,-1
26808,563,268663,-1
26809,20,54,1
26810,1440,124902,-1
26811,20,56,1
26812,171,25,-1
26813,20,10,1
26814,563,3761,-1
26815,20,16,1
26816,563,125847,-1
26817,20,45,1
26818,1077,6657630,1
26819,20,191,-1
26820,1077,229,1
26821,20,106,-1
26822,563,206501,-1
26823,20,38,1
26824,563,128268,-1
26825,20,51,1
26826,1440,2744,-1
26827,20,29,1
26828,1440,20,-1
26829,20,9,1
26830,807,15,-1
26831,20,6,1
26832,1440,747,-1
26833,20,15,1
26834,1276,30,-1
26835,20,9,1
26836,1358,15,-1
26837,20,8,1
26838,1440,5836,-1
26839,20,42,1
26840,1440,36,-1
26841,20,18,1
26842,1194,38,-1
26843,20,6,1
26844,1358,6884,-1
26845,20,25,1
26846,1077,14591,1
26847,20,426,-1
26848,1480,343,1
26849,131,108,1
26850,20,197,-1
26851,1480,58613,1
26852,131,123,1
26853,20,61,-1
26854,1440,40950,-1
26855,20,54,1
26856,1440,78,-1
26857,20,19,1
26858,1440,39,-1
26859,20,20,1
26860,1112,35,-1
26861,20,20,1
26862,1440,30,-1
26863,20,27,1
26864,1276,34,-1
26865,20,20,1
26866,563,913,1
26867,20,514,-1
26868,1440,14,-1
26869,1276,30,-1
26870,20,12,1
26871,1440,46,-1
26872,1440,14,-1
26873,20,11,1
26874,1194,36,-1
26875,1358,12,-1
26876,20,11,1
26877,563,1334,1
26878,20,192,-1
26879,1440,2810,-1
26880,1440,41,-1
26881,20,15,1
26882,1440,114,-1
26883,1112,10,-1
26884,20,12,1
26885,1440,37,-1
26886,1276,10,-1
26887,20,10,1
26888,1440,4290,-1
26889,1276,0,-1
26890,20,0,1
26891,1077,7107,1
26892,20,140,-1
26893,1440,111526,-1
26894,1440,92,-1
26895,20,24,1
26896,126,56,-1
26897,1480,2894,1
26898,131,81,1
26899,20,144,-1
26900,563,39728,-1
26901,20,39713,1
26902,1358,44737,-1
26903,20,51,1
26904,563,2269,1
26905,20,118,-1
26906,563,197,1
26907,20,65,-1
26908,563,211,1
26909,20,61,-1
26910,563,245,1
26911,20,149,-1
26912,563,66,1
26913,20,81,-1
26914,1358,44683,-1
26915,563,1455,1
26916,20,135,-1
26917,1087,31903,-1
26918,563,1873,1
26919,20,164,-1
26920,563,42,1
26921,20,56,-1
26922,1358,76421,-1
26923,1358,31945,-1
26924,20,37,1
26925,1480,401,1
26926,131,95,1
26927,1480,72,1
26928,20,479,-1
26929,131,14,1
26930,20,85,-1
26931,563,55660,-1
26932,602,10439,-1
26933,1480,420,1
26934,131,56,1
26935,20,111,-1
26936,1480,23,1
26937,131,27,1
26938,20,48,-1
26939,20,26582,1
26940,1358,26674,-1
26941,20,38132,1
26942,854,38051,-1
26943,20,267,1
26944,563,105,1
26945,20,59,-1
26946,1358,75726,-1
26947,20,36967,1
26948,311,15290,-1
26949,20,133,1
26950,563,128835,-1
26951,20,332,1
26952,563,167263,-1
26953,1077,2785,1
26954,20,247,-1
26955,1480,98,1
26956,131,127,1
26957,20,182,-1
26958,1480,190,1
26959,1480,145,1
26960,20,80,-1
26961,213,138,1
26962,20,179,-1
26963,563,262,1
26964,20,122,-1
26965,563,1350,1
26966,20,199,-1
26967,563,166086,-1
26968,1480,4274,1
26969,131,57,1
26970,20,123,-1
26971,1358,14394,-1
26972,20,37080,1
26973,1077,495,1
26974,20,156,-1
26975,311,75942,-1
26976,20,370,1
26977,1480,35131,1
26978,645,171,1
26979,20,94,-1
26980,563,1166,1
26981,20,114,-1
26982,563,69211,-1
26983,20,73,1
26984,563,21655,-1
26985,563,246,1
26986,20,86,-1
26987,563,128492,-1
26988,1077,8677,1
26989,20,121,-1
26990,563,8571,1
26991,20,130,-1
26992,563,42138,1
26993,20,213,-1
26994,563,155,1
26995,20,117,-1
26996,1358,17854,-1
26997,563,4440,1
26998,20,147,-1
26999,563,102,1
27000,20,85,-1
27001,854,45874,-1
27002,563,1781,1
27003,20,98,-1
27004,563,214,1
27005,20,66,-1
27006,563,218,1
27007,20,97,-1
27008,563,72,1
27009,20,51,-1
27010,1440,25608,-1
27011,1440,46,-1
27012,1194,5,-1
27013,20,106,1
27014,1440,6173,-1
27015,1276,46,-1
27016,20,10,1
27017,563,5656,1
27018,20,148,-1
27019,1077,397,1
27020,20,78,-1
27021,1077,3669,1
27022,20,197,-1
27023,563,153,1
27024,20,78,-1
27025,729,83533,-1
27026,563,3880,1
27027,20,166,-1
27028,563,138,1
27029,20,168,-1
27030,1077,208,1
27031,20,185,-1
27032,563,2434,1
27033,20,221,-1
27034,563,1637,1
27035,20,205,-1
27036,1358,78927,-1
27037,563,612,1
27038,20,144,-1
27039,1358,19979,-1
27040,563,705,1
27041,20,281,-1
27042,1145,19770,-1
27043,563,435,1
27044,20,129,-1
27045,563,113,1
27046,20,106,-1
27047,1077,3463,1
27048,20,167,-1
27049,1358,16154,-1
27050,1358,24379,-1
27051,20,35,1
27052,1440,36,-1
27053,1440,16,-1
27054,1194,3,-1
27055,20,83,1
27056,563,324,1
27057,20,200,-1
27058,1480,61830,1
27059,131,113,1
27060,20,56,-1
27061,563,117,1
27062,20,118,-1
27063,1440,21039,-1
27064,1440,76,-1
27065,1194,10,-1
27066,20,186,1
27067,1077,29217,1
27068,20,146,-1
27069,563,1186,1
27070,20,136,-1
27071,1440,13571,-1
27072,1440,56,-1
27073,1440,5,-1
27074,1112,4,-1
27075,1358,2,-1
27076,20,81,1
27077,1440,84208,-1
27078,1440,109,-1
27079,20,33,1
27080,1194,98,-1
27081,563,3539,1
27082,20,194,-1
27083,1077,14624,1
27084,20,155,-1
27085,1077,6250,1
27086,20,137,-1
27087,1440,18834,-1
27088,1276,45,-1
27089,20,142,1
27090,1440,16,-1
27091,1276,9,-1
27092,1358,5,-1
27093,20,135,1
27094,563,390,1
27095,20,156,-1
27096,563,746,1
27097,20,105,-1
27098,1480,139,1
27099,1480,32,1
27100,727,27,1
27101,20,65,-1
27102,20,9,-1
27103,1077,141,1
27104,20,57,-1
27105,1077,183,1
27106,20,61,-1
27107,563,146,1
27108,20,63,-1
27109,563,19,1
27110,20,55,-1
27111,1077,6605,1
27112,20,115,-1
27113,1077,494,1
27114,20,136,-1
27115,1480,2306,1
27116,131,78,1
27117,20,89,-1
27118,1480,248,1
27119,131,77,1
27120,20,51,-1
27121,1358,61160,-1
27122,1440,11574,-1
27123,20,48,1
27124,1440,65,-1
27125,1194,11,-1
27126,20,911,1
27127,563,4784,1
27128,20,198,-1
27129,1440,36584,-1
27130,1440,53,-1
27131,1194,17,-1
27132,1358,5,-1
27133,20,85,1
27134,1358,81824,-1
27135,1440,2358,-1
27136,20,16,1
27137,1440,36,-1
27138,775,8,-1
27139,20,50,1
27140,563,566,1
27141,20,236,-1
27142,1077,560,1
27143,20,151,-1
27144,563,149,1
27145,20,69,-1
27146,563,33,1
27147,20,89,-1
27148,1077,135,1
27149,20,86,-1
27150,1358,10726,-1
27151,563,340,1
27152,20,128,-1
27153,1440,32342,-1
27154,1276,45,-1
27155,20,102,1
27156,1358,478,-1
27157,563,428,1
27158,20,174,-1
27159,563,4383,1
27160,20,150,-1
27161,1077,257,1
27162,20,89,-1
27163,1358,17363,-1
27164,1358,190,-1
27165,20,36,1
27166,1440,59844,-1
27167,1440,46,-1
27168,1440,5,-1
27169,1112,4,-1
27170,20,81,1
27171,1480,494,1
27172,131,41,1
27173,20,93,-1
27174,1358,35737,-1
27175,563,5997,-1
27176,20,66,1
27177,1440,14498,-1
27178,20,45,1
27179,1276,51,-1
27180,1358,9,-1
27181,20,93,1
27182,1440,50899,-1
27183,1276,33,-1
27184,20,20,1
27185,1480,835,1
27186,645,111,1
27187,20,82,-1
27188,1440,20984,-1
27189,1276,31,-1
27190,1440,5,-1
27191,1276,5,-1
27192,20,63,1
27193,563,368,1
27194,20,99,-1
27195,1440,74075,-1
27196,1440,138,-1
27197,1194,20,-1
27198,20,290,1
27199,1358,31455,-1
27200,1440,76,-1
27201,20,29,1
27202,1440,36,-1
27203,1194,17,-1
27204,20,303,1
27205,1358,21398,-1
27206,1440,63,-1
27207,20,22,1
27208,1440,26,-1
27209,1194,10,-1
27210,20,82,1
27211,563,1908,1
27212,20,597,-1
27213,1440,103853,-1
27214,1440,87,-1
27215,1440,11,-1
27216,1440,9,-1
27217,1440,9,-1
27218,1440,9,-1
27219,866,8,-1
27220,20,154,1
27221,563,5338,1
27222,20,306,-1
27223,1440,16237,-1
27224,1440,87,-1
27225,1440,11,-1
27226,1112,9,-1
27227,20,180,1
27228,563,754,1
27229,20,283,-1
27230,1440,105073,-1
27231,1440,96,-1
27232,20,37,1
27233,1440,87,-1
27234,1440,28,-1
27235,1030,17,-1
27236,1440,10,-1
27237,1276,10,-1
27238,20,81,1
27239,563,4497,1
27240,20,276,-1
27241,563,1213,1
27242,20,180,-1
27243,1440,16009,-1
27244,1276,47,-1
27245,1358,5,-1
27246,1440,4,-1
27247,1276,4,-1
27248,20,87,1
27249,563,336,1
27250,20,127,-1
27251,1440,105912,-1
27252,1276,97,-1
27253,20,28,1
27254,1440,72,-1
27255,1440,26,-1
27256,1194,12,-1
27257,20,108,1
27258,1440,19667,-1
27259,1276,121,-1
27260,20,46,1
27261,563,1114,1
27262,1358,545,-1
27263,1440,83,-1
27264,1440,20,-1
27265,1194,18,-1
27266,20,17,-1
27267,1358,27,-1
27268,20,379,1
27269,1440,105654,-1
27270,1440,55,-1
27271,20,15,1
27272,1440,30,-1
27273,1112,6,-1
27274,20,46,1
27275,563,2217,1
27276,20,85,-1
27277,563,113,1
27278,20,85,-1
27279,1077,14642,1
27280,20,171,-1
27281,1440,4719,-1
27282,1440,34,-1
27283,1194,15,-1
27284,1440,3,-1
27285,1440,4,-1
27286,1440,3,-1
27287,1112,4,-1
27288,20,54,1
27289,1358,226,-1
27290,563,1224,1
27291,20,100,-1
27292,1480,15980,1
27293,131,93,1
27294,20,48,-1
27295,1480,156,1
27296,131,75,1
27297,20,46,-1
27298,1440,88985,-1
27299,1440,48,-1
27300,1194,6,-1
27301,1440,5,-1
27302,1276,5,-1
27303,20,82,1
27304,563,2009,1
27305,20,84,-1
27306,1077,189,1
27307,1480,179,1
27308,20,108,-1
27309,131,39,1
27310,20,65,-1
27311,563,123,1
27312,20,74,-1
27313,1440,19309,-1
27314,1440,59,-1
27315,1440,15,-1
27316,1112,3,-1
27317,1440,3,-1
27318,1440,4,-1
27319,1194,5,-1
27320,20,75,1
27321,563,1092,1
27322,20,98,-1
27323,1358,57624,-1
27324,1480,3213,1
27325,131,97,1
27326,20,66,-1
27327,1440,44178,-1
27328,1440,41,-1
27329,1440,15,-1
27330,1112,4,-1
27331,1440,4,-1
27332,1276,2,-1
27333,20,74,1
27334,563,308,1
27335,20,61,-1
27336,1440,21668,-1
27337,1440,34,-1
27338,20,19,1
27339,1440,33,-1
27340,1112,5,-1
27341,1440,4,-1
27342,1440,4,-1
27343,1194,3,-1
27344,20,41,1
27345,1358,67873,-1
27346,1358,38257,-1
27347,20,46,1
27348,1440,39,-1
27349,1440,18,-1
27350,1194,4,-1
27351,1358,4,-1
27352,1358,4,-1
27353,20,68,1
27354,563,281,1
27355,20,105,-1
27356,1440,21364,-1
27357,1440,92,-1
27358,20,27,1
27359,1440,87,-1
27360,1112,17,-1
27361,1358,10,-1
27362,20,115,1
27363,1077,27928,1
27364,20,216,-1
27365,1077,2168,1
27366,20,82,-1
27367,563,251,1
27368,20,123,-1
27369,1440,32477,-1
27370,1440,44,-1
27371,1194,7,-1
27372,20,83,1
27373,563,478,1
27374,20,86,-1
27375,563,41842,-1
27376,20,88,1
27377,1358,683,-1
27378,1440,132,-1
27379,1440,17,-1
27380,1440,10,-1
27381,1112,29,-1
27382,20,67,1
27383,1440,20979,-1
27384,1440,44,-1
27385,20,10,1
27386,1194,26,-1
27387,1440,406,-1
27388,1440,13,-1
27389,1194,3,-1
27390,20,28,1
27391,1440,63354,-1
27392,1440,41,-1
27393,20,14,1
27394,1194,39,-1
27395,1440,8,-1
27396,1276,14,-1
27397,20,25,1
27398,563,631,1
27399,20,138,-1
27400,1440,43313,-1
27401,1440,53,-1
27402,1194,5,-1
27403,1358,5,-1
27404,20,113,1
27405,563,353,1
27406,20,117,-1
27407,1440,19607,-1
27408,1276,75,-1
27409,20,21,1
27410,1440,46,-1
27411,1276,7,-1
27412,20,48,1
27413,1077,32356,1
27414,20,195,-1
27415,1440,16060,-1
27416,1440,43,-1
27417,1194,5,-1
27418,20,82,1
27419,1440,15018,-1
27420,1276,35,-1
27421,20,12,1
27422,1440,36,-1
27423,1276,7,-1
27424,1440,15,-1
27425,1276,4,-1
27426,20,16,1
27427,1077,18570,1
27428,20,134,-1
27429,1077,5578,1
27430,20,132,-1
27431,1440,28390,-1
27432,1440,106,-1
27433,1194,8,-1
27434,20,97,1
27435,1440,45308,-1
27436,1440,77,-1
27437,20,21,1
27438,1194,56,-1
27439,1440,19,-1
27440,1276,9,-1
27441,20,68,1
27442,1480,1020,1
27443,131,89,1
27444,20,84,-1
27445,563,319,1
27446,20,394,-1
27447,563,164,1
27448,20,371,-1
27449,563,1064,1
27450,20,169,-1
27451,563,400,1
27452,20,100,-1
27453,1440,27493,-1
27454,1440,43,-1
27455,1194,5,-1
27456,1440,3,-1
27457,1276,4,-1
27458,20,67,1
27459,563,963,1
27460,20,116,-1
27461,1358,50131,-1
27462,1440,119,-1
27463,1276,15,-1
27464,20,91,1
27465,1440,138,-1
27466,1440,14,-1
27467,1194,6,-1
27468,1358,5,-1
27469,1358,5,-1
27470,20,246,1
27471,1440,66269,-1
27472,1440,55,-1
27473,20,15,1
27474,1440,38,-1
27475,1112,13,-1
27476,20,58,1
27477,563,427,1
27478,20,113,-1
27479,1358,190,-1
27480,563,385,1
27481,20,160,-1
27482,1440,21314,-1
27483,1440,42,-1
27484,1440,15,-1
27485,1112,2,-1
27486,20,87,1
27487,1358,116,-1
27488,1440,37973,-1
27489,20,51,1
27490,1440,61,-1
27491,1440,8,-1
27492,1112,12,-1
27493,20,82,1
27494,563,1222,1
27495,20,73,-1
27496,1440,11084,-1
27497,1276,41,-1
27498,1440,130,-1
27499,20,0,1
27500,1440,15,-1
27501,1194,3,-1
27502,20,226,1
27503,1440,76957,-1
27504,1276,45,-1
27505,20,14,1
27506,1358,16,-1
27507,1358,18,-1
27508,20,76,1
27509,1440,37182,-1
27510,1276,42,-1
27511,20,21,1
27512,1440,17,-1
27513,1440,5,-1
27514,1194,4,-1
27515,1358,3,-1
27516,20,69,1
27517,563,470,1
27518,20,86,-1
27519,1440,13963,-1
27520,1440,48,-1
27521,20,11,1
27522,1440,25,-1
27523,1112,6,-1
27524,1440,4,-1
27525,1440,4,-1
27526,1194,2,-1
27527,20,26,1
27528,1440,76398,-1
27529,1440,46,-1
27530,20,13,1
27531,1440,34,-1
27532,1112,8,-1
27533,1358,4,-1
27534,20,51,1
27535,563,659,1
27536,20,159,-1
27537,1440,36103,-1
27538,1440,75,-1
27539,20,20,1
27540,1440,52,-1
27541,1112,13,-1
27542,20,109,1
27543,1440,14767,-1
27544,1440,64,-1
27545,20,21,1
27546,1440,46,-1
27547,1112,12,-1
27548,1440,8,-1
27549,1276,7,-1
27550,20,313,1
27551,563,128,1
27552,20,237,-1
27553,563,568,1
27554,20,142,-1
27555,563,484,1
27556,20,133,-1
27557,563,976,1
27558,20,128,-1
27559,1358,72634,-1
27560,1440,388,-1
27561,1440,14,-1
27562,1194,5,-1
27563,1440,5,-1
27564,1440,5,-1
27565,1440,5,-1
27566,1440,5,-1
27567,413,5,-1
27568,20,70,1
27569,563,1707,1
27570,20,193,-1
27571,563,5349,1
27572,20,593,-1
27573,563,25,1
27574,20,141,-1
27575,563,733,1
27576,20,164,-1
27577,563,511,1
27578,20,76,-1
27579,563,119,1
27580,20,111,-1
27581,1077,1135,1
27582,20,205,-1
27583,563,231,1
27584,20,92,-1
27585,563,865,1
27586,20,61,-1
27587,563,1610,1
27588,20,133,-1
27589,563,157200,-1
27590,1077,288,1
27591,20,182,-1
27592,1358,13694,-1
27593,563,349,1
27594,20,117,-1
27595,1358,1813,-1
27596,563,404,1
27597,20,96,-1
27598,1358,1240,-1
27599,1440,837,-1
27600,20,14,1
27601,1440,51,-1
27602,1194,19,-1
27603,20,61,1
27604,1440,41,-1
27605,1276,8,-1
27606,20,147,1
27607,1358,520,-1
27608,1358,998,-1
27609,20,15,1
27610,1440,2743,-1
27611,1276,25,-1
27612,20,10,1
27613,1440,15,-1
27614,1276,6,-1
27615,20,49,1
27616,563,399,1
27617,20,78,-1
27618,563,2488,1
27619,20,81,-1
27620,1077,1944,1
27621,20,134,-1
27622,1077,734,1
27623,20,68,-1
27624,1440,10632,-1
27625,1276,41,-1
27626,1440,5,-1
27627,1276,4,-1
27628,1440,4,-1
27629,1276,3,-1
27630,20,56,1
27631,563,699,1
27632,20,100,-1
27633,1440,106891,-1
27634,1440,55,-1
27635,1440,6,-1
27636,1112,5,-1
27637,1440,5,-1
27638,1440,5,-1
27639,1194,5,-1
27640,20,229,1
27641,1358,545,-1
27642,563,404,1
27643,20,61,-1
27644,1440,2774,-1
27645,1276,58,-1
27646,1440,16,-1
27647,1276,5,-1
27648,1358,4,-1
27649,1440,5,-1
27650,1276,5,-1
27651,1358,5,-1
27652,20,38,1
27653,1358,31120,-1
27654,1440,51,-1
27655,20,12,1
27656,1440,43,-1
27657,1440,9,-1
27658,1440,4,-1
27659,1440,14,-1
27660,948,4,-1
27661,20,22,1
27662,563,452,1
27663,20,468,-1
27664,1440,92202,-1
27665,1276,77,-1
27666,20,36,1
27667,1440,28,-1
27668,1276,22,-1
27669,1440,5,-1
27670,20,112,1
27671,1276,16,-1
27672,1440,7,-1
27673,1276,5,-1
27674,20,253,1
27675,1440,4209,-1
27676,1440,36,-1
27677,20,20,1
27678,1440,38,-1
27679,1440,8,-1
27680,1440,14,-1
27681,948,5,-1
27682,1358,13,-1
27683,20,18,1
27684,1358,157,-1
27685,1440,30362,-1
27686,20,46,1
27687,1440,53,-1
27688,1440,14,-1
27689,1112,6,-1
27690,1440,8,-1
27691,1276,40,-1
27692,1440,10,-1
27693,1276,6,-1
27694,20,60,1
27695,563,660,1
27696,20,102,-1
27697,563,798,1
27698,20,223,-1
27699,563,840,1
27700,20,144,-1
27701,1358,91262,-1
27702,1440,2784,-1
27703,20,19,1
27704,1440,36,-1
27705,1194,6,-1
27706,1440,4,-1
27707,1440,2,-1
27708,1194,4,-1
27709,1440,4,-1
27710,1440,2,-1
27711,1440,4,-1
27712,1440,3,-1
27713,1030,3,-1
27714,20,22,1
27715,1440,542,-1
27716,1276,8,-1
27717,20,6,1
27718,563,263,1
27719,20,124,-1
27720,1358,29857,-1
27721,1358,55,-1
27722,20,15,1
27723,1440,16,-1
27724,1276,6,-1
27725,1440,6,-1
27726,1440,5,-1
27727,1440,4,-1
27728,1112,5,-1
27729,20,37,1
27730,1440,78516,-1
27731,1440,45,-1
27732,20,20,1
27733,1440,24,-1
27734,1112,6,-1
27735,20,63,1
27736,1440,19201,-1
27737,1440,39,-1
27738,20,20,1
27739,1440,25,-1
27740,1112,5,-1
27741,1440,4,-1
27742,1440,2,-1
27743,1194,5,-1
27744,1358,3,-1
27745,20,25,1
27746,1440,687,-1
27747,1276,8,-1
27748,20,6,1
27749,1440,36,-1
27750,1276,8,-1
27751,1358,5,-1
27752,563,123,1
27753,20,45,-1
27754,563,372,1
27755,20,112,-1
27756,1440,29752,-1
27757,1440,44,-1
27758,20,10,1
27759,1440,30,-1
27760,1440,9,-1
27761,1030,6,-1
27762,1440,4,-1
27763,1440,4,-1
27764,1440,3,-1
27765,1440,4,-1
27766,1030,4,-1
27767,20,40,1
27768,1440,77750,-1
27769,1440,50,-1
27770,20,15,1
27771,1440,16,-1
27772,1112,8,-1
27773,1358,5,-1
27774,20,68,1
27775,563,344,1
27776,20,66,-1
27777,1440,19603,-1
27778,1440,45,-1
27779,20,11,1
27780,1194,25,-1
27781,1440,496,-1
27782,20,15,1
27783,1440,36,-1
27784,1440,15,-1
27785,1112,14,-1
27786,1440,4,-1
27787,1276,2,-1
27788,1358,4,-1
27789,1358,4,-1
27790,20,51,1
27791,1440,29159,-1
27792,1440,43,-1
27793,20,11,1
27794,1440,25,-1
27795,1112,7,-1
27796,1440,3,-1
27797,1276,4,-1
27798,1440,56,-1
27799,1276,6,-1
27800,20,2,1
27801,1358,66,-1
27802,20,180,1
27803,563,408,1
27804,20,93,-1
27805,1358,78066,-1
27806,1440,488,-1
27807,20,36,1
27808,1440,77,-1
27809,1440,16,-1
27810,1440,7,-1
27811,1030,8,-1
27812,1440,7,-1
27813,1276,8,-1
27814,1358,7,-1
27815,20,65,1
27816,563,1811,1
27817,20,248,-1
27818,1077,1260,1
27819,20,220,-1
27820,1440,16492,-1
27821,1440,37,-1
27822,1440,8,-1
27823,1112,6,-1
27824,1440,5,-1
27825,1440,5,-1
27826,1440,5,-1
27827,1440,6,-1
27828,1414,5,-1
27829,563,177,1
27830,20,82,-1
27831,1480,436,1
27832,131,118,1
27833,20,76,-1
27834,563,9708,1
27835,20,284,-1
27836,563,10957,1
27837,20,118,-1
27838,563,29,1
27839,20,64,-1
27840,563,1358,1
27841,20,125,-1
27842,563,384,1
27843,20,96,-1
27844,563,454,1
27845,20,108,-1
27846,563,286,1
27847,20,56,-1
27848,1077,12708,1
27849,20,241,-1
27850,1077,2542,1
27851,20,240,-1
27852,1480,5288,1
27853,131,84,1
27854,20,113,-1
27855,1077,10215,1
27856,20,192,-1
27857,1077,152,1
27858,20,72,-1
27859,563,109205,-1
27860,1480,1623,1
27861,645,81,1
27862,20,79,-1
27863,1440,12893,-1
27864,1276,46,-1
27865,20,102,1
27866,1358,2408,-1
27867,1358,133,-1
27868,20,11,1
27869,1358,323,-1
27870,1440,266,-1
27871,20,9,1
27872,1440,29,-1
27873,1194,15,-1
27874,20,41,1
27875,1358,1199,-1
27876,1077,10961,1
27877,20,192,-1
27878,1077,1111,1
27879,20,103,-1
27880,1077,3950,1
27881,20,173,-1
27882,1358,27169,-1
27883,1358,13826,-1
27884,20,82,1
27885,1358,40334,-1
27886,1358,14296,-1
27887,20,41,1
27888,52,15012,-1
27889,1358,20159,-1
27890,20,73,1
27891,1358,5074,-1
27892,1358,4635,-1
27893,20,30,1
27894,1480,12064,1
27895,131,103,1
27896,20,85,-1
27897,1077,276,1
27898,20,78,-1
27899,1077,1075,1
27900,20,182,-1
27901,1358,15701,-1
27902,563,2593,1
27903,20,525,-1
27904,563,1068,1
27905,20,249,-1
27906,641,66447,-1
27907,563,2765,1
27908,20,252,-1
27909,1077,12459,-1
27910,20,83,1
27911,1358,36716,-1
27912,20,37231,1
27913,1358,340,-1
27914,20,39811,1
27915,602,2267,-1
27916,20,294,1
27917,563,1645,1
27918,20,202,-1
27919,563,868,1
27920,20,122,-1
27921,563,10356,-1
27922,20,46,1
27923,1440,6338,-1
27924,1276,42,-1
27925,20,119,1
27926,1358,64,-1
27927,1358,7107,-1
27928,20,24,1
27929,1480,10306,1
27930,131,158,1
27931,20,175,-1
27932,1358,14725,-1
27933,563,1045,1
27934,1358,128,-1
27935,20,25,-1
27936,20,39194,1
27937,1358,16802,-1
27938,563,487,1
27939,20,89,-1
27940,563,1125,1
27941,20,155,-1
27942,563,84,1
27943,20,128,-1
27944,563,406,1
27945,20,129,-1
27946,563,689,1
27947,20,93,-1
27948,167,36844,-1
27949,20,38959,1
27950,1440,91886,-1
27951,1440,46,-1
27952,1194,6,-1
27953,20,101,1
27954,1077,221,1
27955,20,96,-1
27956,205,30456,-1
27957,563,5662,1
27958,20,142,-1
27959,563,78,1
27960,20,101,-1
27961,563,300,1
27962,20,133,-1
27963,563,128340,-1
27964,563,272,1
27965,20,101,-1
27966,1358,58271,-1
27967,563,463,1
27968,20,128,-1
27969,563,34,1
27970,20,97,-1
27971,1358,3244,-1
27972,563,1763,1
27973,20,160,-1
27974,1077,955,1
27975,20,200,-1
27976,1440,5430,-1
27977,1440,92,-1
27978,1194,15,-1
27979,20,191,1
27980,1440,339,-1
27981,1276,27,-1
27982,1358,11,-1
27983,20,31,1
27984,1440,652,-1
27985,1276,30,-1
27986,20,22,1
27987,1358,66,-1
27988,1440,306,-1
27989,20,24,1
27990,1440,60,-1
27991,1194,19,-1
27992,20,247,1
27993,1358,5066,-1
27994,1440,326,-1
27995,20,18,1
27996,1440,29,-1
27997,1194,9,-1
27998,1440,5,-1
27999,1276,34,-1
28000,20,23,1
28001,1358,1846,-1
28002,1440,263,-1
28003,20,15,1
28004,1276,25,-1
28005,563,48,1
28006,20,68,-1
28007,1440,90234,-1
28008,1276,58,-1
28009,20,16,1
28010,1358,43,-1
28011,1440,375,-1
28012,401,20,-1
28013,20,52,1
28014,563,2416,1
28015,20,1716,-1
28016,1077,14266,1
28017,20,179,-1
28018,563,110,1
28019,20,79,-1
28020,563,24754,1
28021,20,190,-1
28022,1077,3051,1
28023,20,132,-1
28024,563,81812,-1
28025,1077,2130,1
28026,20,133,-1
28027,1480,988,1
28028,131,96,1
28029,20,68,-1
28030,1358,938,-1
28031,1440,4369,-1
28032,20,48,1
28033,1276,65,-1
28034,1440,7963,-1
28035,20,34,1
28036,1276,47,-1
28037,1358,508,-1
28038,20,60,1
28039,563,7023,1
28040,20,174,-1
28041,563,118,1
28042,20,193,-1
28043,1358,73951,-1
28044,1440,822,-1
28045,1276,37,-1
28046,20,307,1
28047,1358,7169,-1
28048,1358,2918,-1
28049,20,47,1
28050,1358,1110,-1
28051,1358,325,-1
28052,20,81,1
28053,563,1317,1
28054,20,65,-1
28055,1077,241,1
28056,20,88,-1
28057,1022,18986,-1
28058,563,447,1
28059,20,138,-1
28060,563,33565,1
28061,20,170,-1
28062,1077,26499,1
28063,20,142,-1
28064,1077,10596,1
28065,20,171,-1
28066,1358,1368,-1
28067,563,1646,1
28068,20,91,-1
28069,563,248,1
28070,20,67,-1
28071,563,105,1
28072,20,89,-1
28073,1358,1106,-1
28074,563,841,1
28075,20,116,-1
28076,563,612,1
28077,20,138,-1
28078,563,413,1
28079,20,97,-1
28080,1358,2290,-1
28081,1358,3077,-1
28082,20,84,1
28083,1358,18993,-1
28084,20,37822,1
28085,1358,2771,-1
28086,563,1981,1
28087,20,86,-1
28088,563,110,1
28089,20,70,-1
28090,1077,8941,1
28091,20,216,-1
28092,1077,1145,1
28093,20,198,-1
28094,1136,5824,-1
28095,563,2749,1
28096,20,222,-1
28097,563,171,1
28098,20,226,-1
28099,1358,65446,-1
28100,1358,5589,-1
28101,20,96,1
28102,563,289,1
28103,20,110,-1
28104,1145,56343,-1
28105,563,345,1
28106,20,173,-1
28107,563,1848,1
28108,20,239,-1
28109,563,838,1
28110,20,110,-1
28111,563,1240,1
28112,20,149,-1
28113,1440,28121,-1
28114,1440,52,-1
28115,1194,8,-1
28116,20,79,1
28117,1440,4018,-1
28118,1440,200,-1
28119,20,19,1
28120,1194,30,-1
28121,1440,12351,-1
28122,20,36,1
28123,1276,38,-1
28124,1358,7,-1
28125,20,84,1
28126,1440,5863,-1
28127,1276,22,-1
28128,20,8,1
28129,1358,152,-1
28130,1440,2375,-1
28131,20,15,1
28132,1276,30,-1
28133,1440,1884,-1
28134,20,31,1
28135,1440,29,-1
28136,1194,5,-1
28137,20,26,1
28138,1440,2631,-1
28139,1276,26,-1
28140,20,17,1
28141,563,246,1
28142,20,126,-1
28143,1358,18428,-1
28144,563,2339,1
28145,20,118,-1
28146,1358,1051,-1
28147,1077,428,1
28148,20,168,-1
28149,563,35932,-1
28150,20,74,1
28151,1358,5698,-1
28152,1077,358,1
28153,20,123,-1
28154,947,3298,-1
28155,20,39944,1
28156,1358,17767,-1
28157,1077,780,1
28158,20,198,-1
28159,1358,36103,-1
28160,563,23590,-1
28161,20,36,1
28162,20,13478,1
28163,602,32635,-1
28164,20,849,1
28165,563,522,1
28166,20,166,-1
28167,1106,128695,-1
28168,563,1312,1
28169,20,102,-1
28170,1077,803,1
28171,20,113,-1
28172,563,150846,-1
28173,1440,435,-1
28174,20,47,1
28175,1276,48,-1
28176,20,39543,1
28177,1358,10561,-1
28178,20,955,1
28179,563,7703,1
28180,20,182,-1
28181,563,605,1
28182,20,123,-1
28183,1077,293,1
28184,20,187,-1
28185,748,68361,-1
28186,1480,32982,1
28187,645,110,1
28188,20,73,-1
28189,1358,37106,-1
28190,20,36623,1
28191,1358,93,-1
28192,563,950,1
28193,20,111,-1
28194,1077,5197,1
28195,20,142,-1
28196,1077,489,1
28197,20,107,-1
28198,30,14451,-1
28199,20,37932,1
28200,1106,90244,-1
28201,20,211,1
28202,563,828,1
28203,20,124,-1
28204,1077,2748,1
28205,20,105,-1
28206,1440,103600,-1
28207,1440,50,-1
28208,1440,9,-1
28209,1112,5,-1
28210,1358,5,-1
28211,20,114,1
28212,1358,496,-1
28213,1440,1367,-1
28214,20,224,1
28215,1276,107,-1
28216,563,780,1
28217,20,424,-1
28218,1358,848,-1
28219,1440,507,-1
28220,20,11,1
28221,1440,37,-1
28222,1194,8,-1
28223,20,60,1
28224,1440,644,-1
28225,1276,20,-1
28226,20,16,1
28227,1440,1610,-1
28228,1440,29,-1
28229,20,9,1
28230,1194,62,-1
28231,1440,5,-1
28232,1440,4,-1
28233,1440,2,-1
28234,1440,4,-1
28235,1440,4,-1
28236,1440,3,-1
28237,866,3,-1
28238,20,154,1
28239,563,340,1
28240,20,144,-1
28241,1358,15064,-1
28242,1440,46,-1
28243,20,10,1
28244,1440,31,-1
28245,1376,8,-1
28246,20,46,1
28247,563,1523,1
28248,20,97,-1
28249,1077,56839,1
28250,20,151,-1
28251,563,69494,-1
28252,563,1909,1
28253,20,138,-1
28254,563,126368,-1
28255,20,38423,1
28256,1440,3287,-1
28257,1276,88,-1
28258,20,239,1
28259,563,3402,1
28260,20,255,-1
28261,515,82551,-1
28262,563,1671,1
28263,20,128,-1
28264,1077,14495,1
28265,20,138,-1
28266,563,113039,-1
28267,1077,335,1
28268,20,96,-1
28269,563,128371,-1
28270,563,275,1
28271,20,78,-1
28272,563,1235,1
28273,20,120,-1
28274,1358,69927,-1
28275,1358,890,-1
28276,20,193,1
28277,1440,1197,-1
28278,1276,51,-1
28279,20,20,1
28280,1440,641,-1
28281,1276,54,-1
28282,20,19,1
28283,1358,25,-1
28284,563,1299,1
28285,20,178,-1
28286,1440,344,-1
28287,1440,60,-1
28288,1440,14,-1
28289,1112,10,-1
28290,1440,11,-1
28291,1276,11,-1
28292,20,92,1
28293,563,810,1
28294,20,231,-1
28295,1358,994,-1
28296,1440,222,-1
28297,20,25,1
28298,1276,122,-1
28299,1440,337,-1
28300,1276,28,-1
28301,1358,12,-1
28302,20,347,1
28303,1440,200,-1
28304,1276,16,-1
28305,20,20,1
28306,1440,356,-1
28307,1440,29,-1
28308,1194,11,-1
28309,20,94,1
28310,563,637,1
28311,20,397,-1
28312,1239,49427,-1
28313,563,844,1
28314,20,101,-1
28315,563,135274,-1
28316,1440,4728,-1
28317,20,37,1
28318,1276,41,-1
28319,1358,8921,-1
28320,20,44,1
28321,1262,114758,-1
28322,563,7045,1
28323,20,201,-1
28324,563,365,1
28325,20,124,-1
28326,1077,1085,1
28327,20,218,-1
28328,563,152944,-1
28329,1077,1677,1
28330,20,164,-1
28331,563,167165,-1
28332,20,36458,1
28333,563,142802,-1
28334,20,37312,1
28335,1358,7125,-1
28336,1077,6238,1
28337,20,375,-1
28338,311,122155,-1
28339,563,1083,1
28340,20,149,-1
28341,1077,66801,1
28342,20,1368,-1
28343,1077,25734,1
28344,20,162,-1
28345,1077,252,1
28346,20,97,-1
28347,1077,84,1
28348,20,73,-1
28349,563,75669,-1
28350,563,933,1
28351,20,80,-1
28352,1358,90806,-1
28353,1440,42,-1
28354,1276,15,-1
28355,1358,4,-1
28356,1358,3,-1
28357,1440,3,-1
28358,1276,4,-1
28359,1358,3,-1
28360,20,75,1
28361,563,493,1
28362,20,93,-1
28363,1440,1115,-1
28364,1440,23,-1
28365,20,17,1
28366,1194,13,-1
28367,1440,5,-1
28368,1276,3,-1
28369,20,25,1
28370,1440,888,-1
28371,1440,12,-1
28372,1194,3,-1
28373,1440,12,-1
28374,1440,3,-1
28375,1194,4,-1
28376,1358,59,-1
28377,20,70,1
28378,1440,2693,-1
28379,1440,24,-1
28380,20,8,1
28381,1194,30,-1
28382,1440,4,-1
28383,1276,4,-1
28384,20,5,1
28385,1077,344,1
28386,20,107,-1
28387,1440,6306,-1
28388,1276,31,-1
28389,20,61,1
28390,1358,846,-1
28391,563,944,1
28392,20,93,-1
28393,1440,22233,-1
28394,780,45,-1
28395,20,94,1
28396,563,950,1
28397,20,84,-1
28398,1440,85519,-1
28399,1440,50,-1
28400,1440,5,-1
28401,1440,3,-1
28402,1440,4,-1
28403,948,4,-1
28404,1358,4,-1
28405,1358,103,-1
28406,20,37,1
28407,1440,6599,-1
28408,1276,44,-1
28409,20,12,1
28410,1440,141,-1
28411,1440,13,-1
28412,1440,5,-1
28413,1440,4,-1
28414,1030,4,-1
28415,1440,3,-1
28416,1276,5,-1
28417,1440,5,-1
28418,1276,4,-1
28419,20,128,1
28420,563,335,1
28421,20,200,-1
28422,563,1810,1
28423,20,164,-1
28424,762,32356,-1
28425,563,1292,1
28426,20,149,-1
28427,563,166735,-1
28428,563,413,1
28429,20,135,-1
28430,563,176664,-1
28431,20,37302,1
28432,1440,89867,-1
28433,1276,94,-1
28434,20,226,1
28435,1358,7771,-1
28436,20,628,1
28437,563,13862,1
28438,20,309,-1
28439,205,17826,-1
28440,563,6493,1
28441,20,81,-1
28442,1077,152,1
28443,20,93,-1
28444,563,185863,-1
28445,20,36216,1
28446,1440,115911,-1
28447,1440,47,-1
28448,1194,6,-1
28449,20,95,1
28450,1440,1720,-1
28451,1440,46,-1
28452,20,12,1
28453,1194,33,-1
28454,20,273,1
28455,1440,1968,-1
28456,1440,100,-1
28457,1194,24,-1
28458,20,180,1
28459,1358,967,-1
28460,1440,450,-1
28461,20,30,1
28462,1276,180,-1
28463,563,473,1
28464,20,341,-1
28465,1358,426,-1
28466,1358,1116,-1
28467,20,29,1
28468,1358,90,-1
28469,1440,173,-1
28470,1276,15,-1
28471,20,72,1
28472,238,35187,-1
28473,563,338,1
28474,20,237,-1
28475,563,869,1
28476,20,148,-1
28477,1077,26727,1
28478,20,147,-1
28479,563,133403,1
28480,20,136,-1
28481,1480,115297,1
28482,131,206,1
28483,20,93,-1
28484,1077,111,1
28485,20,70,-1
28486,563,13970,-1
28487,1480,16968,1
28488,131,118,1
28489,20,355,-1
28490,1077,27973,1
28491,20,118,-1
28492,1106,100883,-1
28493,563,3441,1
28494,20,230,-1
28495,1358,84583,-1
28496,20,37595,1
28497,1440,2068,-1
28498,20,43,1
28499,1276,50,-1
28500,20,12,1
28501,1358,1002,-1
28502,20,20,1
28503,1358,1125,-1
28504,20,21,1
28505,1358,83,-1
28506,20,12,1
28507,563,1437,1
28508,20,228,-1
28509,1358,6237,-1
28510,1440,2094,-1
28511,1276,23,-1
28512,20,66,1
28513,691,40343,-1
28514,563,3960,1
28515,20,103,-1
28516,1358,69581,-1
28517,20,38944,1
28518,1358,31846,-1
28519,20,36,1
28520,1440,884,-1
28521,20,26,1
28522,1276,20,-1
28523,1358,7,-1
28524,20,530,1
28525,563,329,1
28526,20,144,-1
28527,563,185,1
28528,20,113,-1
28529,1358,1860,-1
28530,1358,22,-1
28531,1358,13,-1
28532,20,66,1
28533,1358,4718,-1
28534,563,313,1
28535,20,191,-1
28536,633,18413,-1
28537,20,36317,1
28538,563,19857,1
28539,20,396,-1
28540,563,110346,-1
28541,20,415,1
28542,1106,131347,-1
28543,20,290,1
28544,1077,105,1
28545,20,92,-1
28546,563,130070,-1
28547,563,284,1
28548,20,97,-1
28549,563,130064,-1
28550,1440,23652,-1
28551,1276,138,-1
28552,20,349,1
28553,1358,47381,-1
28554,563,5321,1
28555,20,127,-1
28556,563,301,1
28557,20,76,-1
28558,563,434,1
28559,20,178,-1
28560,1291,74755,-1
28561,20,39905,1
28562,1480,50089,1
28563,131,413,1
28564,20,308,-1
28565,1106,79630,-1
28566,20,219,1
28567,563,2343818,-1
28568,20,149,1
28569,563,1572360,1
28570,20,151,-1
28571,1077,740,1
28572,20,102,-1
28573,1077,11116,1
28574,20,153,-1
28575,563,291687,-1
28576,20,69,1
28577,1440,866,-1
28578,20,16,1
28579,1440,41,-1
28580,20,11,1
28581,1194,20,-1
28582,20,9,1
28583,1440,16,-1
28584,20,7,1
28585,1276,12,-1
28586,20,8,1
28587,1358,3220,-1
28588,20,15,1
28589,1440,7937,-1
28590,20,15,1
28591,1440,31,-1
28592,20,10,1
28593,1194,20,-1
28594,20,10,1
28595,1358,117881,-1
28596,20,36,1
28597,563,234,1
28598,20,188,-1
28599,1440,12,-1
28600,1440,15,-1
28601,1081,3,-1
28602,20,46,1
28603,563,960,1
28604,20,77,-1
28605,563,564145,1
28606,20,180,-1
28607,1480,5796507,1
28608,131,41,1
28609,20,162,-1
28610,563,294358,-1
28611,20,58,1
28612,1358,116775,-1
28613,20,41,1
28614,253,12228,-1
28615,20,36,1
28616,563,128022,-1
28617,20,63,1
28618,1077,10950443,1
28619,20,169,-1
28620,1480,5607,1
28621,131,92,1
28622,20,85,-1
28623,563,211315,-1
28624,20,37340,1
28625,563,130597,-1
28626,20,54,1
28627,563,1293,1
28628,20,111,-1
28629,1358,49504,-1
28630,563,2430,1
28631,20,70,-1
28632,563,101,1
28633,20,60,-1
28634,282,74403,-1
28635,20,37329,1
28636,563,90932,-1
28637,20,47,1
28638,563,298,1
28639,20,84,-1
28640,1106,129961,-1
28641,1480,2324,1
28642,1480,121,1
28643,20,187,-1
28644,1201,97,1
28645,20,87,-1
28646,1480,182,1
28647,1480,113,1
28648,20,74,-1
28649,1201,93,1
28650,20,66,-1
28651,129,87,1
28652,20,57,-1
28653,1358,19402,-1
28654,20,41626,1
28655,1310,66868,-1
28656,20,139,1
28657,563,1894,1
28658,20,77,-1
28659,1077,1512,1
28660,20,98,-1
28661,563,163498,-1
28662,20,39545,1
28663,563,138188,-1
28664,20,37837,1
28665,563,127382,-1
28666,563,1394,1
28667,20,128,-1
28668,563,164596,-1
28669,563,279,1
28670,20,128,-1
28671,563,116748,1
28672,20,115,-1
28673,563,41292,-1
28674,1358,60,-1
28675,20,110,1
28676,1358,52423,-1
28677,1358,205,-1
28678,20,30,1
28679,1358,906,-1
28680,1358,160,-1
28681,20,23,1
28682,1440,6055,-1
28683,1440,38,-1
28684,20,12,1
28685,1194,28,-1
28686,1077,32342,1
28687,20,118,-1
28688,1480,30056,1
28689,1480,91,1
28690,20,49,-1
28691,727,48,1
28692,20,42,-1
28693,563,575,1
28694,20,48,-1
28695,1440,5043,-1
28696,1276,28,-1
28697,20,66,1
28698,1358,87,-1
28699,1077,3314,1
28700,20,66,-1
28701,1480,4410,1
28702,131,33,1
28703,20,85,-1
28704,1077,2909,1
28705,20,97,-1
28706,1077,5187,1
28707,20,68,-1
28708,563,9377,1
28709,20,129,-1
28710,1440,27986,-1
28711,678,54,-1
28712,20,104,1
28713,563,129375,-1
28714,1077,285,1
28715,20,82,-1
28716,1358,26184,-1
28717,1358,29388,-1
28718,20,37,1
28719,1440,6584,-1
28720,1276,25,-1
28721,20,66,1
28722,1358,916,-1
28723,1440,94,-1
28724,20,27,1
28725,1276,21,-1
28726,1358,8,-1
28727,1440,56,-1
28728,1276,17,-1
28729,20,389,1
28730,563,376,1
28731,20,73,-1
28732,1440,15988,-1
28733,1440,53,-1
28734,20,30,1
28735,1194,56,-1
28736,563,777,1
28737,20,138,-1
28738,1440,109347,-1
28739,1440,47,-1
28740,1194,8,-1
28741,1440,6,-1
28742,1440,4,-1
28743,1194,3,-1
28744,1358,4,-1
28745,20,72,1
28746,1358,708,-1
28747,1440,158,-1
28748,20,10,1
28749,894,25,-1
28750,563,465,1
28751,20,80,-1
28752,1358,124073,-1
28753,563,1504,1
28754,20,95,-1
28755,563,1538,1
28756,20,60,-1
28757,1077,842,1
28758,20,202,-1
28759,563,559,1
28760,20,211,-1
28761,563,540,1
28762,20,239,-1
28763,563,277,1
28764,20,59,-1
28765,563,97,1
28766,20,76,-1
28767,311,81,-1
28768,563,128,1
28769,20,58,-1
28770,1480,973,1
28771,1480,151,1
28772,213,23,1
28773,20,45,-1
28774,20,15,-1
28775,563,145668,-1
28776,1480,554,1
28777,1480,54,1
28778,1201,38,1
28779,20,52,-1
28780,20,21,-1
28781,1480,12,1
28782,1480,17,1
28783,1201,34,1
28784,20,61,-1
28785,20,16,-1
28786,129,9,1
28787,20,62,-1
28788,1440,9560,-1
28789,1276,22,-1
28790,20,113,1
28791,1480,678,1
28792,1480,57,1
28793,1201,17,1
28794,20,82,-1
28795,20,13,-1
28796,1480,5,1
28797,1480,25,1
28798,1201,36,1
28799,20,36,-1
28800,20,9,-1
28801,129,9,1
28802,20,50,-1
28803,1480,270,1
28804,1480,43,1
28805,1201,26,1
28806,20,40,-1
28807,20,10,-1
28808,1480,17,1
28809,1480,19,1
28810,1201,28,1
28811,20,40,-1
28812,20,8,-1
28813,129,6,1
28814,20,50,-1
28815,1480,41,1
28816,1480,36,1
28817,1201,24,1
28818,20,38,-1
28819,20,8,-1
28820,1480,20,1
28821,1480,18,1
28822,1201,41,1
28823,20,38,-1
28824,20,7,-1
28825,129,8,1
28826,20,80,-1
28827,1358,7229,-1
28828,1440,381,-1
28829,1276,10,-1
28830,20,30,1
28831,1480,426,1
28832,1480,45,1
28833,1201,23,1
28834,20,33,-1
28835,20,15,-1
28836,1480,51,1
28837,1480,30,1
28838,1201,30,1
28839,20,39,-1
28840,20,8,-1
28841,129,8,1
28842,20,50,-1
28843,1480,24,1
28844,1480,28,1
28845,1201,25,1
28846,20,46,-1
28847,20,7,-1
28848,1480,24,1
28849,1480,36,1
28850,1201,31,1
28851,20,38,-1
28852,20,7,-1
28853,129,8,1
28854,20,72,-1
28855,1358,60611,-1
28856,563,4153,1
28857,20,71,-1
28858,1480,401,1
28859,645,73,1
28860,20,56,-1
28861,506,42652,-1
28862,563,819,1
28863,20,152,-1
28864,563,163246,-1
28865,20,39292,1
28866,563,101419,-1
28867,1480,1530,1
28868,1480,92,1
28869,1201,27,1
28870,20,51,-1
28871,20,28,-1
28872,1480,101,1
28873,1480,70,1
28874,20,60,-1
28875,1201,61,1
28876,20,144,-1
28877,129,14,1
28878,20,60,-1
28879,1106,127959,-1
28880,1480,2043,1
28881,1480,34,1
28882,20,89,-1
28883,1201,36,1
28884,20,56,-1
28885,1480,138,1
28886,1480,76,1
28887,1201,62,1
28888,20,407,-1
28889,20,25,-1
28890,1480,50,1
28891,1480,77,1
28892,20,66,-1
28893,1201,71,1
28894,20,67,-1
28895,1480,236,1
28896,1480,77,1
28897,20,78,-1
28898,1201,30,1
28899,20,47,-1
28900,209,77,1
28901,20,56,-1
28902,1358,64949,-1
28903,20,39520,1
28904,1358,15193,-1
28905,563,1698,1
28906,20,78,-1
28907,1480,174,1
28908,1480,75,1
28909,20,53,-1
28910,1201,47,1
28911,20,48,-1
28912,1480,99,1
28913,1480,64,1
28914,20,49,-1
28915,1201,46,1
28916,20,42,-1
28917,129,54,1
28918,20,53,-1
28919,59,2026,-1
28920,1480,1220,1
28921,1480,68,1
28922,20,56,-1
28923,1201,60,1
28924,20,46,-1
28925,1480,106,1
28926,1480,57,1
28927,20,53,-1
28928,1201,55,1
28929,20,46,-1
28930,129,66,1
28931,20,55,-1
28932,1358,55243,-1
28933,1480,1978,1
28934,1480,30,1
28935,20,77,-1
28936,1201,32,1
28937,20,43,-1
28938,1480,114,1
28939,1480,23,1
28940,20,106,-1
28941,1201,65,1
28942,20,54,-1
28943,129,75,1
28944,20,54,-1
28945,1480,156,1
28946,1480,30,1
28947,20,106,-1
28948,1201,25,1
28949,20,77,-1
28950,1480,86,1
28951,1480,25,1
28952,20,63,-1
28953,1201,25,1
28954,20,35,-1
28955,129,66,1
28956,20,46,-1
28957,854,70896,-1
28958,1480,1466,1
28959,1480,29,1
28960,1201,51,1
28961,20,64,-1
28962,20,18,-1
28963,1480,68,1
28964,1480,61,1
28965,1201,67,1
28966,20,257,-1
28967,20,12,-1
28968,129,10,1
28969,20,55,-1
28970,1358,64328,-1
28971,1480,2529,1
28972,1480,101,1
28973,20,97,-1
28974,1201,46,1
28975,20,45,-1
28976,1480,123,1
28977,1480,64,1
28978,20,53,-1
28979,1201,55,1
28980,20,56,-1
28981,129,68,1
28982,20,50,-1
28983,1480,143,1
28984,1480,67,1
28985,20,52,-1
28986,1201,55,1
28987,20,66,-1
28988,1480,108,1
28989,1480,66,1
28990,20,54,-1
28991,1201,54,1
28992,20,52,-1
28993,129,65,1
28994,20,53,-1
28995,311,58228,-1
28996,1480,1376,1
28997,1480,87,1
28998,20,80,-1
28999,1201,79,1
29000,20,84,-1
29001,1480,68,1
29002,1480,64,1
29003,20,76,-1
29004,1201,28,1
29005,20,42,-1
29006,129,67,1
29007,20,50,-1
29008,1358,119476,-1
29009,1480,3012,1
29010,1480,94,1
29011,20,59,-1
29012,1201,60,1
29013,20,55,-1
29014,1480,111,1
29015,1480,66,1
29016,20,60,-1
29017,1201,57,1
29018,20,54,-1
29019,1480,108,1
29020,1480,64,1
29021,20,54,-1
29022,1201,57,1
29023,20,55,-1
29024,1480,133,1
29025,1480,85,1
29026,20,58,-1
29027,1201,56,1
29028,20,72,-1
29029,209,72,1
29030,20,56,-1
29031,311,3329,-1
29032,1358,29032,-1
29033,20,157,1
29034,854,102834,-1
29035,20,38454,1
29036,1358,25167,-1
29037,20,38382,1
29038,311,25769,-1
29039,20,154,1
29040,563,724237,-1
29041,20,36,1
29042,563,1643,1
29043,20,102,-1
29044,1077,126685,-1
29045,20,37332,1
29046,563,193789,-1
29047,20,61,1
29048,563,283,1
29049,20,93,-1
29050,563,153735,-1
29051,1440,44,-1
29052,1276,15,-1
29053,20,92,1
29054,1358,5280,-1
29055,20,38089,1
29056,1291,85626,-1
29057,20,52,1
29058,563,4177,1
29059,20,157,-1
29060,1480,818,1
29061,1480,96,1
29062,20,92,-1
29063,1201,74,1
29064,20,75,-1
29065,1480,140,1
29066,1480,87,1
29067,20,85,-1
29068,1201,63,1
29069,20,52,-1
29070,129,77,1
29071,20,51,-1
29072,563,150424,-1
29073,20,37877,1
29074,563,853729,-1
29075,20,62,1
29076,1358,458,-1
29077,20,11,1
29078,563,108052,1
29079,20,141,-1
29080,1077,17678,1
29081,20,109,-1
29082,1077,95,1
29083,20,92,-1
29084,767,1446,-1
29085,20,25,1
29086,1480,3590,1
29087,1480,30,1
29088,1201,51,1
29089,20,46,-1
29090,20,39,-1
29091,1480,170,1
29092,1480,88,1
29093,20,103,-1
29094,1201,38,1
29095,20,44,-1
29096,1480,113,1
29097,1480,66,1
29098,20,54,-1
29099,1201,54,1
29100,20,55,-1
29101,1480,108,1
29102,1480,62,1
29103,20,53,-1
29104,1201,54,1
29105,20,53,-1
29106,209,69,1
29107,20,54,-1
29108,1480,164,1
29109,1480,66,1
29110,20,52,-1
29111,1201,56,1
29112,20,171,-1
29113,1480,107,1
29114,1480,61,1
29115,20,51,-1
29116,1201,56,1
29117,20,51,-1
29118,1480,105,1
29119,1480,61,1
29120,20,53,-1
29121,1201,55,1
29122,20,51,-1
29123,1480,106,1
29124,1480,61,1
29125,20,80,-1
29126,1201,26,1
29127,20,41,-1
29128,209,67,1
29129,20,51,-1
29130,563,466,1
29131,20,57,-1
29132,1077,61680,1
29133,20,118,-1
29134,1077,278,1
29135,20,282,-1
29136,1077,524,1
29137,20,198,-1
29138,1077,719,1
29139,20,272,-1
29140,1077,170,1
29141,20,159,-1
29142,1077,455,1
29143,20,92,-1
29144,563,11418,1
29145,20,105,-1
29146,563,1293,1
29147,20,78,-1
29148,1480,258,1
29149,1480,72,1
29150,20,48,-1
29151,1201,25,1
29152,20,176,-1
29153,1480,73,1
29154,1480,61,1
29155,1201,60,1
29156,20,48,-1
29157,20,45,-1
29158,1480,78,1
29159,1480,65,1
29160,20,56,-1
29161,1201,56,1
29162,20,50,-1
29163,1480,93,1
29164,1480,94,1
29165,20,66,-1
29166,1201,67,1
29167,20,68,-1
29168,209,109,1
29169,20,79,-1
29170,1077,149,1
29171,20,71,-1
29172,563,211,1
29173,20,54,-1
29174,563,64102,-1
29175,20,38247,1
29176,1358,63467,-1
29177,1077,555,1
29178,20,206,-1
29179,1358,26643,-1
29180,1440,13639,-1
29181,20,42,1
29182,1440,46,-1
29183,1194,18,-1
29184,1358,5,-1
29185,20,82,1
29186,1358,11906,-1
29187,1358,61,-1
29188,20,23,1
29189,1358,9708,-1
29190,1440,48,-1
29191,20,13,1
29192,1276,29,-1
29193,20,37502,1
29194,1186,30508,-1
29195,20,479,1
29196,1440,37184,-1
29197,1276,45,-1
29198,20,97,1
29199,1358,29238,-1
29200,20,370,1
29201,1358,3202,-1
29202,1077,5302,1
29203,20,206,-1
29204,1077,396,1
29205,20,128,-1
29206,1077,1399,1
29207,20,334,-1
29208,563,149,1
29209,20,74,-1
29210,1126,87609,-1
29211,563,1332,1
29212,20,121,-1
29213,1480,1602,1
29214,1480,30,1
29215,20,92,-1
29216,1201,33,1
29217,20,46,-1
29218,1480,108,1
29219,1480,24,1
29220,20,41,-1
29221,1201,46,1
29222,20,85,-1
29223,129,58,1
29224,20,97,-1
29225,1358,993,-1
29226,20,38089,1
29227,1358,28376,-1
29228,563,1397,1
29229,20,118,-1
29230,1358,51402,-1
29231,563,1521,1
29232,20,71,-1
29233,563,1019,1
29234,20,94,-1
29235,563,1075,1
29236,20,66,-1
29237,263,3383,-1
29238,20,39453,1
29239,1358,11710,-1
29240,1077,387,1
29241,20,216,-1
29242,1358,73122,-1
29243,563,22501,1
29244,20,185,-1
29245,59,18330,-1
29246,20,37513,1
29247,1358,29015,-1
29248,20,39000,1
29249,563,28264,1
29250,20,201,-1
29251,311,8034,-1
29252,20,39484,1
29253,1358,73395,-1
29254,1440,159,-1
29255,1276,12,-1
29256,20,79,1
29257,1358,3577,-1
29258,20,430,1
29259,1010,10995,-1
29260,20,84,1
29261,1077,4019,1
29262,20,97,-1
29263,1358,19699,-1
29264,1440,6930,-1
29265,20,42,1
29266,1276,45,-1
29267,20,36442,1
29268,1077,29418,1
29269,20,118,-1
29270,563,87,1
29271,20,126,-1
29272,234,31840,-1
29273,20,130,1
29274,563,222,1
29275,20,58,-1
29276,563,5073,1
29277,20,178,-1
29278,1077,247,1
29279,20,113,-1
29280,563,127384,-1
29281,20,36468,1
29282,1358,36020,-1
29283,20,220,1
29284,796,94354,-1
29285,20,128,1
29286,1077,14294,1
29287,20,129,-1
29288,1480,422,1
29289,131,25,1
29290,20,51,-1
29291,563,342,1
29292,20,253,-1
29293,1358,12808,-1
29294,20,36938,1
29295,1358,20175,-1
29296,563,6268,1
29297,20,116,-1
29298,563,300,1
29299,20,125,-1
29300,544,35911,-1
29301,563,946,1
29302,20,90,-1
29303,1358,2743,-1
29304,563,1827,1
29305,20,105,-1
29306,563,52,1
29307,20,57,-1
29308,825,126006,-1
29309,20,37298,1
29310,1077,9676,1
29311,20,254,-1
29312,1440,43040,-1
29313,1276,44,-1
29314,20,102,1
29315,563,2272,1
29316,20,113,-1
29317,563,241,1
29318,20,74,-1
29319,563,411,1
29320,20,113,-1
29321,563,102,1
29322,20,102,-1
29323,1077,46866,1
29324,20,168,-1
29325,563,129,1
29326,20,75,-1
29327,1480,2377,1
29328,1480,88,1
29329,20,55,-1
29330,1201,82,1
29331,20,61,-1
29332,1480,134,1
29333,1480,69,1
29334,20,52,-1
29335,1201,57,1
29336,20,48,-1
29337,643,84,1
29338,20,66,-1
29339,1480,194,1
29340,1480,66,1
29341,20,44,-1
29342,1201,46,1
29343,20,43,-1
29344,1480,93,1
29345,1480,24,1
29346,20,64,-1
29347,1201,54,1
29348,20,51,-1
29349,1157,78,1
29350,20,93,-1
29351,1480,15655,1
29352,1480,50,1
29353,1201,92,1
29354,20,63,-1
29355,20,28,-1
29356,1480,130,1
29357,1480,31,1
29358,20,94,-1
29359,1201,39,1
29360,20,45,-1
29361,643,91,1
29362,20,59,-1
29363,1480,9185,1
29364,1480,100,1
29365,20,68,-1
29366,1201,76,1
29367,20,69,-1
29368,1480,149,1
29369,1480,77,1
29370,20,59,-1
29371,1201,72,1
29372,20,62,-1
29373,1480,143,1
29374,1480,77,1
29375,20,107,-1
29376,1201,75,1
29377,20,60,-1
29378,1480,142,1
29379,1480,94,1
29380,20,80,-1
29381,1201,36,1
29382,20,46,-1
29383,209,186,1
29384,20,59,-1
29385,1480,213,1
29386,1480,71,1
29387,20,61,-1
29388,1041,74,1
29389,20,71,-1
29390,1480,143,1
29391,1480,123,1
29392,20,149,-1
29393,1201,86,1
29394,20,57,-1
29395,1480,122,1
29396,1480,70,1
29397,20,58,-1
29398,1201,60,1
29399,20,57,-1
29400,843,96,1
29401,20,60,-1
29402,1480,212,1
29403,131,73,1
29404,20,60,-1
29405,1480,133,1
29406,131,185,1
29407,20,59,-1
29408,1480,185,1
29409,131,25,1
29410,20,49,-1
29411,1480,292,1
29412,131,83,1
29413,20,61,-1
29414,1116,2228,-1
29415,1480,15347,1
29416,131,123,1
29417,20,77,-1
29418,1077,12722,1
29419,20,124,-1
29420,1077,38498,1
29421,20,135,-1
29422,1358,53406,-1
29423,563,394,1
29424,20,118,-1
29425,311,7533,-1
29426,1480,1627,1
29427,1480,118,1
29428,20,106,-1
29429,1201,72,1
29430,20,89,-1
29431,1480,139,1
29432,1480,92,1
29433,20,92,-1
29434,1201,87,1
29435,20,70,-1
29436,643,64,1
29437,20,61,-1
29438,1358,10290,-1
29439,1480,836,1
29440,1480,51,1
29441,1201,25,1
29442,1480,113,1
29443,20,7,-1
29444,20,16,-1
29445,1480,1,1
29446,1201,43,1
29447,20,253,-1
29448,20,16,-1
29449,1186,14,1
29450,20,67,-1
29451,563,2617,1
29452,20,118,-1
29453,1480,12781,1
29454,131,62,1
29455,20,121,-1
29456,1358,38023,-1
29457,1480,792,1
29458,1480,36,1
29459,20,85,-1
29460,1201,7,1
29461,20,55,-1
29462,1480,51,1
29463,1480,32,1
29464,1201,26,1
29465,20,22,-1
29466,20,42,-1
29467,129,10,1
29468,20,1023,-1
29469,1358,1816,-1
29470,563,240,1
29471,20,67,-1
29472,1480,1349,1
29473,1480,128,1
29474,1201,21,1
29475,20,57,-1
29476,20,55,-1
29477,1480,131,1
29478,1480,93,1
29479,20,69,-1
29480,1201,42,1
29481,20,53,-1
29482,643,70,1
29483,20,80,-1
29484,1358,18085,-1
29485,1077,425,1
29486,20,174,-1
29487,1480,786,1
29488,1480,25,1
29489,20,42,-1
29490,1201,49,1
29491,20,46,-1
29492,1480,93,1
29493,1480,64,1
29494,20,58,-1
29495,1201,56,1
29496,20,62,-1
29497,643,83,1
29498,20,74,-1
29499,1358,31920,-1
29500,389,2271,-1
29501,20,25,1
29502,1480,1432,1
29503,1480,111,1
29504,20,65,-1
29505,1201,61,1
29506,20,48,-1
29507,1480,130,1
29508,1480,71,1
29509,20,58,-1
29510,1201,168,1
29511,20,58,-1
29512,643,92,1
29513,20,73,-1
29514,1358,58978,-1
29515,1480,1848,1
29516,1480,34,1
29517,20,89,-1
29518,1201,37,1
29519,20,61,-1
29520,1480,118,1
29521,1480,57,1
29522,20,44,-1
29523,1201,46,1
29524,20,36,-1
29525,643,64,1
29526,20,36,-1
29527,1480,128,1
29528,1480,50,1
29529,20,41,-1
29530,1201,46,1
29531,20,42,-1
29532,1480,94,1
29533,1480,51,1
29534,20,41,-1
29535,1201,43,1
29536,20,735,-1
29537,643,92,1
29538,20,98,-1
29539,1358,61944,-1
29540,1440,329,-1
29541,1276,15,-1
29542,20,52,1
29543,496,1084,-1
29544,1440,5125,-1
29545,20,36,1
29546,1440,46,-1
29547,1194,11,-1
29548,20,78,1
29549,1358,3193,-1
29550,563,978,1
29551,20,79,-1
29552,1440,673,-1
29553,1440,25,-1
29554,1194,5,-1
29555,20,56,1
29556,1480,3319,1
29557,131,30,1
29558,20,108,-1
29559,1440,5119,-1
29560,1276,55,-1
29561,20,4621,1
29562,1440,68509,-1
29563,1276,65,-1
29564,20,17,1
29565,563,391,1
29566,20,177,-1
29567,1358,40249,-1
29568,1440,421,-1
29569,20,24,1
29570,1440,45,-1
29571,1194,8,-1
29572,1440,4,-1
29573,1440,5,-1
29574,1194,3,-1
29575,1440,3,-1
29576,1276,4,-1
29577,20,20,1
29578,1440,12793,-1
29579,1276,53,-1
29580,20,14,1
29581,1358,30,-1
29582,1440,401,-1
29583,20,41,1
29584,1276,21,-1
29585,1440,777,-1
29586,20,14,1
29587,1276,35,-1
29588,1358,6,-1
29589,20,199,1
29590,1440,114583,-1
29591,1276,72,-1
29592,20,15,1
29593,1440,33,-1
29594,1276,9,-1
29595,1440,5,-1
29596,1440,24,-1
29597,1440,6,-1
29598,1112,5,-1
29599,20,11,1
29600,20,229,1
29601,1077,391,1
29602,20,224,-1
29603,1440,11301,-1
29604,1440,53,-1
29605,20,15,1
29606,1194,19,-1
29607,1358,7,-1
29608,1440,6,-1
29609,1276,5,-1
29610,20,50,1
29611,1358,703,-1
29612,1440,25,-1
29613,20,11,1
29614,1276,27,-1
29615,1358,6,-1
29616,20,122,1
29617,563,5105,1
29618,20,76,-1
29619,1077,11123,1
29620,20,221,-1
29621,1440,32,-1
29622,1440,20,-1
29623,1194,15,-1
29624,1440,5,-1
29625,1276,5,-1
29626,20,89,1
29627,1440,3,-1
29628,1276,7,-1
29629,20,204,1
29630,1480,6935,1
29631,1480,98,1
29632,20,100,-1
29633,1201,41,1
29634,20,48,-1
29635,1480,156,1
29636,1480,92,1
29637,20,77,-1
29638,1201,60,1
29639,20,63,-1
29640,1157,91,1
29641,20,61,-1
29642,1480,5167,1
29643,131,95,1
29644,20,60,-1
29645,1440,73327,-1
29646,1276,51,-1
29647,20,89,1
29648,1077,4173,1
29649,20,115,-1
29650,1358,6448,-1
29651,1358,212,-1
29652,20,14,1
29653,1440,12323,-1
29654,1276,59,-1
29655,1358,8,-1
29656,1440,6,-1
29657,1276,6,-1
29658,1440,46,-1
29659,1276,7,-1
29660,1440,218,-1
29661,1276,10,-1
29662,20,36,1
29663,1440,43,-1
29664,1276,7,-1
29665,1358,6,-1
29666,1358,42,-1
29667,20,144,1
29668,563,1197,1
29669,20,153,-1
29670,1480,1620,1
29671,1480,35,1
29672,20,97,-1
29673,1201,38,1
29674,20,76,-1
29675,1480,90,1
29676,1480,74,1
29677,20,55,-1
29678,1201,68,1
29679,20,59,-1
29680,1157,94,1
29681,20,82,-1
29682,1358,13561,-1
29683,1358,84,-1
29684,1358,10,-1
29685,1440,73,-1
29686,1440,21,-1
29687,1194,4,-1
29688,1440,16,-1
29689,1276,5,-1
29690,20,23,1
29691,20,129,1
29692,563,313,1
29693,1358,77,-1
29694,20,12,-1
29695,563,247,1
29696,20,95,-1
29697,1077,3180,1
29698,20,174,-1
29699,1480,5522,1
29700,1480,40,1
29701,1201,58,1
29702,20,64,-1
29703,20,19,-1
29704,1480,73,1
29705,1480,26,1
29706,20,101,-1
29707,1201,56,1
29708,20,194,-1
29709,643,125,1
29710,20,51,-1
29711,1480,2117,1
29712,1480,95,1
29713,20,114,-1
29714,1201,41,1
29715,20,48,-1
29716,1480,159,1
29717,1480,82,1
29718,20,61,-1
29719,1201,78,1
29720,20,93,-1
29721,1157,66,1
29722,20,66,-1
29723,1480,210,1
29724,1480,74,1
29725,20,69,-1
29726,1201,77,1
29727,20,83,-1
29728,1480,203,1
29729,1480,152,1
29730,1201,33,1
29731,20,48,-1
29732,20,19,-1
29733,643,88,1
29734,20,71,-1
29735,1480,566,1
29736,1480,66,1
29737,1201,24,1
29738,20,44,-1
29739,20,16,-1
29740,1480,97,1
29741,1480,52,1
29742,20,36,-1
29743,1201,55,1
29744,20,46,-1
29745,643,71,1
29746,20,43,-1
29747,1077,286,1
29748,20,47,-1
29749,1440,7395,-1
29750,1440,50,-1
29751,1194,6,-1
29752,1358,4,-1
29753,1358,3,-1
29754,1440,3,-1
29755,1276,4,-1
29756,1358,4,-1
29757,20,58,1
29758,1480,16216,1
29759,1480,113,1
29760,1201,78,1
29761,20,102,-1
29762,20,18,-1
29763,1480,87,1
29764,1480,77,1
29765,20,45,-1
29766,1201,49,1
29767,20,85,-1
29768,643,50,1
29769,20,46,-1
29770,1480,7021,1
29771,131,58,1
29772,20,92,-1
29773,1077,696,1
29774,20,113,-1
29775,1480,42479,1
29776,645,44,1
29777,20,79,-1
29778,1480,784,1
29779,645,84,1
29780,20,51,-1
29781,1480,395,1
29782,645,87,1
29783,20,72,-1
29784,1077,2628,1
29785,20,89,-1
29786,1440,3073,-1
29787,1440,33,-1
29788,1440,8,-1
29789,1112,5,-1
29790,1358,6,-1
29791,20,39,1
29792,563,1194,1
29793,20,190,-1
29794,563,391,1
29795,20,73,-1
29796,1440,10732,-1
29797,1276,43,-1
29798,1440,6,-1
29799,1440,4,-1
29800,1200,4,-1
29801,20,78,1
29802,1440,24093,-1
29803,1276,43,-1
29804,20,15,1
29805,1358,3412,-1
29806,1440,292,-1
29807,20,30,1
29808,1276,66,-1
29809,1358,1349,-1
29810,20,36,1
29811,1358,2660,-1
29812,1077,1371,1
29813,20,121,-1
29814,563,7304,1
29815,20,128,-1
29816,563,22328,-1
29817,20,61,1
29818,1358,37,-1
29819,1358,1451,-1
29820,563,48,1
29821,20,72,-1
29822,1480,491,1
29823,1480,41,1
29824,20,87,-1
29825,1201,36,1
29826,20,50,-1
29827,1480,122,1
29828,1480,29,1
29829,1201,102,1
29830,20,313,-1
29831,20,12,-1
29832,643,11,1
29833,20,53,-1
29834,1440,8944,-1
29835,1440,63,-1
29836,1440,10,-1
29837,1440,5,-1
29838,1440,5,-1
29839,1440,3,-1
29840,866,6,-1
29841,20,85,1
29842,1480,1913,1
29843,1480,89,1
29844,20,81,-1
29845,1201,87,1
29846,20,87,-1
29847,1480,135,1
29848,1480,75,1
29849,20,72,-1
29850,1201,190,1
29851,20,87,-1
29852,643,216,1
29853,20,126,-1
29854,1480,425,1
29855,1480,71,1
29856,1201,24,1
29857,20,45,-1
29858,20,20,-1
29859,1480,95,1
29860,1480,17,1
29861,20,50,-1
29862,1201,47,1
29863,20,64,-1
29864,1157,62,1
29865,20,51,-1
29866,1440,1385,-1
29867,1440,24,-1
29868,1194,4,-1
29869,1440,3,-1
29870,1440,3,-1
29871,1440,4,-1
29872,1440,4,-1
29873,1030,2,-1
29874,1440,4,-1
29875,1440,4,-1
29876,1440,2,-1
29877,1112,4,-1
29878,20,20,1
29879,1077,396,1
29880,20,108,-1
29881,1440,40652,-1
29882,1440,45,-1
29883,20,10,1
29884,1194,25,-1
29885,1358,5,-1
29886,20,110,1
29887,1440,27837,-1
29888,1440,54,-1
29889,20,16,1
29890,1440,46,-1
29891,1112,10,-1
29892,1183,5,-1
29893,20,51,1
29894,563,499,1
29895,20,185,-1
29896,563,1952,1
29897,20,124,-1
29898,1480,1375,1
29899,1480,99,1
29900,1201,132,1
29901,20,58,-1
29902,20,94,-1
29903,1480,98,1
29904,1480,202,1
29905,20,303,-1
29906,1201,36,1
29907,20,48,-1
29908,643,82,1
29909,20,57,-1
29910,1480,184,1
29911,1480,75,1
29912,20,56,-1
29913,1201,60,1
29914,20,57,-1
29915,1480,102,1
29916,1480,61,1
29917,20,59,-1
29918,767,58,1
29919,20,169,-1
29920,1480,518,1
29921,1159,72,1
29922,20,56,-1
29923,1440,19447,-1
29924,1440,40,-1
29925,1194,6,-1
29926,1440,5,-1
29927,1440,5,-1
29928,1194,4,-1
29929,1358,6,-1
29930,20,77,1
29931,563,921,1
29932,20,146,-1
29933,563,321,1
29934,20,61,-1
29935,563,185,1
29936,20,89,-1
29937,563,6075,1
29938,20,107,-1
29939,1440,6556,-1
29940,1440,41,-1
29941,1194,8,-1
29942,1358,5,-1
29943,20,83,1
29944,563,334,-1
29945,20,18,1
29946,1440,17536,-1
29947,1276,43,-1
29948,20,15,1
29949,563,257,1
29950,20,74,-1
29951,563,648,1
29952,20,66,-1
29953,563,752,1
29954,20,71,-1
29955,1358,24744,-1
29956,1480,663,1
29957,131,64,1
29958,20,117,-1
29959,1480,427,1
29960,1480,36,1
29961,1201,84,1
29962,20,36,-1
29963,1480,94,1
29964,1480,179,1
29965,20,111,-1
29966,253,104,1
29967,1480,214,1
29968,20,41,-1
29969,20,11,-1
29970,160,10,1
29971,20,159,-1
29972,1480,1025,1
29973,1480,43,1
29974,1201,23,1
29975,20,20,-1
29976,20,61,-1
29977,1480,54,1
29978,1480,47,1
29979,1201,29,1
29980,20,34,-1
29981,20,49,-1
29982,1157,13,1
29983,20,75,-1
29984,563,157,1
29985,20,73,-1
29986,563,28,1
29987,20,52,-1
29988,1358,9634,-1
29989,1077,2351,1
29990,20,138,-1
29991,692,29081,-1
29992,1077,2469,1
29993,20,133,-1
29994,563,350,1
29995,20,74,-1
29996,1480,929,1
29997,1480,58,1
29998,1201,36,1
29999,20,67,-1
30000,20,11,-1
30001,1480,40,1
30002,1480,28,1
30003,1201,28,1
30004,20,50,-1
30005,20,8,-1
30006,1157,9,1
30007,20,56,-1
30008,1480,471,1
30009,131,36,1
30010,20,76,-1
30011,563,41,1
30012,20,83,-1
30013,1358,5634,-1
30014,1480,1512,1
30015,1480,100,1
30016,1201,27,1
30017,20,58,-1
30018,20,6,-1
30019,1480,97,1
30020,1480,20,1
30021,20,48,-1
30022,1201,48,1
30023,20,52,-1
30024,643,73,1
30025,20,57,-1
30026,1358,11223,-1
30027,563,2018,1
30028,20,87,-1
30029,563,95,1
30030,20,58,-1
30031,1077,22634,1
30032,20,189,-1
30033,1358,24324,-1
30034,1358,417,-1
30035,20,771,1
30036,1480,206,1
30037,1480,48,1
30038,1201,52,1
30039,20,72,-1
30040,20,20,-1
30041,1480,10,1
30042,1480,27,1
30043,1201,31,1
30044,20,30,-1
30045,20,14,-1
30046,1480,49,1
30047,1480,23,1
30048,20,51,-1
30049,1201,8,1
30050,20,47,-1
30051,1480,44,1
30052,1480,23,1
30053,1201,23,1
30054,20,41,-1
30055,20,10,-1
30056,209,10,1
30057,20,57,-1
30058,1480,82,1
30059,1480,30,1
30060,1041,25,1
30061,20,20,-1
30062,20,13,-1
30063,1480,39,1
30064,1480,27,1
30065,413,18,1
30066,20,22,-1
30067,20,10,-1
30068,1480,1353,1
30069,1480,87,1
30070,20,61,-1
30071,1201,84,1
30072,20,77,-1
30073,1480,168,1
30074,1480,85,1
30075,20,75,-1
30076,1201,87,1
30077,20,79,-1
30078,643,109,1
30079,20,57,-1
30080,1358,29600,-1
30081,1480,1889,1
30082,1480,36,1
30083,20,100,-1
30084,1201,64,1
30085,20,102,-1
30086,1480,69,1
30087,1480,30,1
30088,20,94,-1
30089,1201,39,1
30090,20,74,-1
30091,1157,66,1
30092,20,90,-1
30093,1358,15986,-1
30094,622,1872,-1
30095,20,95,1
30096,1440,2735,-1
30097,1276,115,-1
30098,20,8,1
30099,1480,1476,1
30100,1480,83,1
30101,20,96,-1
30102,1201,113,1
30103,20,87,-1
30104,1480,99,1
30105,1480,56,1
30106,20,56,-1
30107,1201,56,1
30108,20,46,-1
30109,643,61,1
30110,20,46,-1
30111,1358,18903,-1
30112,1480,1765,1
30113,1480,84,1
30114,20,85,-1
30115,1201,30,1
30116,20,41,-1
30117,1480,119,1
30118,1480,67,1
30119,20,78,-1
30120,1201,27,1
30121,20,67,-1
30122,1157,50,1
30123,20,89,-1
30124,1358,4506,-1
30125,563,1329,1
30126,20,73,-1
30127,1358,3954,-1
30128,1358,20701,-1
30129,20,47,1
30130,1480,1626,1
30131,1480,162,1
30132,20,67,-1
30133,1201,83,1
30134,20,64,-1
30135,1480,110,1
30136,1480,60,1
30137,20,49,-1
30138,1201,58,1
30139,20,66,-1
30140,643,61,1
30141,20,61,-1
30142,1358,21022,-1
30143,1358,18676,-1
30144,20,43,1
30145,1480,1733,1
30146,1480,109,1
30147,20,89,-1
30148,1201,79,1
30149,20,106,-1
30150,1480,81,1
30151,1480,59,1
30152,20,54,-1
30153,1201,64,1
30154,20,53,-1
30155,643,95,1
30156,20,54,-1
30157,1358,13355,-1
30158,1358,80,-1
30159,20,98,1
30160,1480,349,1
30161,131,89,1
30162,20,92,-1
30163,563,184,1
30164,20,204,-1
30165,1358,1621,-1
30166,1440,277,-1
30167,1440,27,-1
30168,1194,8,-1
30169,1358,5,-1
30170,20,61,1
30171,563,468,1
30172,20,165,-1
30173,1440,303,-1
30174,1440,26,-1
30175,1194,5,-1
30176,20,40,1
30177,563,263,1
30178,20,146,-1
30179,1358,568,-1
30180,1440,677,-1
30181,20,67,1
30182,1276,41,-1
30183,1358,1780,-1
30184,20,47,1
30185,1077,1093,1
30186,20,130,-1
30187,1440,1156,-1
30188,1440,26,-1
30189,1194,5,-1
30190,20,56,1
30191,1358,731,-1
30192,1358,137,-1
30193,20,15,1
30194,563,1117,1
30195,20,64,-1
30196,831,150,-1
30197,1358,3837,-1
30198,20,129,1
30199,1358,4382,-1
30200,1358,32158,-1
30201,20,232,1
30202,1358,245,-1
30203,563,1725,1
30204,20,1446,-1
30205,563,239,1
30206,20,227,-1
30207,612,87419,-1
30208,1480,1471,1
30209,1480,87,1
30210,20,58,-1
30211,1201,74,1
30212,20,72,-1
30213,1480,77,1
30214,1480,61,1
30215,20,43,-1
30216,1201,54,1
30217,20,42,-1
30218,643,75,1
30219,20,58,-1
30220,1440,2828,-1
30221,1276,30,-1
30222,20,46,1
30223,1358,41165,-1
30224,1480,910,1
30225,1480,55,1
30226,1201,28,1
30227,20,25,-1
30228,20,70,-1
30229,1480,42,1
30230,1480,32,1
30231,1201,36,1
30232,20,62,-1
30233,20,12,-1
30234,1157,14,1
30235,20,88,-1
30236,1480,1696,1
30237,1480,88,1
30238,20,196,-1
30239,1201,913,1
30240,20,139,-1
30241,1480,104,1
30242,1480,98,1
30243,20,76,-1
30244,1201,50,1
30245,20,70,-1
30246,643,35,1
30247,20,49,-1
30248,1480,1085,1
30249,1480,59,1
30250,20,41,-1
30251,1201,57,1
30252,20,97,-1
30253,1480,223,1
30254,1480,62,1
30255,20,70,-1
30256,1201,15,1
30257,20,77,-1
30258,1157,51,1
30259,20,75,-1
30260,563,344,1
30261,20,52,-1
30262,563,362,1
30263,20,82,-1
30264,563,363,1
30265,20,63,-1
30266,563,434,1
30267,20,102,-1
30268,563,72,1
30269,20,56,-1
30270,1358,9361,-1
30271,1358,7935,-1
30272,20,21,1
30273,1480,1461,1
30274,1480,90,1
30275,1201,24,1
30276,20,67,-1
30277,20,7,-1
30278,1480,108,1
30279,1480,62,1
30280,20,94,-1
30281,1201,25,1
30282,20,84,-1
30283,643,42,1
30284,20,92,-1
30285,1440,19982,-1
30286,1276,66,-1
30287,20,140,1
30288,1358,1806,-1
30289,1480,487,1
30290,1480,138,1
30291,20,130,-1
30292,1201,46,1
30293,20,97,-1
30294,1480,110,1
30295,1480,81,1
30296,1440,93,-1
30297,1276,23,-1
30298,1358,5,-1
30299,1201,63,1
30300,20,56,-1
30301,643,87,1
30302,20,65,-1
30303,1440,1127,-1
30304,1276,22,-1
30305,20,7,1
30306,1358,1901,-1
30307,1440,935,-1
30308,20,17,1
30309,1276,56,-1
30310,1358,1240,-1
30311,20,15,1
30312,1358,1520,-1
30313,1440,1894,-1
30314,20,21,1
30315,1440,36,-1
30316,1194,6,-1
30317,20,46,1
30318,1440,3592,-1
30319,1276,41,-1
30320,20,21,1
30321,1358,2584,-1
30322,1358,31,-1
30323,20,11,1
30324,1358,17,-1
30325,563,238,1
30326,20,147,-1
30327,1440,1873,-1
30328,1276,23,-1
30329,20,46,1
30330,563,233,1
30331,20,113,-1
30332,1358,1619,-1
30333,1440,10878,-1
30334,20,18,1
30335,1440,41,-1
30336,1194,16,-1
30337,1440,3,-1
30338,1227,4,-1
30339,20,63,1
30340,1480,1765,1
30341,1480,83,1
30342,20,60,-1
30343,1201,97,1
30344,20,59,-1
30345,1480,195,1
30346,1480,74,1
30347,20,77,-1
30348,1201,41,1
30349,20,51,-1
30350,643,123,1
30351,20,58,-1
30352,1358,69270,-1
30353,1358,4987,-1
30354,20,58,1
30355,1480,1832,1
30356,1480,53,1
30357,20,91,-1
30358,1201,72,1
30359,20,101,-1
30360,1480,155,1
30361,1480,110,1
30362,20,124,-1
30363,1201,53,1
30364,20,72,-1
30365,643,98,1
30366,20,55,-1
30367,1440,14886,-1
30368,1276,46,-1
30369,20,100,1
30370,1480,342,1
30371,1480,51,1
30372,213,18,1
30373,20,20,-1
30374,20,14,-1
30375,1480,1568,1
30376,1480,100,1
30377,20,61,-1
30378,1201,74,1
30379,20,87,-1
30380,1480,99,1
30381,1480,102,1
30382,20,145,-1
30383,1201,45,1
30384,20,56,-1
30385,643,95,1
30386,20,57,-1
30387,641,30402,-1
30388,1480,6673,1
30389,1480,102,1
30390,20,73,-1
30391,1201,78,1
30392,20,63,-1
30393,1480,120,1
30394,1480,78,1
30395,20,64,-1
30396,1201,55,1
30397,20,82,-1
30398,643,91,1
30399,20,62,-1
30400,1358,38540,-1
30401,1480,2189,1
30402,1358,288,-1
30403,1480,22,1
30404,1201,26,1
30405,20,74,-1
30406,20,24,-1
30407,1480,138,1
30408,1480,72,1
30409,20,85,-1
30410,1201,30,1
30411,20,45,-1
30412,643,87,1
30413,20,56,-1
30414,1480,214,1
30415,1480,70,1
30416,20,56,-1
30417,1201,67,1
30418,20,75,-1
30419,1480,158,1
30420,1480,110,1
30421,20,53,-1
30422,1201,69,1
30423,20,97,-1
30424,643,47,1
30425,20,56,-1
30426,1358,59967,-1
30427,1358,23810,-1
30428,20,41,1
30429,98,1192,-1
30430,1480,390,1
30431,1480,95,1
30432,1201,56,1
30433,1480,114,1
30434,1480,62,1
30435,1480,76,1
30436,20,278,-1
30437,20,15,-1
30438,364,8,1
30439,20,21,-1
30440,20,65,-1
30441,1480,528,1
30442,1480,53,1
30443,1201,36,1
30444,20,49,-1
30445,20,13,-1
30446,1480,29,1
30447,1480,28,1
30448,1201,40,1
30449,20,52,-1
30450,20,10,-1
30451,643,8,1
30452,20,48,-1
30453,1358,73012,-1
30454,1480,1344,1
30455,1480,39,1
30456,20,114,-1
30457,1201,57,1
30458,20,51,-1
30459,1480,123,1
30460,1480,25,1
30461,20,87,-1
30462,1201,58,1
30463,20,52,-1
30464,643,117,1
30465,20,67,-1
30466,1358,16525,-1
30467,1480,1325,1
30468,1480,36,1
30469,1201,123,1
30470,20,88,-1
30471,20,32,-1
30472,1480,99,1
30473,1480,83,1
30474,20,146,-1
30475,1201,39,1
30476,20,54,-1
30477,643,96,1
30478,20,61,-1
30479,1358,597,-1
30480,563,692,1
30481,20,72,-1
30482,1440,2744,-1
30483,1276,20,-1
30484,20,52,1
30485,563,639,1
30486,20,64,-1
30487,1440,2326,-1
30488,1440,32,-1
30489,1194,5,-1
30490,20,75,1
30491,563,850,1
30492,20,95,-1
30493,1440,2537,-1
30494,1276,22,-1
30495,20,56,1
30496,1358,3333,-1
30497,1440,7079,-1
30498,20,15,1
30499,1440,35,-1
30500,1194,8,-1
30501,20,47,1
30502,1440,5903,-1
30503,1276,28,-1
30504,20,20,1
30505,1358,35,-1
30506,1440,3656,-1
30507,20,15,1
30508,1276,41,-1
30509,1218,2500,-1
30510,20,18,1
30511,1440,1945,-1
30512,1276,48,-1
30513,20,111,1
30514,1440,7058,-1
30515,1276,74,-1
30516,20,23,1
30517,1358,30,-1
30518,563,1021,1
30519,20,93,-1
30520,1358,3123,-1
30521,1440,52,-1
30522,1276,16,-1
30523,20,57,1
30524,563,242,1
30525,20,74,-1
30526,1440,8356,-1
30527,1440,24,-1
30528,1194,5,-1
30529,20,77,1
30530,1440,8647,-1
30531,1276,46,-1
30532,20,10,1
30533,1358,33,-1
30534,1358,30134,-1
30535,20,37,1
30536,1440,549,-1
30537,1276,27,-1
30538,20,12,1
30539,1440,28,-1
30540,1276,10,-1
30541,1440,7,-1
30542,1276,6,-1
30543,20,5,1
30544,20,97,1
30545,1480,2491,1
30546,1480,110,1
30547,20,85,-1
30548,1201,90,1
30549,20,89,-1
30550,1480,194,1
30551,1480,97,1
30552,20,102,-1
30553,1201,31,1
30554,20,76,-1
30555,1480,108,1
30556,1480,85,1
30557,20,64,-1
30558,1201,66,1
30559,20,51,-1
30560,1480,109,1
30561,1480,61,1
30562,20,41,-1
30563,1201,65,1
30564,20,51,-1
30565,209,77,1
30566,20,53,-1
30567,1077,70,1
30568,20,57,-1
30569,1440,9370,-1
30570,1276,45,-1
30571,1358,15,-1
30572,20,89,1
30573,563,382,1
30574,20,68,-1
30575,563,396,1
30576,20,117,-1
30577,1440,38236,-1
30578,1276,46,-1
30579,20,166,1
30580,1480,1550,1
30581,1480,77,1
30582,20,114,-1
30583,1201,33,1
30584,20,66,-1
30585,1480,97,1
30586,1480,78,1
30587,20,72,-1
30588,1201,44,1
30589,20,40,-1
30590,643,79,1
30591,20,48,-1
30592,563,89,1
30593,20,61,-1
30594,221,12431,-1
30595,1480,1519,1
30596,1480,145,1
30597,20,153,-1
30598,1201,38,1
30599,20,46,-1
30600,1480,115,1
30601,1480,72,1
30602,20,63,-1
30603,1201,58,1
30604,20,47,-1
30605,643,78,1
30606,20,65,-1
30607,1358,64331,-1
30608,1480,1281,1
30609,1480,30,1
30610,20,74,-1
30611,1201,20,1
30612,20,56,-1
30613,1480,112,1
30614,1480,64,1
30615,1201,66,1
30616,20,266,-1
30617,20,15,-1
30618,643,8,1
30619,20,48,-1
30620,1358,19345,-1
30621,1480,1626,1
30622,1480,116,1
30623,20,97,-1
30624,1201,34,1
30625,20,73,-1
30626,1480,92,1
30627,1480,68,1
30628,20,56,-1
30629,1201,66,1
30630,20,45,-1
30631,643,71,1
30632,20,40,-1
30633,1358,33650,-1
30634,1480,1641,1
30635,1480,87,1
30636,20,56,-1
30637,1201,70,1
30638,20,52,-1
30639,1480,116,1
30640,1480,63,1
30641,20,57,-1
30642,1201,87,1
30643,20,113,-1
30644,643,45,1
30645,20,66,-1
30646,563,716,1
30647,20,125,-1
30648,864,2904,-1
30649,563,942,1
30650,20,85,-1
30651,1440,2547,-1
30652,1276,22,-1
30653,1358,14,-1
30654,20,63,1
30655,1440,379,-1
30656,1276,25,-1
30657,20,7,1
30658,1358,20,-1
30659,1440,689,-1
30660,20,17,1
30661,1276,37,-1
30662,1358,133,-1
30663,20,91,1
30664,1440,1646,-1
30665,1276,22,-1
30666,20,8,1
30667,1358,33,-1
30668,563,34151,1
30669,20,144,-1
30670,1358,9386,-1
30671,20,37526,1
30672,1358,5002,-1
30673,1358,2056,-1
30674,20,20,1
30675,1440,134,-1
30676,1276,13,-1
30677,20,57,1
30678,1440,1461,-1
30679,1440,28,-1
30680,20,12,1
30681,1194,25,-1
30682,1440,150,-1
30683,1276,10,-1
30684,1358,5,-1
30685,20,198,1
30686,563,76,1
30687,20,55,-1
30688,563,378,1
30689,20,72,-1
30690,1358,2946,-1
30691,1440,21,-1
30692,20,9,1
30693,1276,23,-1
30694,1358,13267,-1
30695,20,36,1
30696,1358,8577,-1
30697,1358,1039,-1
30698,20,19,1
30699,1358,44,-1
30700,270,7390,-1
30701,20,34,1
30702,563,1023,1
30703,20,102,-1
30704,563,4399,1
30705,20,69,-1
30706,1440,71298,-1
30707,1440,53,-1
30708,1194,17,-1
30709,20,79,1
30710,1440,4129,-1
30711,1440,51,-1
30712,20,11,1
30713,1194,12,-1
30714,1440,9310,-1
30715,20,36,1
30716,1440,40,-1
30717,1194,17,-1
30718,20,80,1
30719,1440,3677,-1
30720,1276,30,-1
30721,20,11,1
30722,1358,81,-1
30723,1358,6407,-1
30724,20,36,1
30725,877,28713,-1
30726,563,316,1
30727,20,236,-1
30728,1077,10499,1
30729,20,258,-1
30730,1440,10586,-1
30731,1276,46,-1
30732,20,108,1
30733,1358,5593,-1
30734,1358,254,-1
30735,20,15,1
30736,1358,41700,-1
30737,563,616,1
30738,20,178,-1
30739,563,116,1
30740,20,72,-1
30741,563,16,1
30742,20,77,-1
30743,563,28,1
30744,20,44,-1
30745,1440,20522,-1
30746,1276,75,-1
30747,20,118,1
30748,563,913,1
30749,20,163,-1
30750,1358,6152,-1
30751,563,33487,1
30752,20,129,-1
30753,914,8114,-1
30754,563,1028,1
30755,20,156,-1
30756,1358,75482,-1
30757,563,3762,1
30758,20,81,-1
30759,854,48071,-1
30760,563,1023,1
30761,20,77,-1
30762,1358,57527,-1
30763,563,1412,1
30764,20,114,-1
30765,1440,10143,-1
30766,1276,81,-1
30767,20,177,1
30768,1358,4678,-1
30769,563,617,1
30770,20,147,-1
30771,1358,30,-1
30772,20,38074,1
30773,758,14667,-1
30774,20,220,1
30775,563,725,1
30776,20,137,-1
30777,1358,44972,-1
30778,563,1969,1
30779,20,122,-1
30780,563,13,1
30781,20,64,-1
30782,1358,41499,-1
30783,563,910,1
30784,20,80,-1
30785,1358,54127,-1
30786,563,1060,1
30787,20,60,-1
30788,563,129,1
30789,20,77,-1
30790,350,27933,-1
30791,1358,17115,-1
30792,20,34,1
30793,1358,41,-1
30794,1358,8,-1
30795,20,91,1
30796,563,786,1
30797,20,69,-1
30798,1440,5991,-1
30799,1276,24,-1
30800,20,72,1
30801,1358,34,-1
30802,1358,4476,-1
30803,20,46,1
30804,1358,99397,-1
30805,563,1064,1
30806,20,102,-1
30807,400,16217,-1
30808,563,21979,1
30809,20,128,-1
30810,1358,53224,-1
30811,1077,428,1
30812,20,92,-1
30813,1358,21215,-1
30814,1358,3288,-1
30815,20,132,1
30816,563,193,1
30817,20,102,-1
30818,806,27474,-1
30819,563,1067,1
30820,20,178,-1
30821,1440,6556,-1
30822,1276,26,-1
30823,20,78,1
30824,1358,5084,-1
30825,1358,5041,-1
30826,20,40,1
30827,563,977,1
30828,20,188,-1
30829,496,117052,-1
30830,563,1265,1
30831,20,144,-1
30832,1358,79983,-1
30833,20,39203,1
30834,1358,5095,-1
30835,563,1296,1
30836,20,100,-1
30837,59,40287,-1
30838,563,1366,1
30839,20,195,-1
30840,1358,32418,-1
30841,563,1032,1
30842,20,118,-1
30843,1358,3014,-1
30844,20,39073,1
30845,1145,51328,-1
30846,20,280,1
30847,563,86755,1
30848,20,157,-1
30849,1440,61218,-1
30850,1276,59,-1
30851,20,166,1
30852,30,34269,-1
30853,20,157,1
30854,1358,9407,-1
30855,20,253,1
30856,1440,301,-1
30857,1440,24,-1
30858,1194,5,-1
30859,1440,4,-1
30860,1276,4,-1
30861,20,51,1
30862,1440,303,-1
30863,1440,11,-1
30864,20,9,1
30865,1194,23,-1
30866,20,430,1
30867,1440,194,-1
30868,1276,15,-1
30869,1358,4,-1
30870,20,72,1
30871,563,355,1
30872,20,99,-1
30873,1358,1163,-1
30874,1440,8523,-1
30875,20,69,1
30876,1440,73,-1
30877,1194,18,-1
30878,20,79,1
30879,563,323,1
30880,20,206,-1
30881,63,106328,-1
30882,563,1404,1
30883,20,122,-1
30884,1077,1122,1
30885,20,180,-1
30886,1077,86,1
30887,20,77,-1
30888,1077,255,1
30889,20,103,-1
30890,563,1602,1
30891,20,156,-1
30892,1077,112299,1
30893,20,117,-1
30894,1077,894,1
30895,20,239,-1
30896,563,577,1
30897,20,72,-1
30898,563,35297,-1
30899,1077,14672,1
30900,20,196,-1
30901,1077,12459,1
30902,20,183,-1
30903,1077,16972,1
30904,20,180,-1
30905,563,64,1
30906,20,72,-1
30907,1077,526,1
30908,20,145,-1
30909,1077,301,1
30910,20,72,-1
30911,1358,45576,-1
30912,1358,2971,-1
30913,20,15,1
30914,563,696,1
30915,20,99,-1
30916,1440,932,-1
30917,1276,20,-1
30918,20,66,1
30919,1358,3964,-1
30920,563,1885,1
30921,20,64,-1
30922,1077,211,1
30923,20,87,-1
30924,1272,40798,-1
30925,563,983,1
30926,20,106,-1
30927,1077,63112,1
30928,20,142,-1
30929,1077,2444,1
30930,20,178,-1
30931,1077,6666,1
30932,20,164,-1
30933,1358,173,-1
30934,563,372,1
30935,20,101,-1
30936,1358,30255,-1
30937,563,435,1
30938,20,191,-1
30939,1077,2666,1
30940,20,190,-1
30941,563,138,1
30942,20,66,-1
30943,59,23195,-1
30944,563,2094,1
30945,20,126,-1
30946,563,65,1
30947,20,54,-1
30948,1358,39366,-1
30949,1358,17379,-1
30950,20,42,1
30951,1440,19865,-1
30952,1276,42,-1
30953,20,91,1
30954,1358,7607,-1
30955,563,1083,1
30956,20,146,-1
30957,1077,262,1
30958,20,113,-1
30959,1358,14924,-1
30960,1358,19951,-1
30961,20,55,1
30962,1077,843,1
30963,20,111,-1
30964,1440,5269,-1
30965,1276,44,-1
30966,20,153,1
30967,1358,246,-1
30968,1358,87,-1
30969,20,51,1
30970,563,127,1
30971,20,101,-1
30972,563,444,1
30973,20,85,-1
30974,1440,14,-1
30975,1276,117,-1
30976,1440,7,-1
30977,717,5,-1
30978,20,7,1
30979,20,51,1
30980,1077,743,1
30981,1440,52,-1
30982,1440,8,-1
30983,1194,5,-1
30984,20,123,-1
30985,20,21,1
30986,1077,195,1
30987,20,67,-1
30988,1440,1883,-1
30989,1276,28,-1
30990,20,73,1
30991,1358,5,-1
30992,1358,95,-1
30993,20,211,1
30994,1440,1510,-1
30995,1276,30,-1
30996,20,13,1
30997,1440,30,-1
30998,1440,10,-1
30999,1194,5,-1
31000,20,16,1
31001,1358,342,-1
31002,1440,2061,-1
31003,20,30,1
31004,1276,44,-1
31005,1440,492,-1
31006,20,15,1
31007,1440,36,-1
31008,1194,10,-1
31009,1358,5,-1
31010,20,72,1
31011,1440,28781,-1
31012,1440,43,-1
31013,20,15,1
31014,1194,40,-1
31015,1358,10,-1
31016,20,47,1
31017,563,338,1
31018,20,127,-1
31019,1440,277,-1
31020,1440,7,-1
31021,20,10,1
31022,1194,24,-1
31023,1440,6,-1
31024,1440,5,-1
31025,1194,5,-1
31026,1358,4,-1
31027,20,200,1
31028,563,639,1
31029,20,169,-1
31030,1358,17606,-1
31031,20,39682,1
31032,1358,3029,-1
31033,563,862,1
31034,20,107,-1
31035,1358,20064,-1
31036,368,7770,-1
31037,20,132,1
31038,1440,9711,-1
31039,1440,44,-1
31040,1194,6,-1
31041,20,98,1
31042,1440,220,-1
31043,1276,10,-1
31044,20,30,1
31045,1358,52,-1
31046,1440,4140,-1
31047,20,19,1
31048,1440,31,-1
31049,1194,8,-1
31050,1358,5,-1
31051,20,51,1
31052,1077,6355,1
31053,20,133,-1
31054,1358,50274,-1
31055,1358,9082,-1
31056,20,24,1
31057,1077,7905,1
31058,20,133,-1
31059,1077,88,1
31060,20,108,-1
31061,1480,20040,1
31062,131,165,1
31063,20,98,-1
31064,1358,4599,-1
31065,1077,3108,1
31066,20,133,-1
31067,1077,3605,1
31068,20,112,-1
31069,1358,3664,-1
31070,563,1504,1
31071,20,72,-1
31072,563,94,1
31073,20,98,-1
31074,1077,5737,1
31075,20,252,-1
31076,1077,93,1
31077,20,122,-1
31078,1077,190,1
31079,20,100,-1
31080,857,5866,-1
31081,1077,846,1
31082,20,141,-1
31083,1077,13801,1
31084,20,174,-1
31085,1077,31992,1
31086,20,206,-1
31087,563,4968,1
31088,20,161,-1
31089,1358,55835,-1
31090,1440,144,-1
31091,1276,10,-1
31092,20,10,1
31093,1440,1774,-1
31094,20,20,1
31095,1440,22,-1
31096,1194,6,-1
31097,20,1231,1
31098,563,263,1
31099,20,84,-1
31100,563,526,1
31101,20,73,-1
31102,563,663,1
31103,20,110,-1
31104,563,252,1
31105,20,60,-1
31106,563,230,1
31107,20,84,-1
31108,563,90,1
31109,1358,69,-1
31110,1358,37,-1
31111,20,5,-1
31112,20,112,1
31113,1358,55,-1
31114,1358,237,-1
31115,20,265,1
31116,1440,12051,-1
31117,1440,47,-1
31118,20,19,1
31119,1194,25,-1
31120,935,2607,-1
31121,20,14,1
31122,563,264,1
31123,20,161,-1
31124,563,458,1
31125,20,111,-1
31126,1358,11234,-1
31127,1440,343,-1
31128,20,15,1
31129,1440,42,-1
31130,1194,5,-1
31131,1358,4,-1
31132,20,41,1
31133,1358,1743,-1
31134,1440,0,-1
31135,20,0,1
31136,1276,0,-1
31137,1358,5373,-1
31138,20,13,1
31139,1440,154,-1
31140,1276,8,-1
31141,20,122,1
31142,1077,4973,1
31143,20,109,-1
31144,1358,8439,-1
31145,563,1223,1
31146,20,102,-1
31147,1440,27571,-1
31148,1440,44,-1
31149,1440,15,-1
31150,1112,2,-1
31151,20,77,1
31152,1358,19775,-1
31153,563,1014,1
31154,20,127,-1
31155,1440,21415,-1
31156,1276,47,-1
31157,20,95,1
31158,1358,19327,-1
31159,1053,6211,-1
31160,20,15,1
31161,1077,797,1
31162,20,84,-1
31163,1358,46467,-1
31164,1440,512,-1
31165,20,15,1
31166,1276,34,-1
31167,1440,6451,-1
31168,20,30,1
31169,1440,36,-1
31170,1194,6,-1
31171,20,49,1
31172,1440,5401,-1
31173,1276,20,-1
31174,20,18,1
31175,563,398,1
31176,20,206,-1
31177,1077,372,1
31178,20,169,-1
31179,1358,3221,-1
31180,20,39839,1
31181,61,25746,-1
31182,20,154,1
31183,1440,15192,-1
31184,1276,42,-1
31185,20,113,1
31186,1358,5023,-1
31187,20,344,1
31188,563,74,1
31189,20,84,-1
31190,1440,5589,-1
31191,1276,39,-1
31192,20,89,1
31193,563,1598,1
31194,20,108,-1
31195,186,98054,-1
31196,1077,2980,1
31197,20,102,-1
31198,1358,13897,-1
31199,1358,19236,-1
31200,20,36,1
31201,1077,332,1
31202,20,108,-1
31203,1077,20148,1
31204,20,137,-1
31205,1358,40060,-1
31206,20,247,1
31207,1358,6151,-1
31208,1077,96,1
31209,1480,269,1
31210,20,215,-1
31211,674,23,1
31212,20,77,-1
31213,1077,15,1
31214,20,53,-1
31215,1358,17213,-1
31216,1077,309,1
31217,20,85,-1
31218,1077,697,1
31219,20,72,-1
31220,360,6144,-1
31221,1077,292,1
31222,20,72,-1
31223,1358,34910,-1
31224,1077,326,1
31225,20,175,-1
31226,854,95071,-1
31227,1077,372,1
31228,20,93,-1
31229,1440,118761,-1
31230,1440,39,-1
31231,1194,15,-1
31232,20,84,1
31233,563,292,1
31234,20,92,-1
31235,234,8781,-1
31236,1358,11583,-1
31237,20,44,1
31238,1358,71928,-1
31239,563,396,1
31240,20,123,-1
31241,1358,29885,-1
31242,1320,15020,-1
31243,20,23,1
31244,1358,69761,-1
31245,1358,427,-1
31246,20,542,1
31247,1358,4595,-1
31248,1077,4968,1
31249,20,102,-1
31250,1358,38725,-1
31251,1077,4389,1
31252,20,159,-1
31253,554,4880,-1
31254,20,39264,1
31255,1077,14849,1
31256,20,130,-1
31257,1077,8836,1
31258,20,184,-1
31259,1077,299,1
31260,20,107,-1
31261,1077,308,1
31262,20,125,-1
31263,1480,221,1
31264,1480,99,1
31265,20,80,-1
31266,213,74,1
31267,20,62,-1
31268,563,198756,-1
31269,20,48,1
31270,1440,67368,-1
31271,20,63,1
31272,1276,36,-1
31273,20,25,1
31274,1440,2560,-1
31275,20,19,1
31276,1440,40,-1
31277,20,13,1
31278,1194,20,-1
31279,20,11,1
31280,1358,2215,-1
31281,20,16,1
31282,1358,192,-1
31283,20,15,1
31284,1358,2424,-1
31285,20,25,1
31286,563,1080,1
31287,20,149,-1
31288,1440,3643,-1
31289,1440,35,-1
31290,1194,6,-1
31291,20,138,1
31292,1077,3270,1
31293,20,143,-1
31294,1440,22,-1
31295,1440,6,-1
31296,1194,5,-1
31297,20,72,1
31298,1358,1276,-1
31299,1077,578,1
31300,20,96,-1
31301,1440,72,-1
31302,1276,212,-1
31303,20,37,1
31304,1358,485,-1
31305,1077,12343,1
31306,20,138,-1
31307,1440,13079,-1
31308,1440,83,-1
31309,1194,8,-1
31310,1440,5,-1
31311,1440,5,-1
31312,1194,4,-1
31313,20,68,1
31314,563,1068,1
31315,20,69,-1
31316,1358,2501,-1
31317,563,354,1
31318,20,138,-1
31319,1440,23,-1
31320,1440,26,-1
31321,1194,5,-1
31322,20,56,1
31323,1440,5898,-1
31324,1276,35,-1
31325,20,20,1
31326,1440,34013,-1
31327,1440,45,-1
31328,20,10,1
31329,1194,30,-1
31330,1440,7,-1
31331,1440,5,-1
31332,1194,5,-1
31333,20,45,1
31334,563,560,1
31335,20,65,-1
31336,1440,7452,-1
31337,1440,48,-1
31338,1440,18,-1
31339,1440,5,-1
31340,1440,5,-1
31341,948,3,-1
31342,1358,5,-1
31343,20,91,1
31344,563,754,1
31345,20,162,-1
31346,1358,141369,-1
31347,1440,20889,-1
31348,20,35,1
31349,1440,58,-1
31350,1440,16,-1
31351,1440,6,-1
31352,1440,5,-1
31353,1440,4,-1
31354,1440,10,-1
31355,1440,5,-1
31356,1440,4,-1
31357,1440,5,-1
31358,1440,5,-1
31359,1440,5,-1
31360,1440,4,-1
31361,1440,4,-1
31362,1440,5,-1
31363,1440,3,-1
31364,1440,5,-1
31365,1440,5,-1
31366,20,3,1
31367,1440,1,-1
31368,1440,4,-1
31369,1440,4,-1
31370,1440,5,-1
31371,1440,6,-1
31372,1440,5,-1
31373,1440,5,-1
31374,1440,5,-1
31375,1440,5,-1
31376,1440,5,-1
31377,1440,5,-1
31378,20,201,1
31379,1358,633,-1
31380,563,559,1
31381,20,77,-1
31382,1077,774,1
31383,20,84,-1
31384,1077,1737,1
31385,20,96,-1
31386,1077,3129,1
31387,20,99,-1
31388,563,560,1
31389,20,183,-1
31390,1440,460,-1
31391,1276,11,-1
31392,20,9,1
31393,563,303,1
31394,1440,800,-1
31395,1440,23,-1
31396,20,9,1
31397,1194,23,-1
31398,20,8,-1
31399,1077,1122,1
31400,20,241,-1
31401,1440,16816,-1
31402,1276,38,-1
31403,20,102,1
31404,1440,410,-1
31405,1440,11,-1
31406,1194,5,-1
31407,20,132,1
31408,1358,12922,-1
31409,1440,27,-1
31410,20,11,1
31411,1440,15,-1
31412,1194,17,-1
31413,20,55,1
31414,563,574,1
31415,20,149,-1
31416,1440,5117,-1
31417,1440,24,-1
31418,20,8,1
31419,1194,19,-1
31420,1358,6,-1
31421,20,18,1
31422,1358,34306,-1
31423,1440,54,-1
31424,20,15,1
31425,1276,32,-1
31426,1358,12326,-1
31427,20,108,1
31428,1358,54,-1
31429,1440,9,-1
31430,1276,6,-1
31431,20,65,1
31432,1440,3401,-1
31433,1276,24,-1
31434,20,9,1
31435,1440,15,-1
31436,1276,7,-1
31437,20,75,1
31438,1440,4075,-1
31439,1276,32,-1
31440,20,11,1
31441,1358,46,-1
31442,1440,4785,-1
31443,20,25,1
31444,1440,39,-1
31445,1194,8,-1
31446,20,71,1
31447,1077,12278,1
31448,20,141,-1
31449,1358,7807,-1
31450,1440,445,-1
31451,20,22,1
31452,1276,38,-1
31453,1440,15,-1
31454,1440,4,-1
31455,1194,12,-1
31456,20,34,1
31457,1077,345,1
31458,1358,46,-1
31459,20,141,-1
31460,1440,8,-1
31461,20,8,1
31462,1276,17,-1
31463,1358,186,-1
31464,20,17,1
31465,1440,8172,-1
31466,1276,21,-1
31467,20,7,1
31468,1440,327,-1
31469,1440,47,-1
31470,20,10,1
31471,1194,34,-1
31472,563,226,1
31473,20,195,-1
31474,1358,19840,-1
31475,1358,118,-1
31476,20,15,1
31477,1358,102,-1
31478,1440,19,-1
31479,1276,13,-1
31480,20,133,1
31481,1440,12030,-1
31482,1440,28,-1
31483,20,13,1
31484,1194,40,-1
31485,1077,5219,1
31486,20,128,-1
31487,1440,424,-1
31488,1440,23,-1
31489,1194,5,-1
31490,20,55,1
31491,1077,21070,1
31492,20,138,-1
31493,1480,131,1
31494,1480,97,1
31495,20,118,-1
31496,1201,40,1
31497,20,62,-1
31498,89,92,1
31499,20,62,-1
31500,1440,12127,-1
31501,1440,46,-1
31502,1194,5,-1
31503,20,92,1
31504,1440,8671,-1
31505,1276,44,-1
31506,20,12,1
31507,1440,3592,-1
31508,1440,28,-1
31509,20,9,1
31510,1194,13,-1
31511,1358,5,-1
31512,20,61,1
31513,1440,1163,-1
31514,1276,25,-1
31515,20,11,1
31516,1358,29,-1
31517,1358,583,-1
31518,20,14,1
31519,1077,3555,1
31520,20,100,-1
31521,563,396,1
31522,20,107,-1
31523,1440,2228,-1
31524,1276,23,-1
31525,1358,3,-1
31526,20,50,1
31527,1077,366,1
31528,20,82,-1
31529,1440,4090,-1
31530,1440,20,-1
31531,1194,4,-1
31532,20,52,1
31533,1440,27759,-1
31534,1440,48,-1
31535,1194,7,-1
31536,1440,5,-1
31537,1440,3,-1
31538,1440,5,-1
31539,1112,7,-1
31540,20,72,1
31541,1440,14,-1
31542,1440,7,-1
31543,1194,5,-1
31544,20,222,1
31545,1440,22518,-1
31546,1440,48,-1
31547,20,14,1
31548,1440,34,-1
31549,1112,12,-1
31550,1440,5,-1
31551,1276,5,-1
31552,1358,5,-1
31553,1358,5,-1
31554,20,56,1
31555,563,1171,1
31556,20,108,-1
31557,1077,876,1
31558,20,154,-1
31559,1440,10367,-1
31560,1440,41,-1
31561,1194,5,-1
31562,1440,4,-1
31563,1440,4,-1
31564,1194,4,-1
31565,1358,3,-1
31566,20,62,1
31567,1077,1011,1
31568,20,87,-1
31569,1077,5956,1
31570,20,119,-1
31571,1077,1648,1
31572,20,105,-1
31573,1077,16896,1
31574,20,202,-1
31575,1440,21953,-1
31576,1276,51,-1
31577,1440,7,-1
31578,1440,7,-1
31579,1194,31,-1
31580,1358,10,-1
31581,20,73,1
31582,1440,12014,-1
31583,1276,39,-1
31584,20,19,1
31585,1440,29,-1
31586,1440,7,-1
31587,352,5,-1
31588,20,29,1
31589,563,371,1
31590,20,170,-1
31591,563,15,1
31592,20,115,-1
31593,1077,204,1
31594,20,69,-1
31595,1077,1263,1
31596,20,116,-1
31597,1358,24343,-1
31598,1440,216,-1
31599,1440,13,-1
31600,1194,5,-1
31601,1440,15,-1
31602,1440,5,-1
31603,1440,15,-1
31604,1112,5,-1
31605,1440,5,-1
31606,20,0,1
31607,1276,3,-1
31608,20,36,1
31609,1358,58,-1
31610,1358,8,-1
31611,20,48,1
31612,1440,17302,-1
31613,1276,41,-1
31614,20,20,1
31615,1440,25,-1
31616,1276,6,-1
31617,1440,4,-1
31618,1440,4,-1
31619,1440,3,-1
31620,1112,4,-1
31621,20,29,1
31622,563,911,1
31623,20,267,-1
31624,1358,22495,-1
31625,1077,35595,1
31626,20,149,-1
31627,1358,6101,-1
31628,1077,865,1
31629,20,314,-1
31630,1358,3427,-1
31631,1440,90,-1
31632,1440,10,-1
31633,1194,5,-1
31634,1440,5,-1
31635,1440,4,-1
31636,1440,5,-1
31637,20,11,1
31638,1112,61,-1
31639,1440,8,-1
31640,1276,6,-1
31641,1440,5,-1
31642,1440,5,-1
31643,1194,3,-1
31644,20,4,1
31645,20,34,1
31646,1440,18,-1
31647,1276,5,-1
31648,20,288,1
31649,563,1183,1
31650,20,121,-1
31651,1440,11749,-1
31652,1440,46,-1
31653,20,13,1
31654,1194,30,-1
31655,1440,12,-1
31656,1440,5,-1
31657,1440,4,-1
31658,1112,3,-1
31659,1302,4,-1
31660,20,21,1
31661,1077,576,1
31662,20,162,-1
31663,1077,11190,1
31664,20,172,-1
31665,1358,27336,-1
31666,1358,25803,-1
31667,20,36,1
31668,563,1703,1
31669,20,72,-1
31670,563,159,1
31671,20,71,-1
31672,1440,10141,-1
31673,1440,49,-1
31674,1194,9,-1
31675,20,107,1
31676,563,357,1
31677,20,112,-1
31678,1077,16,1
31679,20,51,-1
31680,1077,239,1
31681,20,56,-1
31682,1440,77,-1
31683,1276,23,-1
31684,1358,5,-1
31685,20,72,1
31686,1440,3947,-1
31687,1440,39,-1
31688,20,24,1
31689,1194,16,-1
31690,1440,7835,-1
31691,20,32,1
31692,1440,36,-1
31693,1440,9,-1
31694,1440,3,-1
31695,1440,4,-1
31696,948,4,-1
31697,20,56,1
31698,563,701,1
31699,20,134,-1
31700,1440,37677,-1
31701,1480,2887,1
31702,131,40,1
31703,20,87,-1
31704,563,87,1
31705,20,65,-1
31706,1358,4515,-1
31707,1358,18331,-1
31708,20,37,1
31709,1358,16291,-1
31710,1077,3541,1
31711,20,137,-1
31712,1077,10920,1
31713,20,136,-1
31714,1358,1240,-1
31715,1358,257,-1
31716,20,18,1
31717,1440,36,-1
31718,1276,8,-1
31719,20,39,1
31720,1440,327,-1
31721,1276,24,-1
31722,20,10,1
31723,1358,299,-1
31724,1358,25,-1
31725,20,10,1
31726,1358,168,-1
31727,1440,391,-1
31728,20,12,1
31729,1440,51,-1
31730,1194,9,-1
31731,20,27,1
31732,1358,211,-1
31733,1440,12,-1
31734,1276,5,-1
31735,20,51,1
31736,1440,11861,-1
31737,1440,42,-1
31738,20,12,1
31739,1440,27,-1
31740,1440,6,-1
31741,1030,4,-1
31742,1440,4,-1
31743,1276,2,-1
31744,1440,4,-1
31745,1440,4,-1
31746,1194,2,-1
31747,20,22,1
31748,563,554,1
31749,20,71,-1
31750,563,193,1
31751,20,97,-1
31752,1358,5509,-1
31753,1358,539,-1
31754,20,15,1
31755,1077,2735,1
31756,20,109,-1
31757,1358,7916,-1
31758,1017,38913,-1
31759,20,39,1
31760,1358,27113,-1
31761,1440,6576,-1
31762,20,34,1
31763,1276,39,-1
31764,563,808,1
31765,20,123,-1
31766,1440,2408,-1
31767,1440,21,-1
31768,1194,6,-1
31769,20,53,1
31770,1440,13168,-1
31771,1440,37,-1
31772,20,13,1
31773,1194,27,-1
31774,1358,7488,-1
31775,20,15,1
31776,1358,31,-1
31777,1358,73,-1
31778,20,180,1
31779,1358,2895,-1
31780,563,319,1
31781,20,92,-1
31782,1358,1228,-1
31783,1440,3219,-1
31784,1276,22,-1
31785,20,70,1
31786,1440,1806,-1
31787,1440,25,-1
31788,20,10,1
31789,1194,15,-1
31790,1440,5177,-1
31791,20,20,1
31792,1440,40,-1
31793,1194,7,-1
31794,20,51,1
31795,1358,2498,-1
31796,1440,4845,-1
31797,20,17,1
31798,1276,36,-1
31799,1358,2681,-1
31800,20,11,1
31801,1440,4539,-1
31802,1440,18,-1
31803,1194,13,-1
31804,20,52,1
31805,1440,1488,-1
31806,1276,17,-1
31807,20,15,1
31808,563,255,1
31809,20,75,-1
31810,1440,1605,-1
31811,1276,16,-1
31812,20,61,1
31813,563,193,1
31814,20,57,-1
31815,1440,2169,-1
31816,1276,19,-1
31817,20,43,1
31818,1440,18372,-1
31819,1276,52,-1
31820,20,22,1
31821,1358,15,-1
31822,1358,8916,-1
31823,20,18,1
31824,1077,309,1
31825,20,204,-1
31826,563,4542,1
31827,20,99,-1
31828,563,551,1
31829,20,66,-1
31830,1440,1299,-1
31831,1440,22,-1
31832,1194,5,-1
31833,1440,2,-1
31834,1440,5,-1
31835,1440,4,-1
31836,659,5,-1
31837,20,35,1
31838,1077,967,1
31839,20,93,-1
31840,1440,8739,-1
31841,1440,24,-1
31842,1194,5,-1
31843,1440,5,-1
31844,1440,5,-1
31845,1194,4,-1
31846,20,41,1
31847,1358,10770,-1
31848,1440,19401,-1
31849,20,45,1
31850,1440,56,-1
31851,1194,15,-1
31852,1440,6,-1
31853,1440,5,-1
31854,1194,5,-1
31855,20,51,1
31856,1480,1311,1
31857,645,30,1
31858,20,169,-1
31859,563,228,1
31860,20,110,-1
31861,1077,1219,1
31862,20,139,-1
31863,563,651,1
31864,20,134,-1
31865,1358,13854,-1
31866,1440,273,-1
31867,1440,34,-1
31868,1194,7,-1
31869,1358,8,-1
31870,20,72,1
31871,1358,66,-1
31872,1358,9041,-1
31873,20,36,1
31874,1440,88,-1
31875,1440,11,-1
31876,1194,4,-1
31877,1440,5,-1
31878,1440,4,-1
31879,1440,9,-1
31880,1112,13,-1
31881,20,60,1
31882,563,690,1
31883,20,684,-1
31884,1358,10946,-1
31885,1440,48,-1
31886,20,18,1
31887,1276,34,-1
31888,1440,10,-1
31889,1276,4,-1
31890,1358,4,-1
31891,20,40,1
31892,563,726,1
31893,20,177,-1
31894,1358,14979,-1
31895,1440,102,-1
31896,1440,9,-1
31897,1194,10,-1
31898,1440,5,-1
31899,1440,5,-1
31900,1440,5,-1
31901,1440,5,-1
31902,1030,5,-1
31903,1440,5,-1
31904,1276,5,-1
31905,20,30,1
31906,1480,1653,1
31907,645,91,1
31908,20,73,-1
31909,1077,5931,1
31910,20,154,-1
31911,563,91,1
31912,20,83,-1
31913,1358,16840,-1
31914,1440,43,-1
31915,1440,3,-1
31916,1194,4,-1
31917,20,92,1
31918,1358,17100,-1
31919,1358,64,-1
31920,20,13,1
31921,1358,36,-1
31922,1440,10,-1
31923,1440,5,-1
31924,1194,3,-1
31925,20,29,1
31926,1440,174,-1
31927,1440,12,-1
31928,1194,3,-1
31929,1358,4,-1
31930,20,98,1
31931,563,908,1
31932,20,61,-1
31933,1440,29253,-1
31934,1276,42,-1
31935,20,10,1
31936,1358,28,-1
31937,1440,48,-1
31938,1440,66,-1
31939,1194,7,-1
31940,1440,3,-1
31941,169,3,-1
31942,20,1,1
31943,20,303,1
31944,563,514,1
31945,20,118,-1
31946,1077,20439,1
31947,20,171,-1
31948,1440,1390,-1
31949,1276,41,-1
31950,1440,9,-1
31951,1276,5,-1
31952,1440,5,-1
31953,1276,5,-1
31954,1440,118,-1
31955,1440,9,-1
31956,1194,5,-1
31957,20,38,1
31958,1077,8094,1
31959,20,98,-1
31960,1077,8170,1
31961,1440,119,-1
31962,1440,9,-1
31963,1440,5,-1
31964,1112,5,-1
31965,1358,4,-1
31966,1440,5,-1
31967,1276,3,-1
31968,20,50,-1
31969,1440,5,-1
31970,1276,4,-1
31971,20,89,1
31972,1358,351,-1
31973,563,303,1
31974,20,96,-1
31975,1480,38878,1
31976,131,247,1
31977,20,102,-1
31978,563,87,1
31979,20,56,-1
31980,1077,7297,1
31981,20,146,-1
31982,1358,24276,-1
31983,1077,560,1
31984,20,133,-1
31985,1077,452,1
31986,20,108,-1
31987,1358,10390,-1
31988,1077,869,1
31989,20,87,-1
31990,258,3583,-1
31991,1077,1083,1
31992,20,119,-1
31993,1077,1662,1
31994,20,110,-1
31995,563,20467,1
31996,20,108,-1
31997,1358,19198,-1
31998,1077,916,1
31999,20,112,-1
32000,1358,30065,-1
32001,1077,1698,1
32002,20,94,-1
32003,563,256,1
32004,20,58,-1
32005,563,92,1
32006,20,59,-1
32007,1358,41908,-1
32008,1358,43,-1
32009,20,97,1
32010,1480,3010,1
32011,645,150,1
32012,20,112,-1
32013,563,100,1
32014,20,128,-1
32015,641,6846,-1
32016,20,38231,1
32017,1358,8100,-1
32018,563,1497,1
32019,20,161,-1
32020,1077,448,1
32021,20,139,-1
32022,1077,112,1
32023,20,70,-1
32024,1358,272,-1
32025,1077,1974,1
32026,20,108,-1
32027,563,65,1
32028,20,85,-1
32029,1440,3113,-1
32030,1276,32,-1
32031,1440,6,-1
32032,1276,5,-1
32033,1358,5,-1
32034,20,38,1
32035,1440,751,-1
32036,1440,25,-1
32037,20,10,1
32038,1194,35,-1
32039,1440,429,-1
32040,20,25,1
32041,1440,28,-1
32042,1194,7,-1
32043,1358,5,-1
32044,20,35,1
32045,563,456,1
32046,20,88,-1
32047,1440,417,-1
32048,1276,25,-1
32049,1358,5,-1
32050,20,40,1
32051,1440,859,-1
32052,1276,25,-1
32053,20,10,1
32054,1358,25,-1
32055,563,458,1
32056,20,108,-1
32057,1440,367,-1
32058,1276,33,-1
32059,1358,15,-1
32060,20,49,1
32061,1440,13760,-1
32062,1440,51,-1
32063,20,15,1
32064,1194,45,-1
32065,1358,31409,-1
32066,20,36,1
32067,1440,13893,-1
32068,1276,47,-1
32069,20,166,1
32070,1440,5501,-1
32071,1440,40,-1
32072,20,12,1
32073,1194,29,-1
32074,1358,9,-1
32075,20,25,1
32076,563,291,1
32077,20,404,-1
32078,1077,982,1
32079,20,122,-1
32080,1358,8745,-1
32081,563,1420,1
32082,20,66,-1
32083,1358,10866,-1
32084,1358,72,-1
32085,1358,15,-1
32086,20,55,1
32087,1077,251,1
32088,1440,41,-1
32089,1440,12,-1
32090,1194,7,-1
32091,20,5,-1
32092,20,1,1
32093,1358,6958,-1
32094,20,17,1
32095,1358,38,-1
32096,1358,7,-1
32097,20,49,1
32098,1440,313,-1
32099,1276,22,-1
32100,1358,50,-1
32101,1358,5,-1
32102,20,28,1
32103,1440,206,-1
32104,1440,7,-1
32105,20,9,1
32106,1440,24,-1
32107,1440,7,-1
32108,1440,6,-1
32109,948,5,-1
32110,1440,5,-1
32111,1440,5,-1
32112,1194,5,-1
32113,20,37,1
32114,563,509,1
32115,20,72,-1
32116,1358,17153,-1
32117,563,4365,1
32118,20,135,-1
32119,1440,5396,-1
32120,1276,25,-1
32121,20,61,1
32122,1440,4752,-1
32123,1276,26,-1
32124,20,11,1
32125,1358,33,-1
32126,1358,53,-1
32127,1440,178,-1
32128,1440,13,-1
32129,1440,5,-1
32130,1112,5,-1
32131,1440,5,-1
32132,1276,5,-1
32133,1440,6,-1
32134,1440,5,-1
32135,1440,5,-1
32136,1112,5,-1
32137,20,3,1
32138,1440,1,-1
32139,1440,5,-1
32140,1440,5,-1
32141,1112,12,-1
32142,20,20,1
32143,1440,113,-1
32144,1276,40,-1
32145,1358,5,-1
32146,20,16,1
32147,563,1912,1
32148,20,172,-1
32149,1077,533,1
32150,20,133,-1
32151,563,720,1
32152,20,217,-1
32153,563,255,1
32154,20,160,-1
32155,1440,18202,-1
32156,1440,41,-1
32157,1440,15,-1
32158,1112,4,-1
32159,20,84,1
32160,1440,63115,-1
32161,1440,50,-1
32162,20,14,1
32163,1440,27,-1
32164,1440,8,-1
32165,1440,4,-1
32166,1440,4,-1
32167,866,4,-1
32168,20,43,1
32169,563,1095,1
32170,20,68,-1
32171,563,467,1
32172,20,85,-1
32173,563,2058,1
32174,20,116,-1
32175,1358,5515,-1
32176,1440,30,-1
32177,1440,15,-1
32178,1306,4,-1
32179,20,66,1
32180,563,1474,1
32181,20,74,-1
32182,563,1409,1
32183,20,113,-1
32184,563,56,1
32185,20,52,-1
32186,1077,35753,1
32187,20,140,-1
32188,1440,3005,-1
32189,1440,37,-1
32190,1194,17,-1
32191,20,65,1
32192,1077,242,1
32193,20,113,-1
32194,1358,4031,-1
32195,1077,309,1
32196,20,153,-1
32197,1358,18017,-1
32198,1077,1179,1
32199,20,145,-1
32200,1440,5084,-1
32201,1440,38,-1
32202,1194,7,-1
32203,20,102,1
32204,1480,584,1
32205,1159,46,1
32206,20,142,-1
32207,1358,2846,-1
32208,563,370,1
32209,20,195,-1
32210,1077,3189,1
32211,20,104,-1
32212,1480,1085,1
32213,131,93,1
32214,20,87,-1
32215,1077,760,1
32216,20,72,-1
32217,1358,424,-1
32218,1077,790,1
32219,20,91,-1
32220,1077,4388,1
32221,20,78,-1
32222,1480,21744,1
32223,131,93,1
32224,20,109,-1
32225,1480,105,1
32226,131,72,1
32227,20,47,-1
32228,410,18740,-1
32229,563,1676,1
32230,20,286,-1
32231,1358,101726,-1
32232,1077,869,1
32233,20,159,-1
32234,1358,4813,-1
32235,563,309,1
32236,20,99,-1
32237,1480,15,1
32238,1159,26,1
32239,20,58,-1
32240,1358,4759,-1
32241,563,927,1
32242,20,84,-1
32243,1077,638,1
32244,20,77,-1
32245,1480,12567,1
32246,131,105,1
32247,20,122,-1
32248,1358,13231,-1
32249,1440,17221,-1
32250,20,43,1
32251,1440,46,-1
32252,1194,20,-1
32253,20,77,1
32254,563,1031,1
32255,20,219,-1
32256,1440,1089,-1
32257,1276,81,-1
32258,1358,5,-1
32259,20,59,1
32260,1440,7513,-1
32261,1276,22,-1
32262,20,8,1
32263,362,675,-1
32264,563,458,1
32265,20,146,-1
32266,563,1666,1
32267,20,82,-1
32268,1358,20496,-1
32269,1440,14749,-1
32270,20,41,1
32271,1440,55,-1
32272,1194,11,-1
32273,20,73,1
32274,1358,9721,-1
32275,1077,984,1
32276,20,150,-1
32277,1077,15650,1
32278,20,191,-1
32279,1440,8368,-1
32280,1276,34,-1
32281,20,88,1
32282,563,1720,1
32283,20,125,-1
32284,563,2213,1
32285,20,138,-1
32286,1358,10093,-1
32287,1077,2012,1
32288,20,118,-1
32289,1480,85,1
32290,131,66,1
32291,20,59,-1
32292,1440,12594,-1
32293,1276,64,-1
32294,1358,15,-1
32295,1440,5,-1
32296,1276,6,-1
32297,20,80,1
32298,1358,654,-1
32299,1440,647,-1
32300,20,15,1
32301,1276,31,-1
32302,1440,1528,-1
32303,20,34,1
32304,1440,44,-1
32305,1194,9,-1
32306,1440,5,-1
32307,1276,5,-1
32308,20,36,1
32309,1358,706,-1
32310,1440,9,-1
32311,20,9,1
32312,1440,23,-1
32313,1440,7,-1
32314,20,8,1
32315,1440,20,-1
32316,1440,7,-1
32317,948,5,-1
32318,20,269,1
32319,563,396,1
32320,20,155,-1
32321,1440,112,-1
32322,1440,20,-1
32323,1194,5,-1
32324,20,51,1
32325,563,267,1
32326,20,102,-1
32327,1440,6424,-1
32328,1440,25,-1
32329,20,20,1
32330,1194,28,-1
32331,1358,8,-1
32332,20,33,1
32333,1358,6041,-1
32334,1038,8962,-1
32335,20,36,1
32336,563,53487,1
32337,20,164,-1
32338,1440,7450,-1
32339,1276,43,-1
32340,20,89,1
32341,563,864,1
32342,20,68,-1
32343,1358,6816,-1
32344,1480,22104,1
32345,131,205,1
32346,20,85,-1
32347,563,5038,1
32348,20,112,-1
32349,1358,8888,-1
32350,40,22853,-1
32351,20,54,1
32352,1480,442,1
32353,645,32,1
32354,20,50,-1
32355,1358,36000,-1
32356,1440,42,-1
32357,1276,6,-1
32358,20,93,1
32359,1440,1337,-1
32360,1440,30,-1
32361,20,36,1
32362,1194,28,-1
32363,1440,792,-1
32364,1440,33,-1
32365,1194,5,-1
32366,20,436,1
32367,563,287,1
32368,20,81,-1
32369,563,162,1
32370,20,80,-1
32371,1358,1512,-1
32372,1440,397,-1
32373,20,15,1
32374,1440,41,-1
32375,1194,10,-1
32376,20,26,1
32377,1358,9005,-1
32378,1358,52,-1
32379,20,15,1
32380,1440,1834,-1
32381,1440,64,-1
32382,20,23,1
32383,1194,22,-1
32384,1440,19,-1
32385,1276,5,-1
32386,1358,14,-1
32387,20,42,1
32388,1077,911,1
32389,20,144,-1
32390,563,854,1
32391,20,113,-1
32392,1440,1379,-1
32393,1440,46,-1
32394,1194,5,-1
32395,20,51,1
32396,1440,1928,-1
32397,1440,20,-1
32398,20,10,1
32399,1194,21,-1
32400,1358,1502,-1
32401,20,13,1
32402,563,414,1
32403,20,60,-1
32404,1317,67856,-1
32405,1077,916,1
32406,20,91,-1
32407,1358,12344,-1
32408,20,36560,1
32409,1358,1991,-1
32410,563,2834,1
32411,20,112,-1
32412,563,97,1
32413,20,933,-1
32414,1358,13098,-1
32415,1440,204,-1
32416,1276,18,-1
32417,20,54,1
32418,1358,15508,-1
32419,563,471,1
32420,20,119,-1
32421,564,56514,-1
32422,1358,35053,-1
32423,20,67,1
32424,854,93070,-1
32425,1077,464,1
32426,20,145,-1
32427,563,1240,1
32428,20,80,-1
32429,563,36,1
32430,20,258,-1
32431,1440,9857,-1
32432,1440,55,-1
32433,1194,10,-1
32434,20,118,1
32435,1358,78928,-1
32436,1440,19701,-1
32437,20,41,1
32438,1276,36,-1
32439,1480,573,1
32440,131,152,1
32441,20,581,-1
32442,1077,19,1
32443,20,87,-1
32444,477,15693,-1
32445,1480,20524,1
32446,1159,44,1
32447,20,135,-1
32448,1480,4806,1
32449,1480,36,1
32450,20,127,-1
32451,727,29,1
32452,20,170,-1
32453,1480,1990,1
32454,1480,73,1
32455,727,68,1
32456,20,178,-1
32457,20,11,-1
32458,1480,3712,1
32459,131,39,1
32460,20,112,-1
32461,563,5573,1
32462,20,224,-1
32463,563,185,1
32464,20,139,-1
32465,1077,5217,1
32466,20,140,-1
32467,1358,14982,-1
32468,20,36719,1
32469,1358,35954,-1
32470,602,17567,-1
32471,20,47,1
32472,1077,589,1
32473,20,109,-1
32474,1077,44714,1
32475,20,138,-1
32476,1077,931,1
32477,20,108,-1
32478,1358,12537,-1
32479,1358,4081,-1
32480,20,23,1
32481,1077,3044,1
32482,20,185,-1
32483,1358,7221,-1
32484,20,36780,1
32485,1349,17678,-1
32486,20,409,1
32487,563,2044,1
32488,20,112,-1
32489,563,109,1
32490,20,122,-1
32491,1358,20601,-1
32492,563,1397,1
32493,20,94,-1
32494,1358,48263,-1
32495,1358,253,-1
32496,20,130,1
32497,1358,34899,-1
32498,563,2892,1
32499,20,125,-1
32500,563,500,1
32501,20,279,-1
32502,1077,660,1
32503,20,142,-1
32504,563,109,1
32505,20,72,-1
32506,40,14734,-1
32507,20,38348,1
32508,1358,43919,-1
32509,1440,157,-1
32510,1276,11,-1
32511,20,89,1
32512,563,210,1
32513,20,66,-1
32514,1358,4195,-1
32515,1358,23627,-1
32516,20,30,1
32517,563,349,1
32518,20,139,-1
32519,563,12611,1
32520,20,169,-1
32521,1358,24343,-1
32522,563,408,1
32523,20,136,-1
32524,1078,24331,-1
32525,1077,406,1
32526,20,136,-1
32527,1440,104861,-1
32528,1440,46,-1
32529,1194,7,-1
32530,20,101,1
32531,1077,267,1
32532,20,192,-1
32533,777,26005,-1
32534,1440,638,-1
32535,20,15,1
32536,1276,43,-1
32537,563,3638,1
32538,20,144,-1
32539,1440,61100,-1
32540,1440,59,-1
32541,1194,7,-1
32542,20,83,1
32543,563,2051,1
32544,20,100,-1
32545,1358,18236,-1
32546,563,4208,1
32547,20,106,-1
32548,1480,1106,1
32549,645,78,1
32550,20,84,-1
32551,933,37390,-1
32552,1077,3392,1
32553,20,139,-1
32554,563,136746,-1
32555,1480,1763,1
32556,1159,40,1
32557,20,107,-1
32558,1358,46140,-1
32559,20,39252,1
32560,1440,13437,-1
32561,1276,56,-1
32562,1440,7,-1
32563,1440,14,-1
32564,1440,4,-1
32565,1112,4,-1
32566,20,77,1
32567,563,1029,1
32568,20,89,-1
32569,1358,3919,-1
32570,1358,28,-1
32571,20,79,1
32572,563,1259,1
32573,20,102,-1
32574,546,22953,-1
32575,1077,7318,1
32576,20,220,-1
32577,1077,1582,1
32578,20,124,-1
32579,563,158,1
32580,20,65,-1
32581,1077,4451,1
32582,20,124,-1
32583,1480,3500,1
32584,131,124,1
32585,20,92,-1
32586,1077,35699,1
32587,20,166,-1
32588,1077,504,1
32589,20,113,-1
32590,1440,73139,-1
32591,1276,46,-1
32592,20,108,1
32593,563,276,1
32594,20,134,-1
32595,1029,758,-1
32596,1077,5300,1
32597,20,141,-1
32598,1358,107005,-1
32599,1077,1621,1
32600,20,149,-1
32601,563,106,1
32602,20,108,-1
32603,1358,9067,-1
32604,59,10303,-1
32605,20,25,1
32606,563,2379,1
32607,20,119,-1
32608,563,104,1
32609,20,98,-1
32610,1358,27554,-1
32611,563,1504,1
32612,20,151,-1
32613,563,37161,-1
32614,20,77,1
32615,1358,180,-1
32616,20,37039,1
32617,1358,48254,-1
32618,563,2439,1
32619,20,151,-1
32620,563,1033,1
32621,20,123,-1
32622,350,248,-1
32623,563,38676,-1
32624,20,46,1
32625,20,1002,1
32626,1358,14400,-1
32627,563,466,1
32628,20,139,-1
32629,1358,62944,-1
32630,59,10943,-1
32631,20,34,1
32632,563,1934,1
32633,20,87,-1
32634,563,60,1
32635,20,52,-1
32636,1358,167115,-1
32637,563,1594,1
32638,20,72,-1
32639,311,3231,-1
32640,1077,253,1
32641,20,87,-1
32642,1358,3698,-1
32643,1358,401,-1
32644,20,15,1
32645,1029,123519,-1
32646,1077,502,1
32647,20,135,-1
32648,1480,11068,1
32649,1159,200,1
32650,20,129,-1
32651,1106,129894,-1
32652,563,313,1
32653,20,97,-1
32654,1440,61419,-1
32655,1276,32,-1
32656,1358,8,-1
32657,1358,5,-1
32658,1358,5,-1
32659,20,78,1
32660,1440,728,-1
32661,1276,26,-1
32662,20,11,1
32663,1358,29,-1
32664,1440,727,-1
32665,20,15,1
32666,1276,36,-1
32667,1440,8,-1
32668,1276,5,-1
32669,20,30,1
32670,1440,112,-1
32671,1440,6,-1
32672,1194,5,-1
32673,20,107,1
32674,1440,1832,-1
32675,1276,25,-1
32676,20,10,1
32677,1358,21,-1
32678,1440,390,-1
32679,1276,12,-1
32680,1358,2074,-1
32681,20,105,1
32682,1440,1203,-1
32683,1276,24,-1
32684,20,10,1
32685,563,256,1
32686,20,69,-1
32687,1122,95682,-1
32688,20,37012,1
32689,1358,26935,-1
32690,20,323,1
32691,1440,4088,-1
32692,1276,28,-1
32693,20,87,1
32694,1480,3710,1
32695,131,38,1
32696,20,118,-1
32697,777,56200,-1
32698,1440,29037,-1
32699,20,31,1
32700,1276,51,-1
32701,1358,1641,-1
32702,20,0,1
32703,563,15887,1
32704,20,118,-1
32705,1480,5455,1
32706,131,100,1
32707,20,83,-1
32708,748,76251,-1
32709,563,4311,1
32710,20,191,-1
32711,563,326,1
32712,20,157,-1
32713,563,123494,-1
32714,20,39348,1
32715,563,89498,-1
32716,1358,25599,-1
32717,20,71,1
32718,563,15422,1
32719,20,145,-1
32720,1358,27246,-1
32721,563,1651,1
32722,20,345,-1
32723,563,1878,1
32724,20,80,-1
32725,1077,50024,1
32726,20,111,-1
32727,563,2465,1
32728,20,122,-1
32729,563,81,1
32730,20,81,-1
32731,30,27824,-1
32732,20,36886,1
32733,1077,78307,1
32734,20,128,-1
32735,1440,47497,-1
32736,1276,0,-1
32737,20,4652,1
32738,1440,3973,-1
32739,1440,41,-1
32740,20,15,1
32741,1194,58,-1
32742,20,274,1
32743,563,76,1
32744,20,80,-1
32745,1440,4137,-1
32746,1276,31,-1
32747,20,61,1
32748,51,15953,-1
32749,563,21622,1
32750,20,156,-1
32751,563,14409,1
32752,20,220,-1
32753,1077,11297,1
32754,20,223,-1
32755,1358,28693,-1
32756,563,1892,1
32757,20,89,-1
32758,563,267,1
32759,20,77,-1
32760,563,391,1
32761,20,113,-1
32762,563,200,1
32763,20,61,-1
32764,563,74,1
32765,20,86,-1
32766,1077,190,1
32767,20,56,-1
32768,1440,19654,-1
32769,1276,41,-1
32770,20,111,1
32771,1440,123,-1
32772,1440,10,-1
32773,1194,5,-1
32774,1358,5,-1
32775,20,52,1
32776,1440,5649,-1
32777,1276,20,-1
32778,20,7,1
32779,1358,19,-1
32780,1358,853,-1
32781,20,12,1
32782,1440,244,-1
32783,1276,9,-1
32784,20,48,1
32785,1358,545,-1
32786,1440,29,-1
32787,20,11,1
32788,1276,11,-1
32789,1440,6275,-1
32790,20,16,1
32791,1276,41,-1
32792,1358,36,-1
32793,20,40,1
32794,1305,15180,-1
32795,563,400,1
32796,20,185,-1
32797,1358,121531,-1
32798,311,6440,-1
32799,20,37,1
32800,563,271,1
32801,20,87,-1
32802,1358,19714,-1
32803,1358,49,-1
32804,20,118,1
32805,563,334,1
32806,20,92,-1
32807,1077,124662,1
32808,20,138,-1
32809,1116,3196,-1
32810,563,1954,1
32811,20,82,-1
32812,563,348,1
32813,20,70,-1
32814,563,113,1
32815,20,103,-1
32816,563,147813,-1
32817,1358,7734,-1
32818,20,119,1
32819,1077,227,1
32820,20,86,-1
32821,563,5903,1
32822,20,128,-1
32823,825,122043,-1
32824,20,39457,1
32825,563,113133,-1
32826,20,164,1
32827,1480,6829,1
32828,131,102,1
32829,20,200,-1
32830,1077,9320,1
32831,20,154,-1
32832,563,264052,-1
32833,1440,37289,-1
32834,20,34,1
32835,1276,60,-1
32836,20,36175,1
32837,1358,59701,-1
32838,20,70,1
32839,1480,29330,1
32840,131,44,1
32841,20,169,-1
32842,321,3768,-1
32843,563,1545,1
32844,20,87,-1
32845,563,121,1
32846,20,65,-1
32847,1480,109102,1
32848,1480,98,1
32849,213,84,1
32850,20,82,-1
32851,20,18,-1
32852,563,155030,-1
32853,20,36674,1
32854,563,91466,-1
32855,20,81,1
32856,563,229,1
32857,20,138,-1
32858,1077,122576,1
32859,20,126,-1
32860,563,5369,-1
32861,20,39503,1
32862,1440,38427,-1
32863,20,42,1
32864,1276,66,-1
32865,20,27,1
32866,1440,4347,-1
32867,20,41,1
32868,1440,51,-1
32869,20,16,1
32870,1194,23,-1
32871,20,13,1
32872,1156,45934,-1
32873,20,36,1
32874,1358,20188,-1
32875,20,36,1
32876,825,128233,-1
32877,20,57,1
32878,563,1151,1
32879,20,191,-1
32880,1077,36216,1
32881,20,224,-1
32882,563,236,1
32883,20,166,-1
32884,1077,18601,1
32885,20,272,-1
32886,563,72618,-1
32887,563,1501,1
32888,20,135,-1
32889,1106,127369,-1
32890,20,39757,1
32891,563,11381,1
32892,20,162,-1
32893,1480,3174,1
32894,1159,96,1
32895,20,71,-1
32896,563,73440,-1
32897,20,163,1
32898,1358,23110,-1
32899,20,378,1
32900,563,85,1
32901,20,141,-1
32902,563,1447,1
32903,20,61,-1
32904,563,297,1
32905,20,118,-1
32906,563,140,1
32907,20,72,-1
32908,854,102974,-1
32909,563,2294,1
32910,20,87,-1
32911,563,60,1
32912,20,51,-1
32913,1440,39870,-1
32914,1276,39,-1
32915,20,77,1
32916,1358,48172,-1
32917,563,4497,1
32918,20,154,-1
32919,748,33056,-1
32920,20,38325,1
32921,1358,76756,-1
32922,20,317,1
32923,854,12217,-1
32924,20,385,1
32925,1480,160,1
32926,1159,49,1
32927,20,82,-1
32928,563,128236,-1
32929,563,283,1
32930,20,206,-1
32931,563,210807,-1
32932,20,38009,1
32933,1077,134752,-1
32934,563,24979,1
32935,20,210,-1
32936,1480,41067,1
32937,131,117,1
32938,20,189,-1
32939,563,100388,-1
32940,20,38297,1
32941,1440,486150,-1
32942,20,55,1
32943,1440,41,-1
32944,20,26,1
32945,399,28,-1
32946,20,21,1
32947,1440,7071,-1
32948,20,19,1
32949,1276,41,-1
32950,20,21,1
32951,1358,29,-1
32952,20,10,1
32953,1358,2586,-1
32954,20,16,1
32955,563,337,1
32956,20,218,-1
32957,361,118573,-1
32958,563,961,1
32959,20,115,-1
32960,1480,89410,1
32961,131,46,1
32962,20,142,-1
32963,563,113528,1
32964,20,264,-1
32965,563,130056,-1
32966,1358,9701,-1
32967,1358,25,-1
32968,20,76,1
32969,1358,213,-1
32970,1440,267,-1
32971,20,15,1
32972,1276,32,-1
32973,20,39348,1
32974,1440,9207,-1
32975,20,33,1
32976,1440,25,-1
32977,20,12,1
32978,1194,20,-1
32979,20,10,1
32980,255,78361,-1
32981,20,51,1
32982,1077,3782,1
32983,20,152,-1
32984,1480,3450,1
32985,131,35,1
32986,20,108,-1
32987,563,236107,-1
32988,20,36143,1
32989,563,133711,-1
32990,20,33,1
32991,563,1617,1
32992,20,166,-1
32993,1440,39152,-1
32994,1276,42,-1
32995,20,96,1
32996,1358,5475,-1
32997,20,39683,1
32998,1262,43794,-1
32999,20,55,1
33000,1077,2709,1
33001,20,407,-1
33002,563,2244,1
33003,20,88,-1
33004,563,309,1
33005,20,175,-1
33006,1077,177,1
33007,20,104,-1
33008,1480,664,1
33009,131,29,1
33010,20,72,-1
33011,1106,122039,-1
33012,563,391,1
33013,20,146,-1
33014,1077,59211,1
33015,20,101,-1
33016,563,69756,-1
33017,1358,25079,-1
33018,20,40,1
33019,563,2069,1
33020,20,92,-1
33021,563,159,1
33022,20,66,-1
33023,1358,6884,-1
33024,1358,6359,-1
33025,20,20,1
33026,1358,39,-1
33027,1358,3289,-1
33028,20,20,1
33029,1358,11278,-1
33030,563,1694,1
33031,20,204,-1
33032,1358,38753,-1
33033,563,2068,1
33034,20,103,-1
33035,563,81,1
33036,20,104,-1
33037,826,55284,-1
33038,563,2200,1
33039,20,82,-1
33040,563,131,1
33041,20,58,-1
33042,1358,64616,-1
33043,1358,12092,-1
33044,20,24,1
33045,1480,458,1
33046,131,54,1
33047,20,1209,-1
33048,1077,1262,1
33049,20,119,-1
33050,1087,45974,-1
33051,563,1291,1
33052,20,91,-1
33053,1358,101794,-1
33054,1077,346,1
33055,20,128,-1
33056,311,24516,-1
33057,1077,270,1
33058,20,82,-1
33059,1358,1069,-1
33060,1358,182,-1
33061,20,20,1
33062,1440,263,-1
33063,1440,24,-1
33064,1194,7,-1
33065,20,37,1
33066,1358,133,-1
33067,1440,3231,-1
33068,20,19,1
33069,1440,36,-1
33070,1194,78,-1
33071,20,65,1
33072,1440,8848,-1
33073,1276,35,-1
33074,20,21,1
33075,1440,166,-1
33076,1276,8,-1
33077,1440,7,-1
33078,1276,59,-1
33079,20,85,1
33080,1440,801,-1
33081,1276,34,-1
33082,20,10,1
33083,563,246,1
33084,20,72,-1
33085,1358,91947,-1
33086,1440,308,-1
33087,20,15,1
33088,1276,54,-1
33089,1358,201,-1
33090,20,15,1
33091,1440,20135,-1
33092,1276,64,-1
33093,20,127,1
33094,1440,30,-1
33095,1440,18,-1
33096,1440,8,-1
33097,1112,5,-1
33098,1440,5,-1
33099,1090,5,-1
33100,20,200,1
33101,1077,8751,1
33102,20,101,-1
33103,1358,60753,-1
33104,20,36229,1
33105,311,21936,-1
33106,20,172,1
33107,1358,29525,-1
33108,20,217,1
33109,282,98093,-1
33110,20,165,1
33111,1077,3363,1
33112,20,250,-1
33113,563,59056,1
33114,20,284,-1
33115,563,69348,-1
33116,563,9255,1
33117,20,194,-1
33118,1077,19,1
33119,20,115,-1
33120,1106,149386,-1
33121,563,1902,1
33122,20,74,-1
33123,563,114,1
33124,20,74,-1
33125,563,201565,-1
33126,563,2768,1
33127,20,62,-1
33128,563,108,1
33129,20,43,-1
33130,1106,127984,-1
33131,1480,355,1
33132,1159,62,1
33133,20,154,-1
33134,563,128096,-1
33135,1077,281,1
33136,20,110,-1
33137,563,128249,-1
33138,20,38100,1
33139,1106,92367,-1
33140,563,8523,1
33141,20,121,-1
33142,563,43477,1
33143,20,114,-1
33144,1077,68979,1
33145,20,180,-1
33146,1106,15640,-1
33147,1480,4540,1
33148,131,102,1
33149,20,57,-1
33150,563,123533,-1
33151,20,38362,1
33152,563,129194,-1
33153,1358,2453,-1
33154,20,118,1
33155,1281,127851,-1
33156,20,203,1
33157,1077,8747,1
33158,20,183,-1
33159,1480,923,1
33160,131,108,1
33161,20,87,-1
33162,1077,474,1
33163,20,73,-1
33164,563,212,1
33165,20,74,-1
33166,1077,556,1
33167,20,130,-1
33168,1077,673,1
33169,20,82,-1
33170,1077,464,1
33171,20,141,-1
33172,563,210301,-1
33173,20,36396,1
33174,1358,11082,-1
33175,20,47,1
33176,1358,657,-1
33177,20,63,1
33178,1077,695,1
33179,20,190,-1
33180,563,540,1
33181,20,90,-1
33182,1077,241,1
33183,20,140,-1
33184,1358,39510,-1
33185,1480,2753,1
33186,1159,97,1
33187,20,572,-1
33188,563,25,1
33189,20,59,-1
33190,563,47,1
33191,20,56,-1
33192,563,96,1
33193,20,56,-1
33194,1358,44775,-1
33195,563,1904,1
33196,20,67,-1
33197,563,82,1
33198,20,180,-1
33199,1068,35063,-1
33200,563,2089,1
33201,20,77,-1
33202,563,98,1
33203,20,55,-1
33204,563,44981,1
33205,20,95,-1
33206,1358,41787,-1
33207,563,416,1
33208,20,102,-1
33209,563,1425,1
33210,20,113,-1
33211,563,72,1
33212,20,72,-1
33213,854,40462,-1
33214,563,395,1
33215,20,90,-1
33216,1480,27832,1
33217,645,40,1
33218,20,129,-1
33219,1358,14446,-1
33220,563,1398,1
33221,20,108,-1
33222,1358,2476,-1
33223,563,200,1
33224,20,69,-1
33225,1358,41435,-1
33226,1077,548,1
33227,20,169,-1
33228,563,669,1
33229,20,110,-1
33230,1358,2820,-1
33231,563,1228,1
33232,20,128,-1
33233,1184,34461,-1
33234,563,468,1
33235,20,80,-1
33236,563,1074,1
33237,20,70,-1
33238,1077,18372,1
33239,20,200,-1
33240,1480,254,1
33241,131,87,1
33242,20,135,-1
33243,1358,27294,-1
33244,1358,15450,-1
33245,20,138,1
33246,1480,2647,1
33247,131,79,1
33248,20,231,-1
33249,1358,44617,-1
33250,1358,12132,-1
33251,20,132,1
33252,563,345,1
33253,20,118,-1
33254,641,4613,-1
33255,563,2096,1
33256,20,83,-1
33257,1358,32680,-1
33258,1077,344,1
33259,20,123,-1
33260,854,93457,-1
33261,563,338,1
33262,20,77,-1
33263,563,16,1
33264,20,70,-1
33265,1358,28765,-1
33266,20,37187,1
33267,1358,13355,-1
33268,563,397,1
33269,20,596,-1
33270,1480,211,1
33271,131,77,1
33272,20,176,-1
33273,1358,44153,-1
33274,1077,2391,1
33275,20,156,-1
33276,893,320,-1
33277,1077,1167,1
33278,20,188,-1
33279,1440,47435,-1
33280,20,49,1
33281,171,26,-1
33282,20,12,1
33283,1358,37872,-1
33284,563,2263,1
33285,20,137,-1
33286,563,304,1
33287,20,85,-1
33288,563,87,1
33289,20,93,-1
33290,282,38776,-1
33291,20,37672,1
33292,1358,7391,-1
33293,563,2066,1
33294,20,107,-1
33295,563,1399,-1
33296,20,31,1
33297,563,190,1
33298,20,147,-1
33299,1358,9523,-1
33300,1358,33684,-1
33301,20,56,1
33302,563,402,1
33303,20,91,-1
33304,1358,14480,-1
33305,1358,7865,-1
33306,20,125,1
33307,302,12436,-1
33308,1077,1848,1
33309,20,169,-1
33310,1358,37670,-1
33311,1480,379,1
33312,131,57,1
33313,20,77,-1
33314,1480,45,1
33315,131,42,1
33316,20,78,-1
33317,1358,83299,-1
33318,563,1848,1
33319,20,267,-1
33320,563,20,1
33321,20,64,-1
33322,59,3118,-1
33323,1077,16392,1
33324,20,127,-1
33325,563,226,1
33326,20,233,-1
33327,1358,65769,-1
33328,563,2150,1
33329,20,2393,-1
33330,563,19,1
33331,20,80,-1
33332,1358,45037,-1
33333,30,3919,-1
33334,20,28,1
33335,1358,27705,-1
33336,1077,410,1
33337,20,196,-1
33338,1358,11526,-1
33339,1358,25528,-1
33340,20,146,1
33341,1358,22412,-1
33342,563,2452,1
33343,20,208,-1
33344,563,46,1
33345,20,73,-1
33346,40,37654,-1
33347,20,36301,1
33348,1358,76042,-1
33349,854,16181,-1
33350,20,128,1
33351,1077,252,1
33352,20,92,-1
33353,1358,48390,-1
33354,20,38885,1
33355,1358,21265,-1
33356,1480,398,1
33357,131,33,1
33358,20,144,-1
33359,30,18632,-1
33360,20,40742,1
33361,1106,125532,-1
33362,20,302,1
33363,1440,96863,-1
33364,1440,46,-1
33365,1194,5,-1
33366,20,93,1
33367,176,32675,-1
33368,20,137,1
33369,563,128426,-1
33370,20,144,1
33371,563,1183267,1
33372,20,212,-1
33373,1480,267,1
33374,131,48,1
33375,20,172,-1
33376,563,722612,-1
33377,20,46,1
33378,563,164483,1
33379,20,153,-1
33380,563,30,1
33381,20,67,-1
33382,1077,112604,1
33383,20,159,-1
33384,563,37105,-1
33385,20,42,1
33386,563,285,1
33387,20,118,-1
33388,563,198366,-1
33389,20,36982,1
33390,1480,728038,1
33391,1159,120,1
33392,20,55,-1
33393,563,126,1
33394,20,64,-1
33395,563,886671,1
33396,20,184,-1
33397,1480,110800,1
33398,131,39,1
33399,20,97,-1
33400,563,47470,-1
33401,20,42,1
33402,563,952678,1
33403,20,265,-1
33404,563,1775716,-1
33405,20,73,1
33406,563,1811577,-1
33407,20,34,1
33408,1106,129055,-1
33409,20,21,1
33410,563,231459,-1
33411,20,36,1
33412,563,128299,-1
33413,20,27,1
33414,563,560837,-1
33415,20,37,1
33416,563,4359950,1
33417,20,134,-1
33418,563,1315915,-1
33419,20,64,1
33420,563,1325494,-1
33421,20,36,1
33422,1106,127708,-1
33423,20,45,1
33424,1480,1905436,1
33425,131,101,1
33426,20,55,-1
33427,563,404237,-1
33428,20,36451,1
33429,1077,890403,1
33430,20,182,-1
33431,1077,703,1
33432,20,211,-1
33433,563,207015,-1
33434,20,45,1
33435,563,127971,-1
33436,20,59,1
33437,563,163398,-1
33438,20,38,1
33439,563,236624,-1
33440,20,39,1
33441,563,9261106,1
33442,20,150,-1
33443,563,163509,-1
33444,20,37,1
33445,563,403011,-1
33446,20,66,1
33447,563,5432406,1
33448,20,179,-1
33449,563,241042,-1
33450,20,60,1
33451,563,759279,1
33452,20,195,-1
33453,563,155724,-1
33454,20,41,1
33455,1077,234048,1
33456,20,168,-1
33457,563,258358,-1
33458,20,61,1
33459,563,129043,-1
33460,20,32,1
33461,563,373956,-1
33462,20,56,1
33463,1480,920665,1
33464,131,70,1
33465,20,88,-1
33466,1440,410511,-1
33467,20,61,1
33468,685,33,-1
33469,20,20,1
33470,563,589109,1
33471,20,326,-1
33472,563,173584,-1
33473,20,31,1
33474,563,827537,1
33475,20,289,-1
33476,563,500019,-1
33477,20,66,1
33478,563,1500658,1
33479,20,314,-1
33480,563,95671,-1
33481,20,36,1
33482,563,128633,-1
33483,20,58,1
33484,563,464588,-1
33485,20,38,1
33486,1077,310912,1
33487,20,151,-1
33488,563,142170,-1
33489,20,46,1
33490,1106,128393,-1
33491,20,51,1
33492,563,1730669,1
33493,20,173,-1
33494,563,156498,-1
33495,20,98,1
33496,563,574476,-1
33497,20,60,1
33498,563,1269788,1
33499,20,211,-1
33500,563,151160,-1
33501,20,45,1
33502,1480,752074,1
33503,131,209,1
33504,20,212,-1
33505,1077,1000782,1
33506,20,128,-1
33507,1480,1000669,1
33508,131,90,1
33509,20,58,-1
33510,1077,108,1
33511,20,57,-1
33512,563,807027,-1
33513,20,61,1
33514,1077,192070,1
33515,20,133,-1
33516,563,94476,1
33517,20,120,-1
33518,563,188597,-1
33519,20,45,1
33520,1480,717085,1
33521,131,271,1
33522,20,164,-1
33523,563,564152,-1
33524,20,66,1
33525,563,435260,1
33526,20,160,-1
33527,563,1999812,1
33528,20,196,-1
33529,563,94974,1
33530,20,229,-1
33531,563,193135,-1
33532,20,33,1
33533,563,712047,1
33534,20,135,-1
33535,563,95543,1
33536,20,80,-1
33537,563,307235,-1
33538,20,73,1
33539,1077,693567,1
33540,20,125,-1
33541,563,51,1
33542,20,97,-1
33543,563,165646,-1
33544,20,37,1
33545,563,127871,-1
33546,20,52,1
33547,563,127666,-1
33548,20,33,1
33549,563,308876,-1
33550,20,38,1
33551,563,351123,-1
33552,20,37,1
33553,1077,325773,1
33554,20,326,-1
33555,1480,143,1
33556,131,85,1
33557,20,71,-1
33558,563,60883,-1
33559,20,40,1
33560,563,127918,-1
33561,20,36,1
33562,1106,128762,-1
33563,20,106,1
33564,1440,60889,-1
33565,20,59,1
33566,685,35,-1
33567,20,9,1
33568,563,213456,1
33569,20,166,-1
33570,563,155509,-1
33571,20,46,1
33572,563,844797,1
33573,20,204,-1
33574,563,113856,-1
33575,20,44,1
33576,563,128080,-1
33577,20,48,1
33578,563,129587,-1
33579,20,38,1
33580,563,629070,1
33581,20,180,-1
33582,563,157427,-1
33583,20,38,1
33584,563,627078,-1
33585,20,61,1
33586,1077,4510854,1
33587,20,149,-1
33588,563,239191,-1
33589,20,71,1
33590,563,128501,-1
33591,20,46,1
33592,563,3261083,-1
33593,20,31,1
33594,1480,8865941,1
33595,131,121,1
33596,20,90,-1
33597,563,410129,-1
33598,20,59,1
33599,563,577101,-1
33600,20,47,1
33601,563,5109714,1
33602,20,195,-1
33603,563,2898459,1
33604,20,246,-1
33605,563,153728,-1
33606,20,37,1
33607,1077,2946418,1
33608,20,119,-1
33609,563,1001908,1
33610,20,153,-1
33611,563,56,1
33612,20,93,-1
33613,563,13,1
33614,20,50,-1
33615,563,15,1
33616,20,87,-1
33617,1480,999861,1
33618,131,87,1
33619,20,64,-1
33620,563,896687,1
33621,20,181,-1
33622,1077,100009,1
33623,20,122,-1
33624,563,147,1
33625,20,123,-1
33626,563,141711,-1
33627,20,58,1
33628,563,127896,-1
33629,20,60,1
33630,1106,128589,-1
33631,20,39,1
33632,563,1528,1
33633,20,119,-1
33634,563,257934,-1
33635,1077,290,1
33636,20,106,-1
33637,563,241976,1
33638,20,138,-1
33639,563,437,1
33640,20,84,-1
33641,563,84857,-1
33642,20,39149,1
33643,563,122242,-1
33644,20,55,1
33645,563,10424,-1
33646,20,47,1
33647,1480,845757,1
33648,1159,36,1
33649,20,104,-1
33650,563,1752568,-1
33651,20,50,1
33652,563,144286,1
33653,20,149,-1
33654,563,161895,-1
33655,20,36,1
33656,563,838437,1
33657,20,143,-1
33658,563,152986,-1
33659,20,36,1
33660,1480,256075,1
33661,131,36,1
33662,20,116,-1
33663,1440,407984,-1
33664,20,55,1
33665,685,34,-1
33666,20,9,1
33667,563,1183964,1
33668,20,149,-1
33669,1077,99384,1
33670,20,119,-1
33671,1480,969,1
33672,1159,56,1
33673,20,41,-1
33674,563,68429,-1
33675,20,37,1
33676,1077,831889,1
33677,20,190,-1
33678,563,98349,1
33679,20,136,-1
33680,563,46991,-1
33681,20,61,1
33682,563,127995,-1
33683,20,44,1
33684,1077,824731,1
33685,20,342,-1
33686,563,902384,1
33687,20,160,-1
33688,1480,98277,1
33689,131,96,1
33690,20,56,-1
33691,563,54414,-1
33692,20,36,1
33693,1480,945216,1
33694,645,111,1
33695,20,87,-1
33696,563,902109,1
33697,20,267,-1
33698,563,174921,-1
33699,20,42,1
33700,563,922049,1
33701,20,148,-1
33702,563,2902875,1
33703,20,159,-1
33704,1480,96709,1
33705,131,200,1
33706,20,56,-1
33707,563,54197,-1
33708,20,33,1
33709,563,3849254,1
33710,20,114,-1
33711,563,226197,-1
33712,20,55,1
33713,563,774699,1
33714,20,154,-1
33715,563,274661,-1
33716,20,58,1
33717,563,1095,1
33718,20,135,-1
33719,1077,78,1
33720,20,95,-1
33721,563,127858,-1
33722,20,39436,1
33723,1077,557172,1
33724,20,148,-1
33725,563,97,1
33726,20,74,-1
33727,563,286048,-1
33728,20,57,1
33729,1358,123284,-1
33730,20,36,1
33731,854,43793,-1
33732,20,35,1
33733,563,1547932,1
33734,20,161,-1
33735,563,90302,1
33736,20,111,-1
33737,1077,591,1
33738,20,108,-1
33739,563,60518,-1
33740,20,30,1
33741,1077,988,1
33742,20,144,-1
33743,1358,101763,-1
33744,311,26194,-1
33745,20,43,1
33746,563,718979,1
33747,20,337,-1
33748,563,252171,-1
33749,563,997,1
33750,20,195,-1
33751,1077,291,1
33752,20,72,-1
33753,563,131755,-1
33754,20,37526,1
33755,1077,386888,1
33756,20,176,-1
33757,1480,199,1
33758,131,92,1
33759,20,105,-1
33760,563,189399,1
33761,20,167,-1
33762,563,20206,-1
33763,20,37,1
33764,563,69674,1
33765,20,126,-1
33766,1077,769,1
33767,20,118,-1
33768,1358,60992,-1
33769,20,35,1
33770,563,1070,1
33771,20,158,-1
33772,1077,468,1
33773,20,177,-1
33774,311,35172,-1
33775,563,23944,-1
33776,20,53,1
33777,20,13447,1
33778,1077,6247771,1
33779,20,164,-1
33780,563,249557,-1
33781,20,60,1
33782,1480,13483470,1
33783,131,108,1
33784,20,80,-1
33785,1440,409636,-1
33786,20,47,1
33787,685,25,-1
33788,20,22,1
33789,563,5587615,1
33790,20,144,-1
33791,563,151335,-1
33792,20,39,1
33793,563,1028,1
33794,20,112,-1
33795,1077,70,1
33796,20,57,-1
33797,563,130312,-1
33798,20,36776,1
33799,563,5679981,1
33800,20,208,-1
33801,563,248389,-1
33802,20,66,1
33803,563,1023,1
33804,20,193,-1
33805,1077,102,1
33806,20,111,-1
33807,563,126426,-1
33808,20,36410,1
33809,563,197911,-1
33810,20,51,1
33811,563,1391237,1
33812,20,264,-1
33813,563,156115,-1
33814,20,52,1
33815,563,787,1
33816,20,151,-1
33817,1077,258,1
33818,20,117,-1
33819,563,126615,-1
33820,20,37443,1
33821,563,684674,-1
33822,20,51,1
33823,563,995535,1
33824,20,504,-1
33825,563,162969,-1
33826,20,69,1
33827,1077,87801,1
33828,20,196,-1
33829,563,211140,-1
33830,20,41,1
33831,563,128417,-1
33832,20,50,1
33833,563,410687,1
33834,20,217,-1
33835,563,153577,-1
33836,20,66,1
33837,563,1845982,1
33838,20,140,-1
33839,563,153966,-1
33840,20,51,1
33841,563,1120,1
33842,20,242,-1
33843,1077,190,1
33844,20,113,-1
33845,563,126467,-1
33846,20,37207,1
33847,563,681935,1
33848,20,144,-1
33849,563,147491,-1
33850,20,36,1
33851,1480,256896,1
33852,131,100,1
33853,20,57,-1
33854,563,375415,-1
33855,20,58,1
33856,563,79843,1
33857,20,143,-1
33858,563,1121,1
33859,20,63,-1
33860,563,425,1
33861,20,58,-1
33862,563,139751,1
33863,20,150,-1
33864,563,25453,-1
33865,20,36,1
33866,563,128538,-1
33867,20,35,1
33868,1106,164784,-1
33869,20,56,1
33870,563,539599,1
33871,20,437,-1
33872,1077,334,1
33873,20,81,-1
33874,563,140388,1
33875,20,165,-1
33876,563,13248,-1
33877,20,38,1
33878,563,128265,-1
33879,20,43,1
33880,1106,170055,-1
33881,20,91,1
33882,563,1689056,1
33883,20,198,-1
33884,563,162111,-1
33885,20,56,1
33886,563,1147,1
33887,20,113,-1
33888,1077,102,1
33889,20,87,-1
33890,563,126437,-1
33891,20,38794,1
33892,563,527684,1
33893,20,151,-1
33894,1077,646,1
33895,20,78,-1
33896,563,275956,-1
33897,20,57,1
33898,563,2866334,1
33899,20,190,-1
33900,563,155753,-1
33901,20,46,1
33902,563,958,1
33903,20,138,-1
33904,1077,327,1
33905,20,61,-1
33906,563,126213,-1
33907,20,39381,1
33908,1077,12459380,1
33909,20,215,-1
33910,1480,120,1
33911,131,48,1
33912,20,55,-1
33913,563,209818,-1
33914,20,37,1
33915,563,128355,-1
33916,20,53,1
33917,1440,67671,-1
33918,20,51,1
33919,685,25,-1
33920,20,8,1
33921,563,3594382,1
33922,20,148,-1
33923,563,254929,-1
33924,20,154,1
33925,1480,16154506,1
33926,131,264,1
33927,20,179,-1
33928,563,415644,-1
33929,20,73,1
33930,563,5966274,-1
33931,20,37,1
33932,1077,8645795,1
33933,20,157,-1
33934,563,259225,-1
33935,20,52,1
33936,563,128527,-1
33937,20,36,1
33938,1480,4994560,1
33939,131,92,1
33940,20,45,-1
33941,1440,402757,-1
33942,20,56,1
33943,685,236,-1
33944,20,14,1
33945,563,319,1
33946,20,236,-1
33947,1077,6797711,1
33948,20,171,-1
33949,563,138,1
33950,20,68,-1
33951,563,204533,-1
33952,20,35,1
33953,563,128775,-1
33954,20,87,1
33955,563,128561,-1
33956,20,44,1
33957,563,1359,1
33958,20,190,-1
33959,563,235590,-1
33960,1077,329,1
33961,20,100,-1
33962,563,330978,-1
33963,20,40031,1
33964,1480,5984403,1
33965,131,46,1
33966,20,113,-1
33967,1440,617921,-1
33968,171,52,-1
33969,20,14,1
33970,1077,5529850,1
33971,20,181,-1
33972,1480,144,1
33973,131,75,1
33974,20,77,-1
33975,563,341293,-1
33976,20,56,1
33977,563,35895,-1
33978,20,39308,1
33979,563,53272,-1
33980,20,37,1
33981,1077,3727979,1
33982,20,4588,-1
33983,563,196871,-1
33984,20,57,1
33985,563,128840,-1
33986,20,51,1
33987,1480,15849251,1
33988,131,58,1
33989,20,77,-1
33990,563,157686,-1
33991,20,104,1
33992,1440,246109,-1
33993,20,58,1
33994,685,16,-1
33995,20,15,1
33996,563,12590445,1
33997,20,139,-1
33998,563,285601,-1
33999,20,164,1
34000,1480,7141163,1
34001,131,126,1
34002,20,82,-1
34003,563,374801,-1
34004,20,91,1
34005,1077,1187240,1
34006,20,270,-1
34007,563,97,1
34008,20,77,-1
34009,563,437,1
34010,20,88,-1
34011,563,215842,-1
34012,20,162,1
34013,1358,117560,-1
34014,20,54,1
34015,1480,727,1
34016,1159,90,1
34017,20,128,-1
34018,311,11668,-1
34019,20,38703,1
34020,563,248432,-1
34021,20,46,1
34022,563,147183,-1
34023,20,71,1
34024,563,2385477,-1
34025,20,65,1
34026,563,2302,1
34027,20,236,-1
34028,563,245413,-1
34029,20,37290,1
34030,563,2970839,-1
34031,20,40,1
34032,563,4217170,-1
34033,20,83,1
34034,563,8169582,1
34035,20,483,-1
34036,1480,1243,1
34037,131,270,1
34038,20,757,-1
34039,563,554,1
34040,20,313,-1
34041,563,219220,-1
34042,20,51,1
34043,563,59489,-1
34044,20,59,1
34045,563,68803,-1
34046,20,39,1
34047,1358,23957,-1
34048,20,46,1
34049,1310,35338,-1
34050,20,41,1
34051,1077,2597567,1
34052,20,267,-1
34053,563,297229,-1
34054,20,60,1
34055,563,127882,-1
34056,20,46,1
34057,1480,16985381,1
34058,131,128,1
34059,20,334,-1
34060,563,374871,-1
34061,20,172,1
34062,563,10641863,1
34063,20,181,-1
34064,563,192086,-1
34065,20,51,1
34066,563,535,1
34067,20,4405,-1
34068,1077,1363862,1
34069,20,265,-1
34070,563,701291,-1
34071,20,38365,1
34072,563,128506,-1
34073,20,38,1
34074,1480,6931164,1
34075,131,72,1
34076,20,87,-1
34077,1440,422765,-1
34078,20,48,1
34079,685,25,-1
34080,20,10,1
34081,1077,20008206,1
34082,20,231,-1
34083,1480,108,1
34084,131,30,1
34085,20,98,-1
34086,1440,431452,-1
34087,20,77,1
34088,171,45,-1
34089,20,15,1
34090,563,340,1
34091,20,277,-1
34092,563,88973,-1
34093,20,83,1
34094,1077,42261,-1
34095,20,39017,1
34096,563,54080,-1
34097,20,54,1
34098,563,343186,1
34099,20,159,-1
34100,563,191922,1
34101,20,242,-1
34102,563,87,1
34103,20,146,-1
34104,563,69361,-1
34105,20,97,1
34106,563,7667323,-1
34107,20,51,1
34108,1480,11646640,1
34109,131,147,1
34110,20,473,-1
34111,563,433374,-1
34112,20,54,1
34113,1077,10735035,1
34114,20,164,-1
34115,563,297909,-1
34116,20,97,1
34117,563,128761,-1
34118,20,45,1
34119,1480,8836178,1
34120,131,337,1
34121,20,165,-1
34122,1440,449268,-1
34123,20,53,1
34124,685,13,-1
34125,20,8,1
34126,1480,20002592,1
34127,645,128,1
34128,20,76,-1
34129,1480,129,1
34130,131,49,1
34131,20,62,-1
34132,1077,270426,1
34133,20,178,-1
34134,563,199257,-1
34135,20,54,1
34136,563,101027,-1
34137,20,55,1
34138,563,128867,-1
34139,20,35,1
34140,563,132218,-1
34141,20,42,1
34142,563,179480,-1
34143,20,36,1
34144,1480,19451838,1
34145,131,41,1
34146,20,208,-1
34147,563,443809,-1
34148,20,100,1
34149,563,8554280,1
34150,20,136,-1
34151,563,259371,-1
34152,20,51,1
34153,1077,536568,1
34154,20,168,-1
34155,563,254487,-1
34156,20,126,1
34157,563,127720,-1
34158,20,55,1
34159,1480,10262202,1
34160,131,37,1
34161,20,149,-1
34162,563,435856,-1
34163,20,51,1
34164,1480,16464109,1
34165,131,92,1
34166,20,87,-1
34167,563,600416,-1
34168,20,46,1
34169,563,156997,-1
34170,20,46,1
34171,563,128631,-1
34172,20,44,1
34173,563,1490,1
34174,20,110,-1
34175,563,238304,-1
34176,1077,311,1
34177,20,125,-1
34178,563,328387,-1
34179,20,38738,1
34180,1077,2039237,1
34181,20,154,-1
34182,1480,273,1
34183,131,63,1
34184,20,64,-1
34185,563,275736,-1
34186,20,55,1
34187,1358,127453,-1
34188,20,38,1
34189,767,530,-1
34190,20,12,1
34191,563,84475,-1
34192,20,59,1
34193,563,131351,-1
34194,20,37,1
34195,1480,19792218,1
34196,131,98,1
34197,20,48,-1
34198,1440,405143,-1
34199,20,56,1
34200,685,43,-1
34201,20,7,1
34202,563,6591854,1
34203,20,236,-1
34204,563,252241,-1
34205,20,53,1
34206,1077,1234055,1
34207,20,226,-1
34208,563,565322,-1
34209,20,52,1
34210,563,148092,-1
34211,20,43,1
34212,1480,11209358,1
34213,131,93,1
34214,20,78,-1
34215,563,371973,-1
34216,20,72,1
34217,563,4122086,1
34218,20,144,-1
34219,563,130970,-1
34220,20,38,1
34221,563,2341,1
34222,20,150,-1
34223,563,135421,-1
34224,563,1903,1
34225,20,122,-1
34226,563,260282,-1
34227,20,39399,1
34228,1480,3242692,1
34229,131,32,1
34230,20,146,-1
34231,1440,430937,-1
34232,20,67,1
34233,171,36,-1
34234,20,15,1
34235,563,8487015,-1
34236,20,34,1
34237,1077,837841,1
34238,20,1008,-1
34239,563,254617,-1
34240,20,54,1
34241,563,128119,-1
34242,20,46,1
34243,1077,1919275,1
34244,20,139,-1
34245,1480,148,1
34246,131,74,1
34247,20,88,-1
34248,563,418833,-1
34249,20,63,1
34250,563,178385,-1
34251,20,67,1
34252,563,189064,-1
34253,20,36,1
34254,563,3326403,1
34255,20,141,-1
34256,563,143358,-1
34257,20,48,1
34258,563,247,1
34259,20,108,-1
34260,1480,16154654,1
34261,131,63,1
34262,20,83,-1
34263,563,424415,-1
34264,20,47,1
34265,1480,19840698,1
34266,131,100,1
34267,20,57,-1
34268,1480,4211,1
34269,131,36,1
34270,20,51,-1
34271,1480,154358,1
34272,131,97,1
34273,20,121,-1
34274,563,306200,-1
34275,20,38944,1
34276,1440,47119,-1
34277,20,67,1
34278,685,20,-1
34279,20,15,1
34280,1106,79801,-1
34281,20,35,1
34282,563,1393,1
34283,20,133,-1
34284,1358,102794,-1
34285,282,25009,-1
34286,20,36,1
34287,563,1698,1
34288,20,101,-1
34289,563,66,1
34290,20,72,-1
34291,563,145439,-1
34292,20,36170,1
34293,563,333395,-1
34294,20,55,1
34295,1077,281,1
34296,20,126,-1
34297,563,156750,-1
34298,20,36890,1
34299,563,581924,-1
34300,20,76,1
34301,1440,2089,-1
34302,20,21,1
34303,1440,36,-1
34304,20,20,1
34305,1194,17,-1
34306,20,10,1
34307,1358,4010,-1
34308,20,39,1
34309,1358,2306,-1
34310,20,22,1
34311,1358,1333,-1
34312,20,19,1
34313,1480,11723,1
34314,131,124,1
34315,20,117,-1
34316,1480,20236,1
34317,131,129,1
34318,20,229,-1
34319,1077,6376,1
34320,20,399,-1
34321,1077,10625,1
34322,20,128,-1
34323,1077,6686,1
34324,20,167,-1
34325,1440,61508,-1
34326,1276,44,-1
34327,1440,5,-1
34328,1440,6,-1
34329,1129,4,-1
34330,20,84,1
34331,1440,112100,-1
34332,1276,46,-1
34333,20,11,1
34334,1440,6829,-1
34335,1440,41,-1
34336,20,11,1
34337,1194,27,-1
34338,128,16675,-1
34339,20,133,1
34340,1358,96207,-1
34341,1358,2417,-1
34342,20,20,1
34343,515,69499,-1
34344,20,36932,1
34345,563,91144,-1
34346,20,152,1
34347,1358,98841,-1
34348,1077,1485,1
34349,20,220,-1
34350,1480,1641,1
34351,131,41,1
34352,20,87,-1
34353,563,73,1
34354,20,79,-1
34355,854,26183,-1
34356,20,40025,1
34357,1358,28693,-1
34358,563,1590,1
34359,20,129,-1
34360,563,13714,1
34361,20,155,-1
34362,825,94696,-1
34363,1358,15816,-1
34364,20,36,1
34365,563,3364,1
34366,20,169,-1
34367,563,363,1
34368,20,89,-1
34369,563,444,1
34370,20,109,-1
34371,563,442,1
34372,20,236,-1
34373,563,293,1
34374,20,189,-1
34375,563,15,1
34376,20,54,-1
34377,282,122669,-1
34378,20,36743,1
34379,1106,124591,-1
34380,20,337,1
34381,1077,286,1
34382,20,153,-1
34383,1358,78596,-1
34384,1358,35212,-1
34385,20,36,1
34386,1077,355,1
34387,20,89,-1
34388,563,22,1
34389,20,137,-1
34390,602,14070,-1
34391,563,487,1
34392,20,86,-1
34393,563,18,1
34394,20,53,-1
34395,1358,78058,-1
34396,563,392,1
34397,20,89,-1
34398,1358,5121,-1
34399,1077,244,1
34400,20,133,-1
34401,30,44639,-1
34402,563,285,1
34403,20,120,-1
34404,563,127802,-1
34405,20,36066,1
34406,563,92320,-1
34407,20,39672,1
34408,1358,34295,-1
34409,1358,2935,-1
34410,20,143,1
34411,563,961,1
34412,20,118,-1
34413,1440,12614,-1
34414,1440,46,-1
34415,1194,6,-1
34416,1358,4,-1
34417,20,78,1
34418,1358,1471,-1
34419,1358,622,-1
34420,20,15,1
34421,563,255,1
34422,20,106,-1
34423,1440,84035,-1
34424,1440,56,-1
34425,1194,9,-1
34426,527,6,-1
34427,20,72,1
34428,1440,27724,-1
34429,1440,56,-1
34430,20,17,1
34431,1194,21,-1
34432,1440,9,-1
34433,1276,5,-1
34434,20,77,1
34435,1440,16241,-1
34436,1440,65,-1
34437,20,23,1
34438,1440,47,-1
34439,1112,15,-1
34440,1440,33,-1
34441,1276,5,-1
34442,1358,6,-1
34443,20,338,1
34444,563,4973,1
34445,20,252,-1
34446,1440,43683,-1
34447,1276,45,-1
34448,20,11,1
34449,1440,49477,-1
34450,1276,92,-1
34451,20,17,1
34452,1440,133,-1
34453,1440,13,-1
34454,1194,5,-1
34455,1358,3,-1
34456,20,209,1
34457,1440,21779,-1
34458,1440,51,-1
34459,20,25,1
34460,1194,31,-1
34461,1440,10,-1
34462,1440,5,-1
34463,1194,5,-1
34464,1358,5,-1
34465,20,27,1
34466,563,1672,1
34467,20,194,-1
34468,1440,5807,-1
34469,1440,30,-1
34470,1194,7,-1
34471,1358,5,-1
34472,20,65,1
34473,1440,600,-1
34474,1440,12,-1
34475,20,11,1
34476,1440,23,-1
34477,1112,9,-1
34478,20,402,1
34479,1440,47204,-1
34480,1440,45,-1
34481,20,16,1
34482,1194,33,-1
34483,1440,11,-1
34484,1276,5,-1
34485,20,97,1
34486,563,1271,1
34487,20,834,-1
34488,1440,51457,-1
34489,1276,59,-1
34490,1440,18,-1
34491,1440,5,-1
34492,1194,5,-1
34493,1440,5,-1
34494,1276,5,-1
34495,20,73,1
34496,563,687,1
34497,20,555,-1
34498,1106,15,1
34499,20,79,-1
34500,563,606,1
34501,20,159,-1
34502,1440,23832,-1
34503,1440,42,-1
34504,1440,5,-1
34505,1440,5,-1
34506,1030,5,-1
34507,1440,4,-1
34508,971,4,-1
34509,20,102,1
34510,563,622,1
34511,20,85,-1
34512,1358,92912,-1
34513,282,34545,-1
34514,20,39,1
34515,563,4840,1
34516,20,153,-1
34517,1106,124070,-1
34518,563,933,1
34519,20,211,-1
34520,1440,93178,-1
34521,1276,41,-1
34522,20,102,1
34523,1000,35026,-1
34524,563,1209,1
34525,20,108,-1
34526,1358,46761,-1
34527,563,928,1
34528,20,84,-1
34529,1358,74249,-1
34530,1358,57,-1
34531,20,87,1
34532,563,859,1
34533,20,102,-1
34534,806,4142,-1
34535,563,897,1
34536,20,77,-1
34537,563,224115,-1
34538,20,40448,1
34539,563,126963,-1
34540,20,83,1
34541,563,1203,1
34542,20,177,-1
34543,1440,34152,-1
34544,1440,51,-1
34545,1194,9,-1
34546,1358,5,-1
34547,20,75,1
34548,1358,272,-1
34549,1358,11,-1
34550,20,10,1
34551,563,663,1
34552,20,201,-1
34553,1440,1980,-1
34554,1440,26,-1
34555,1194,15,-1
34556,20,57,1
34557,563,1031,1
34558,20,233,-1
34559,1440,6514,-1
34560,1276,53,-1
34561,1358,19,-1
34562,20,82,1
34563,563,26679,1
34564,20,205,-1
34565,188,56036,-1
34566,563,980,1
34567,20,77,-1
34568,1440,26428,-1
34569,1276,49,-1
34570,20,113,1
34571,1358,40206,-1
34572,20,37930,1
34573,1262,22854,-1
34574,20,52,1
34575,563,966,1
34576,20,155,-1
34577,1106,130455,-1
34578,563,1002,1
34579,20,98,-1
34580,563,109498,1
34581,20,139,-1
34582,1106,18326,-1
34583,563,876,1
34584,20,104,-1
34585,1358,125490,-1
34586,563,874,1
34587,20,64,-1
34588,854,642,-1
34589,1440,1595,-1
34590,20,28,1
34591,1276,30,-1
34592,563,167,1
34593,20,80,-1
34594,1358,116140,-1
34595,1358,1250,-1
34596,20,15,1
34597,1358,36,-1
34598,1358,1556,-1
34599,20,12,1
34600,563,414,1
34601,20,138,-1
34602,1358,1551,-1
34603,563,1052,1
34604,20,139,-1
34605,138,5303,-1
34606,563,32552,1
34607,20,113,-1
34608,563,146829,-1
34609,1358,7149,-1
34610,20,22,1
34611,253,127549,-1
34612,563,998,1
34613,20,139,-1
34614,1358,54841,-1
34615,1440,57,-1
34616,1276,12,-1
34617,20,198,1
34618,563,1157,1
34619,20,113,-1
34620,748,72486,-1
34621,20,38145,1
34622,1358,6106,-1
34623,20,298,1
34624,563,485,1
34625,20,71,-1
34626,854,83410,-1
34627,563,902,1
34628,20,87,-1
34629,1358,36578,-1
34630,1358,3185,-1
34631,20,63,1
34632,563,961,1
34633,20,66,-1
34634,544,87042,-1
34635,563,1125,1
34636,20,194,-1
34637,563,22360,1
34638,20,362,-1
34639,1106,104182,-1
34640,563,908,1
34641,20,200,-1
34642,1106,127661,-1
34643,1440,4701,-1
34644,1276,25,-1
34645,20,77,1
34646,1358,117431,-1
34647,234,6477,-1
34648,20,31,1
34649,563,137984,-1
34650,20,37031,1
34651,1440,56121,-1
34652,1440,56,-1
34653,1194,10,-1
34654,1440,5,-1
34655,1276,5,-1
34656,20,63,1
34657,1358,7338,-1
34658,20,283,1
34659,563,59,1
34660,20,109,-1
34661,1440,3190,-1
34662,1276,44,-1
34663,1358,5,-1
34664,20,67,1
34665,1440,15,-1
34666,1440,9,-1
34667,1194,5,-1
34668,20,72,1
34669,1440,51,-1
34670,1276,9,-1
34671,20,10,1
34672,1139,63379,-1
34673,20,36606,1
34674,1358,50084,-1
34675,20,224,1
34676,1358,2388,-1
34677,20,39247,1
34678,30,38974,-1
34679,20,140,1
34680,1480,1353,1
34681,1480,85,1
34682,20,102,-1
34683,213,127,1
34684,20,73,-1
34685,563,111,1
34686,20,56,-1
34687,1077,192,1
34688,20,56,-1
34689,1480,73567,1
34690,131,105,1
34691,20,207,-1
34692,1077,433,1
34693,20,97,-1
34694,563,211,1
34695,20,87,-1
34696,1077,54896,1
34697,20,155,-1
34698,1077,693,1
34699,20,110,-1
34700,563,233385,-1
34701,1358,15701,-1
34702,20,51,1
34703,563,948,1
34704,1358,236,-1
34705,20,24,-1
34706,1358,287,-1
34707,20,17,1
34708,1358,43,-1
34709,1358,10,-1
34710,20,46,1
34711,1440,98,-1
34712,1276,10,-1
34713,20,9,1
34714,1358,23,-1
34715,563,347,1
34716,20,104,-1
34717,563,62,1
34718,20,76,-1
34719,563,231,1
34720,20,56,-1
34721,563,200,1
34722,20,173,-1
34723,1358,1598,-1
34724,1440,223,-1
34725,1276,11,-1
34726,20,66,1
34727,1440,12402,-1
34728,1440,46,-1
34729,20,46,1
34730,1194,34,-1
34731,1358,7,-1
34732,20,226,1
34733,1440,112337,-1
34734,1440,64,-1
34735,20,15,1
34736,762,29,-1
34737,563,3708,1
34738,20,104,-1
34739,563,1141,1
34740,20,90,-1
34741,563,118,1
34742,20,128,-1
34743,1077,112020,1
34744,20,232,-1
34745,563,11218,-1
34746,1358,6858,-1
34747,20,21,1
34748,1358,6779,-1
34749,563,334,1
34750,20,160,-1
34751,1077,925,1
34752,20,80,-1
34753,563,48,1
34754,20,46,-1
34755,1358,5131,-1
34756,1480,4548,1
34757,131,62,1
34758,20,69,-1
34759,563,217,1
34760,20,93,-1
34761,563,15,1
34762,20,84,-1
34763,1358,1545,-1
34764,1480,2619,1
34765,131,252,1
34766,20,152,-1
34767,563,125,1
34768,20,97,-1
34769,563,7409,1
34770,20,462,-1
34771,1440,76121,-1
34772,1440,94,-1
34773,1194,23,-1
34774,20,108,1
34775,1358,4549,-1
34776,1440,767,-1
34777,20,28,1
34778,1276,47,-1
34779,1440,3622,-1
34780,20,16,1
34781,1276,39,-1
34782,563,308,1
34783,20,154,-1
34784,1245,3562,-1
34785,1077,921,1
34786,20,77,-1
34787,563,127820,-1
34788,563,2297,1
34789,20,123,-1
34790,563,115,1
34791,20,195,-1
34792,1358,91846,-1
34793,1077,990,1
34794,20,200,-1
34795,1358,30586,-1
34796,1358,58,-1
34797,20,92,1
34798,1077,936,1
34799,20,123,-1
34800,806,1209,-1
34801,563,276,1
34802,20,105,-1
34803,1077,35702,1
34804,20,149,-1
34805,1358,8285,-1
34806,563,347,1
34807,20,93,-1
34808,563,25,1
34809,20,104,-1
34810,1358,69693,-1
34811,563,320,1
34812,20,128,-1
34813,59,12716,-1
34814,563,10412,1
34815,20,174,-1
34816,1358,84303,-1
34817,854,33936,-1
34818,20,38,1
34819,563,1026,1
34820,20,77,-1
34821,1358,53060,-1
34822,563,373,1
34823,20,102,-1
34824,1358,22632,-1
34825,1358,257,-1
34826,1440,11,-1
34827,1276,4,-1
34828,20,128,1
34829,1358,371,-1
34830,1358,2578,-1
34831,20,15,1
34832,1440,30,-1
34833,1276,15,-1
34834,20,51,1
34835,1440,1286,-1
34836,1440,19,-1
34837,20,16,1
34838,1194,20,-1
34839,1077,32486,1
34840,20,205,-1
34841,1440,17008,-1
34842,1440,32,-1
34843,548,5,-1
34844,20,79,1
34845,563,2914,1
34846,20,183,-1
34847,563,573,1
34848,20,125,-1
34849,563,439,1
34850,20,274,-1
34851,563,405,1
34852,20,70,-1
34853,563,356,1
34854,20,69,-1
34855,563,349,1
34856,20,61,-1
34857,563,293,1
34858,20,97,-1
34859,563,123,1
34860,20,73,-1
34861,1440,7774,-1
34862,1276,32,-1
34863,1358,4,-1
34864,1358,4,-1
34865,1358,3,-1
34866,20,41,1
34867,1358,24,-1
34868,563,333,1
34869,20,89,-1
34870,1077,494,1
34871,20,106,-1
34872,1440,62666,-1
34873,1276,55,-1
34874,1440,7,-1
34875,1440,6,-1
34876,1440,5,-1
34877,1112,5,-1
34878,1440,5,-1
34879,1440,5,-1
34880,1194,3,-1
34881,1358,5,-1
34882,20,218,1
34883,1077,12662,1
34884,20,216,-1
34885,1440,36299,-1
34886,1440,42,-1
34887,1194,15,-1
34888,1358,3,-1
34889,20,77,1
34890,1082,1201,-1
34891,1358,13928,-1
34892,20,31,1
34893,1440,211,-1
34894,1440,18,-1
34895,1194,4,-1
34896,1440,2,-1
34897,1276,4,-1
34898,20,139,1
34899,1077,291,1
34900,20,58,-1
34901,1077,33029,1
34902,20,168,-1
34903,1480,1271,1
34904,131,83,1
34905,20,63,-1
34906,1077,10003,1
34907,20,140,-1
34908,1440,17454,-1
34909,1276,66,-1
34910,1358,10,-1
34911,1440,4,-1
34912,1440,3,-1
34913,1194,4,-1
34914,1440,4,-1
34915,1440,4,-1
34916,1194,4,-1
34917,20,53,1
34918,563,7182,1
34919,20,187,-1
34920,563,16,1
34921,20,64,-1
34922,1358,19773,-1
34923,1358,308,-1
34924,20,83,1
34925,1358,18460,-1
34926,1077,1131,1
34927,20,144,-1
34928,500,4085,-1
34929,20,36442,1
34930,1440,9025,-1
34931,1276,74,-1
34932,1358,5,-1
34933,20,96,1
34934,1440,7793,-1
34935,1440,35,-1
34936,20,11,1
34937,1194,25,-1
34938,563,391,1
34939,20,81,-1
34940,1440,2900,-1
34941,1276,22,-1
34942,20,8,1
34943,1358,4287,-1
34944,1077,701,1
34945,20,103,-1
34946,1440,1023,-1
34947,1276,21,-1
34948,20,66,1
34949,1440,13262,-1
34950,1276,75,-1
34951,20,16,1
34952,1440,30,-1
34953,1440,9,-1
34954,1440,3,-1
34955,1112,5,-1
34956,1440,6,-1
34957,1276,3,-1
34958,20,30,1
34959,646,50507,-1
34960,563,497,1
34961,20,82,-1
34962,1440,2685,-1
34963,1276,28,-1
34964,20,87,1
34965,1440,2341,-1
34966,1276,43,-1
34967,20,14,1
34968,1358,29,-1
34969,20,39048,1
34970,1358,59998,-1
34971,1440,82,-1
34972,1276,18,-1
34973,20,87,1
34974,1077,437,1
34975,20,124,-1
34976,563,440,1
34977,20,72,-1
34978,1358,2961,-1
34979,517,19776,-1
34980,20,38,1
34981,1077,815,1
34982,20,115,-1
34983,1358,26160,-1
34984,1077,425,1
34985,20,131,-1
34986,1077,27,1
34987,20,56,-1
34988,1358,7013,-1
34989,1077,255,1
34990,20,112,-1
34991,1077,23,1
34992,20,95,-1
34993,1440,37081,-1
34994,1276,42,-1
34995,1358,15,-1
34996,20,85,1
34997,1077,277,1
34998,20,119,-1
34999,1077,65,1
35000,20,109,-1
35001,1077,25,1
35002,20,135,-1
35003,1440,2015,-1
35004,1440,30,-1
35005,1194,5,-1
35006,20,50,1
35007,1358,16230,-1
35008,1358,301,-1
35009,20,24,1
35010,563,278,1
35011,1440,58,-1
35012,1440,13,-1
35013,1194,6,-1
35014,20,5,-1
35015,20,102,1
35016,1077,1111,1
35017,20,619,-1
35018,1440,334,-1
35019,1276,29,-1
35020,20,75,1
35021,563,269,1
35022,20,61,-1
35023,1440,129,-1
35024,1440,10,-1
35025,1194,5,-1
35026,20,7,1
35027,1077,752,1
35028,20,125,-1
35029,1440,6725,-1
35030,1276,46,-1
35031,1358,5,-1
35032,20,91,1
35033,563,602,1
35034,20,154,-1
35035,200,25856,-1
35036,1077,950,1
35037,20,118,-1
35038,1358,98708,-1
35039,825,31133,-1
35040,20,46,1
35041,1440,35866,-1
35042,1276,59,-1
35043,1440,14,-1
35044,1276,8,-1
35045,20,129,1
35046,1440,81,-1
35047,1440,18,-1
35048,1194,7,-1
35049,20,72,1
35050,1358,3592,-1
35051,1440,51,-1
35052,20,17,1
35053,1276,20,-1
35054,1440,288,-1
35055,1276,16,-1
35056,1358,5,-1
35057,20,112,1
35058,1358,463,-1
35059,1440,36,-1
35060,20,19,1
35061,1276,16,-1
35062,563,255,1
35063,1358,73,-1
35064,20,36,-1
35065,20,38403,1
35066,1358,18882,-1
35067,1358,2918,-1
35068,20,21,1
35069,563,1597,1
35070,20,76,-1
35071,563,133,1
35072,20,125,-1
35073,1358,1523,-1
35074,452,23124,-1
35075,20,38,1
35076,563,292,1
35077,20,75,-1
35078,1440,17822,-1
35079,1276,35,-1
35080,1358,73,-1
35081,20,26,1
35082,1358,2907,-1
35083,1440,21,-1
35084,20,33,1
35085,1276,23,-1
35086,1077,36012,1
35087,20,164,-1
35088,1358,525,-1
35089,1440,1141,-1
35090,20,15,1
35091,1276,40,-1
35092,1358,908,-1
35093,20,13,1
35094,1358,64610,-1
35095,1077,892,1
35096,20,69,-1
35097,1358,97,-1
35098,1358,51,-1
35099,1358,5,-1
35100,20,86,1
35101,1440,181,-1
35102,1276,25,-1
35103,1358,5,-1
35104,20,75,1
35105,1077,1130,1
35106,20,247,-1
35107,296,494,-1
35108,1077,338,1
35109,20,72,-1
35110,1440,1487,-1
35111,1440,20,-1
35112,1194,4,-1
35113,20,52,1
35114,1440,148,-1
35115,1276,17,-1
35116,20,7,1
35117,1358,844,-1
35118,1440,26,-1
35119,20,10,1
35120,1276,25,-1
35121,1358,8,-1
35122,20,15,1
35123,1358,16809,-1
35124,1440,88,-1
35125,20,23,1
35126,1440,45,-1
35127,1440,13,-1
35128,1440,7,-1
35129,1440,5,-1
35130,948,5,-1
35131,1440,5,-1
35132,1440,5,-1
35133,20,0,1
35134,1440,5,-1
35135,1440,5,-1
35136,1030,5,-1
35137,20,262,1
35138,563,93,1
35139,20,164,-1
35140,1077,1126,1
35141,20,169,-1
35142,1358,52284,-1
35143,1358,11085,-1
35144,20,42,1
35145,1440,56,-1
35146,1276,10,-1
35147,20,70,1
35148,1077,13163,1
35149,20,195,-1
35150,1077,2020,1
35151,20,125,-1
35152,1077,2110,1
35153,20,77,-1
35154,1103,25799,-1
35155,1077,7364,1
35156,20,107,-1
35157,1440,38671,-1
35158,1276,46,-1
35159,20,114,1
35160,1358,76122,-1
35161,563,561,1
35162,20,191,-1
35163,234,5030,-1
35164,563,2666,1
35165,20,138,-1
35166,563,107,1
35167,20,62,-1
35168,1077,46900,1
35169,20,272,-1
35170,1077,7811,1
35171,20,341,-1
35172,1077,2982,1
35173,20,314,-1
35174,1077,22,1
35175,20,167,-1
35176,1358,14260,-1
35177,1358,7493,-1
35178,20,16,1
35179,1077,7915,1
35180,20,148,-1
35181,30,36690,-1
35182,1358,23782,-1
35183,20,39,1
35184,1358,18288,-1
35185,20,39350,1
35186,1358,7683,-1
35187,563,993,1
35188,20,116,-1
35189,1358,8671,-1
35190,1077,836,1
35191,20,110,-1
35192,563,27508,1
35193,20,180,-1
35194,563,298,1
35195,583,59,-1
35196,20,9,-1
35197,563,263,1
35198,20,46,-1
35199,563,1467,1
35200,20,104,-1
35201,563,236,1
35202,20,72,-1
35203,1440,9376,-1
35204,1276,41,-1
35205,20,105,1
35206,1440,10473,-1
35207,1440,62,-1
35208,20,25,1
35209,1194,58,-1
35210,1077,1016,1
35211,20,118,-1
35212,1440,788,-1
35213,1440,21,-1
35214,1194,13,-1
35215,20,58,1
35216,563,243,1
35217,20,72,-1
35218,1358,8068,-1
35219,1480,17142,1
35220,131,52,1
35221,20,143,-1
35222,1480,5566,1
35223,131,116,1
35224,20,102,-1
35225,1440,40041,-1
35226,1276,39,-1
35227,1358,5,-1
35228,20,87,1
35229,1440,35588,-1
35230,911,50,-1
35231,20,13,1
35232,1358,109797,-1
35233,1358,1538,-1
35234,20,18,1
35235,1440,306,-1
35236,1276,13,-1
35237,20,21,1
35238,1077,217,1
35239,20,63,-1
35240,1440,479,-1
35241,1440,20,-1
35242,1194,5,-1
35243,20,77,1
35244,1440,3895,-1
35245,1440,211,-1
35246,20,13,1
35247,1194,27,-1
35248,1358,6410,-1
35249,20,16,1
35250,1440,1054,-1
35251,1276,20,-1
35252,20,55,1
35253,964,4004,-1
35254,20,37561,1
35255,1440,53993,-1
35256,1440,45,-1
35257,1194,5,-1
35258,20,89,1
35259,1358,373,-1
35260,20,385,1
35261,1440,460,-1
35262,1276,18,-1
35263,20,66,1
35264,1358,830,-1
35265,20,272,1
35266,563,68,1
35267,20,43,-1
35268,1440,945,-1
35269,1276,19,-1
35270,20,59,1
35271,1440,3987,-1
35272,1440,23,-1
35273,1194,13,-1
35274,20,53,1
35275,1440,1323,-1
35276,1440,21,-1
35277,20,8,1
35278,1194,28,-1
35279,1358,3789,-1
35280,20,16,1
35281,1440,8877,-1
35282,1276,22,-1
35283,20,71,1
35284,563,277,1
35285,20,138,-1
35286,1077,475,1
35287,20,142,-1
35288,500,13839,-1
35289,1077,2183,1
35290,20,82,-1
35291,1077,19824,1
35292,20,164,-1
35293,1358,8333,-1
35294,1358,1327,-1
35295,20,16,1
35296,1440,36,-1
35297,1276,16,-1
35298,1440,5,-1
35299,1276,5,-1
35300,20,39,1
35301,1358,723,-1
35302,1440,1810,-1
35303,20,20,1
35304,1440,36,-1
35305,1194,18,-1
35306,20,49,1
35307,1440,1305,-1
35308,1276,20,-1
35309,20,9,1
35310,1358,38030,-1
35311,1358,18018,-1
35312,20,32,1
35313,1440,743,-1
35314,1276,24,-1
35315,20,10,1
35316,1440,23,-1
35317,1440,7,-1
35318,1194,4,-1
35319,1440,3,-1
35320,1440,4,-1
35321,1194,4,-1
35322,1358,2,-1
35323,20,2,1
35324,20,231,1
35325,1358,9083,-1
35326,1440,74,-1
35327,20,18,1
35328,1276,20,-1
35329,563,362,1
35330,20,136,-1
35331,1358,174,-1
35332,1077,7591,1
35333,20,180,-1
35334,1440,14513,-1
35335,1440,46,-1
35336,1194,5,-1
35337,20,94,1
35338,1077,787,1
35339,20,103,-1
35340,154,2408,-1
35341,1440,12756,-1
35342,20,38,1
35343,1276,35,-1
35344,1440,17,-1
35345,1276,3,-1
35346,20,61,1
35347,563,247,1
35348,20,123,-1
35349,1440,14896,-1
35350,1440,43,-1
35351,1440,5,-1
35352,1440,6,-1
35353,1030,4,-1
35354,1440,4,-1
35355,1440,5,-1
35356,1194,5,-1
35357,20,66,1
35358,563,931,1
35359,20,81,-1
35360,1358,4776,-1
35361,1358,11736,-1
35362,20,39,1
35363,1077,45567,1
35364,20,180,-1
35365,1226,37710,-1
35366,563,1225,1
35367,20,97,-1
35368,563,427,1
35369,20,162,-1
35370,563,591,1
35371,20,130,-1
35372,563,1394,1
35373,20,144,-1
35374,1358,7596,-1
35375,1440,36,-1
35376,1276,5,-1
35377,20,82,1
35378,1440,5587,-1
35379,1276,41,-1
35380,20,15,1
35381,1440,5876,-1
35382,1440,26,-1
35383,20,11,1
35384,1194,15,-1
35385,1440,4873,-1
35386,20,15,1
35387,1276,35,-1
35388,1358,3231,-1
35389,20,15,1
35390,1440,2964,-1
35391,1440,21,-1
35392,1440,14,-1
35393,1112,2,-1
35394,20,49,1
35395,563,432,1
35396,20,221,-1
35397,563,514,1
35398,20,71,-1
35399,1358,1582,-1
35400,1440,1558,-1
35401,20,15,1
35402,1276,35,-1
35403,1358,6,-1
35404,20,51,1
35405,563,1085,1
35406,20,76,-1
35407,1358,485,-1
35408,1440,1224,-1
35409,20,20,1
35410,1276,30,-1
35411,1440,1311,-1
35412,20,11,1
35413,1440,29,-1
35414,1194,15,-1
35415,20,48,1
35416,1358,1432,-1
35417,1358,1073,-1
35418,20,12,1
35419,1358,13139,-1
35420,1358,82,-1
35421,20,20,1
35422,1440,399,-1
35423,1276,23,-1
35424,20,10,1
35425,1358,802,-1
35426,1358,47,-1
35427,20,10,1
35428,1358,3458,-1
35429,563,275,1
35430,20,169,-1
35431,1358,27318,-1
35432,1440,15340,-1
35433,1440,87,-1
35434,1194,5,-1
35435,1440,4,-1
35436,1440,3,-1
35437,1194,4,-1
35438,1440,5,-1
35439,1276,4,-1
35440,20,67,1
35441,563,550,1
35442,20,95,-1
35443,563,319,1
35444,20,201,-1
35445,563,540,1
35446,20,108,-1
35447,563,876,1
35448,20,194,-1
35449,563,1224,1
35450,20,119,-1
35451,1409,16139,-1
35452,1480,1188,1
35453,645,136,1
35454,20,92,-1
35455,1077,1610,1
35456,20,138,-1
35457,1077,1693,1
35458,20,99,-1
35459,1440,29520,-1
35460,1276,46,-1
35461,20,91,1
35462,1358,4085,-1
35463,20,39633,1
35464,1440,19641,-1
35465,1276,251,-1
35466,1440,9,-1
35467,1276,5,-1
35468,20,76,1
35469,1440,811,-1
35470,1276,23,-1
35471,20,10,1
35472,1440,1019,-1
35473,1440,20,-1
35474,20,9,1
35475,1194,21,-1
35476,20,236,1
35477,1440,1446,-1
35478,1276,23,-1
35479,20,50,1
35480,1440,1110,-1
35481,1276,21,-1
35482,20,9,1
35483,1358,755,-1
35484,1358,24,-1
35485,20,7,1
35486,1358,20,-1
35487,1440,2161,-1
35488,20,35,1
35489,1276,43,-1
35490,20,535,1
35491,113,22550,-1
35492,20,131,1
35493,1358,17117,-1
35494,20,199,1
35495,1358,147,-1
35496,1440,341,-1
35497,20,15,1
35498,1276,30,-1
35499,20,61,1
35500,1358,421,-1
35501,20,241,1
35502,1440,202,-1
35503,1276,19,-1
35504,20,57,1
35505,1358,804,-1
35506,20,231,1
35507,1440,190,-1
35508,1276,18,-1
35509,20,56,1
35510,1440,435,-1
35511,1440,20,-1
35512,20,8,1
35513,1194,22,-1
35514,1358,7,-1
35515,20,46,1
35516,1077,414,1
35517,20,62,-1
35518,1440,315,-1
35519,1276,18,-1
35520,20,53,1
35521,1440,12208,-1
35522,1440,54,-1
35523,20,15,1
35524,1194,18,-1
35525,1440,537,-1
35526,20,15,1
35527,1440,46,-1
35528,1194,8,-1
35529,20,38,1
35530,1077,20770,1
35531,20,159,-1
35532,1440,36484,-1
35533,1440,45,-1
35534,1194,6,-1
35535,1440,5,-1
35536,1440,5,-1
35537,1440,5,-1
35538,1112,5,-1
35539,1440,4,-1
35540,1276,5,-1
35541,20,51,1
35542,563,782,1
35543,20,61,-1
35544,1440,6133,-1
35545,1440,23,-1
35546,20,11,1
35547,1194,24,-1
35548,1440,8,-1
35549,1440,4,-1
35550,1440,5,-1
35551,1112,3,-1
35552,20,3,1
35553,20,277,1
35554,563,102,1
35555,20,189,-1
35556,1440,5795,-1
35557,1440,31,-1
35558,20,11,1
35559,1194,25,-1
35560,1440,8,-1
35561,1440,5,-1
35562,1440,5,-1
35563,1112,5,-1
35564,1440,4,-1
35565,1276,3,-1
35566,20,6,1
35567,20,283,1
35568,1358,7128,-1
35569,1440,46,-1
35570,20,14,1
35571,1276,51,-1
35572,1358,7,-1
35573,1440,5,-1
35574,1276,5,-1
35575,1440,5,-1
35576,1276,5,-1
35577,1440,4,-1
35578,1276,5,-1
35579,20,20,1
35580,563,416,1
35581,20,112,-1
35582,1358,14550,-1
35583,1358,7654,-1
35584,20,30,1
35585,1440,25665,-1
35586,1440,52,-1
35587,20,15,1
35588,1194,17,-1
35589,1358,6,-1
35590,1440,5,-1
35591,1440,5,-1
35592,1440,5,-1
35593,1112,5,-1
35594,1358,5,-1
35595,1440,5,-1
35596,1276,5,-1
35597,20,27,1
35598,1440,183,-1
35599,1276,9,-1
35600,1440,3,-1
35601,1276,5,-1
35602,20,77,1
35603,563,90,1
35604,20,91,-1
35605,1358,208,-1
35606,1440,97,-1
35607,20,12,1
35608,1440,22,-1
35609,1194,6,-1
35610,20,66,1
35611,1440,20560,-1
35612,1440,52,-1
35613,20,24,1
35614,1194,30,-1
35615,1440,8,-1
35616,1276,5,-1
35617,1440,5,-1
35618,1276,5,-1
35619,20,15,1
35620,563,589,1
35621,20,131,-1
35622,1440,43948,-1
35623,1440,59,-1
35624,20,25,1
35625,1440,18,-1
35626,1440,8,-1
35627,1030,5,-1
35628,1440,5,-1
35629,1276,5,-1
35630,1440,5,-1
35631,1276,5,-1
35632,1440,5,-1
35633,1276,5,-1
35634,1440,5,-1
35635,1276,5,-1
35636,1358,5,-1
35637,20,20,1
35638,563,591,1
35639,20,144,-1
35640,1077,861,1
35641,20,129,-1
35642,1440,12282,-1
35643,1440,35,-1
35644,1440,6,-1
35645,1112,5,-1
35646,1358,5,-1
35647,1440,5,-1
35648,1276,5,-1
35649,1440,5,-1
35650,1440,4,-1
35651,1440,5,-1
35652,1440,5,-1
35653,605,5,-1
35654,20,11,1
35655,1077,420,1
35656,20,72,-1
35657,563,445,1
35658,20,64,-1
35659,1440,60215,-1
35660,1440,53,-1
35661,20,17,1
35662,1194,33,-1
35663,1440,10,-1
35664,1276,5,-1
35665,20,34,1
35666,1358,147,-1
35667,1440,195,-1
35668,20,14,1
35669,1276,24,-1
35670,1358,280,-1
35671,20,53,1
35672,1358,297,-1
35673,1358,5877,-1
35674,20,27,1
35675,1440,147,-1
35676,1276,10,-1
35677,1358,5,-1
35678,20,47,1
35679,1358,211,-1
35680,1358,1042,-1
35681,20,15,1
35682,1440,4253,-1
35683,1276,24,-1
35684,20,19,1
35685,1358,1628,-1
35686,563,297,1
35687,20,102,-1
35688,1440,699,-1
35689,1276,23,-1
35690,20,48,1
35691,1358,576,-1
35692,1440,7146,-1
35693,20,20,1
35694,1440,38,-1
35695,1440,7,-1
35696,1112,5,-1
35697,20,45,1
35698,1440,273,-1
35699,1440,12,-1
35700,20,8,1
35701,1194,50,-1
35702,1440,6,-1
35703,1440,5,-1
35704,1194,4,-1
35705,1440,5,-1
35706,1440,5,-1
35707,1440,4,-1
35708,1112,5,-1
35709,1440,5,-1
35710,1440,5,-1
35711,1194,4,-1
35712,20,56,1
35713,563,212,1
35714,20,92,-1
35715,1440,234,-1
35716,1276,7,-1
35717,20,10,1
35718,1440,20,-1
35719,1276,6,-1
35720,1440,5,-1
35721,1276,5,-1
35722,20,326,1
35723,563,1307,1
35724,20,97,-1
35725,1440,33118,-1
35726,1440,43,-1
35727,20,15,1
35728,1194,32,-1
35729,1440,10,-1
35730,1440,5,-1
35731,1440,5,-1
35732,1440,3,-1
35733,1030,4,-1
35734,20,19,1
35735,1440,231,-1
35736,1276,11,-1
35737,20,10,1
35738,1440,20,-1
35739,1276,7,-1
35740,1440,4,-1
35741,1276,5,-1
35742,1440,42,-1
35743,1440,5,-1
35744,20,76,1
35745,1194,77,-1
35746,563,1142,1
35747,20,937,-1
35748,563,12,1
35749,20,86,-1
35750,1480,17906,1
35751,131,135,1
35752,20,107,-1
35753,1077,1424,1
35754,20,255,-1
35755,563,535,1
35756,20,138,-1
35757,1077,5878,1
35758,20,145,-1
35759,563,61,1
35760,20,68,-1
35761,1358,29585,-1
35762,1440,51,-1
35763,1440,5,-1
35764,1194,4,-1
35765,1358,4,-1
35766,20,75,1
35767,1440,13,-1
35768,1276,9,-1
35769,1440,65,-1
35770,1276,8,-1
35771,1440,5,-1
35772,1440,4,-1
35773,1194,4,-1
35774,1440,37,-1
35775,1276,4,-1
35776,20,77,1
35777,1077,1224,1
35778,20,113,-1
35779,1440,15923,-1
35780,1440,60,-1
35781,20,20,1
35782,1440,41,-1
35783,1112,16,-1
35784,1440,5,-1
35785,1440,5,-1
35786,1194,5,-1
35787,20,30,1
35788,1440,372,-1
35789,1276,15,-1
35790,1358,5,-1
35791,563,1,1
35792,1440,65,-1
35793,1276,8,-1
35794,1440,4,-1
35795,1276,5,-1
35796,1440,77,-1
35797,1440,9,-1
35798,1194,5,-1
35799,20,5,-1
35800,20,112,1
35801,563,1157,1
35802,20,93,-1
35803,1077,193,1
35804,20,115,-1
35805,1358,5439,-1
35806,1440,107,-1
35807,20,21,1
35808,1440,39,-1
35809,1440,10,-1
35810,1440,6,-1
35811,1440,5,-1
35812,1440,5,-1
35813,866,7,-1
35814,20,3,1
35815,20,163,1
35816,563,776,1
35817,20,178,-1
35818,1077,12,1
35819,20,58,-1
35820,1077,223,1
35821,20,108,-1
35822,1440,7694,-1
35823,1440,49,-1
35824,1440,6,-1
35825,1112,5,-1
35826,1440,5,-1
35827,1276,5,-1
35828,1440,5,-1
35829,1440,5,-1
35830,1194,5,-1
35831,20,58,1
35832,1440,957,-1
35833,1276,11,-1
35834,20,9,1
35835,1440,25,-1
35836,1440,8,-1
35837,1194,5,-1
35838,1440,4,-1
35839,1440,5,-1
35840,1440,4,-1
35841,1440,5,-1
35842,1030,5,-1
35843,1440,4,-1
35844,1276,5,-1
35845,1440,5,-1
35846,1440,5,-1
35847,1440,5,-1
35848,20,3,1
35849,1112,2,-1
35850,20,41,1
35851,1440,645,-1
35852,1276,12,-1
35853,20,9,1
35854,1358,30,-1
35855,563,226,1
35856,20,102,-1
35857,1077,1091,1
35858,20,226,-1
35859,1440,32052,-1
35860,1440,42,-1
35861,20,12,1
35862,1194,27,-1
35863,1440,7,-1
35864,1440,3,-1
35865,1440,4,-1
35866,1440,3,-1
35867,1440,3,-1
35868,1440,3,-1
35869,866,4,-1
35870,1440,2,-1
35871,1276,12,-1
35872,20,25,1
35873,1077,873,1
35874,20,119,-1
35875,563,47802,1
35876,20,99,-1
35877,1077,1610,1
35878,20,288,-1
35879,563,1228,1
35880,20,216,-1
35881,1358,6054,-1
35882,1440,489,-1
35883,20,23,1
35884,1440,39,-1
35885,1440,25,-1
35886,1440,4,-1
35887,1440,4,-1
35888,1440,5,-1
35889,1440,3,-1
35890,1440,4,-1
35891,1440,4,-1
35892,1440,4,-1
35893,538,3,-1
35894,20,99,1
35895,1440,16994,-1
35896,1276,61,-1
35897,20,11,1
35898,1440,101,-1
35899,1276,9,-1
35900,1440,3,-1
35901,1440,3,-1
35902,1440,4,-1
35903,1112,2,-1
35904,1358,4,-1
35905,1440,3,-1
35906,1440,2,-1
35907,1194,4,-1
35908,1440,4,-1
35909,1440,4,-1
35910,1194,3,-1
35911,20,160,1
35912,1440,517,-1
35913,1276,26,-1
35914,20,9,1
35915,563,664,1
35916,20,231,-1
35917,1358,5234,-1
35918,1440,42,-1
35919,20,20,1
35920,1440,25,-1
35921,1440,7,-1
35922,1112,4,-1
35923,20,41,1
35924,1358,345,-1
35925,1440,10,-1
35926,1440,5,-1
35927,1194,6,-1
35928,1440,3,-1
35929,1276,4,-1
35930,1440,108,-1
35931,20,3,1
35932,1276,1,-1
35933,1440,4,-1
35934,978,3,-1
35935,20,37,1
35936,1480,1260,1
35937,645,86,1
35938,20,96,-1
35939,563,766,1
35940,20,73,-1
35941,563,446,1
35942,20,66,-1
35943,563,313,1
35944,20,68,-1
35945,563,383,1
35946,20,146,-1
35947,563,473,1
35948,20,69,-1
35949,1077,880,1
35950,20,102,-1
35951,1440,5047,-1
35952,1276,27,-1
35953,1440,7,-1
35954,1440,5,-1
35955,1194,5,-1
35956,1440,5,-1
35957,1440,5,-1
35958,1440,5,-1
35959,1440,5,-1
35960,1030,5,-1
35961,1440,5,-1
35962,1276,5,-1
35963,20,145,1
35964,1358,343,-1
35965,1440,30632,-1
35966,20,41,1
35967,1440,46,-1
35968,1440,10,-1
35969,1112,5,-1
35970,20,72,1
35971,1077,1690,1
35972,20,114,-1
35973,1440,1059,-1
35974,1276,26,-1
35975,1358,5,-1
35976,20,51,1
35977,1077,961,1
35978,20,123,-1
35979,1440,14290,-1
35980,1440,116,-1
35981,1194,5,-1
35982,20,831,1
35983,1440,34579,-1
35984,1440,55,-1
35985,20,16,1
35986,1194,19,-1
35987,1440,12518,-1
35988,20,25,1
35989,1440,56,-1
35990,1194,18,-1
35991,20,56,1
35992,563,368,1
35993,20,87,-1
35994,920,19437,-1
35995,20,36911,1
35996,1358,30560,-1
35997,20,564,1
35998,563,73,1
35999,20,60,-1
36000,563,848,1
36001,20,146,-1
36002,563,204,1
36003,20,103,-1
36004,1358,9741,-1
36005,1358,68,-1
36006,20,127,1
36007,563,1158,1
36008,20,151,-1
36009,563,775,1
36010,20,143,-1
36011,1480,189,1
36012,131,80,1
36013,20,58,-1
36014,1358,2465,-1
36015,563,442,1
36016,20,149,-1
36017,1440,3764,-1
36018,1276,25,-1
36019,1358,5,-1
36020,20,71,1
36021,1440,5430,-1
36022,1276,30,-1
36023,20,10,1
36024,1440,6153,-1
36025,1276,22,-1
36026,20,9,1
36027,1358,994,-1
36028,1440,15184,-1
36029,20,36,1
36030,1440,46,-1
36031,1194,6,-1
36032,20,85,1
36033,1358,4133,-1
36034,1440,3015,-1
36035,20,52,1
36036,1276,71,-1
36037,563,305,1
36038,20,113,-1
36039,1440,1626,-1
36040,1276,33,-1
36041,20,87,1
36042,1358,2083,-1
36043,1440,182,-1
36044,20,20,1
36045,1440,29,-1
36046,386,9,-1
36047,20,52,1
36048,1440,2418,-1
36049,1276,31,-1
36050,20,11,1
36051,1358,1564,-1
36052,563,324,1
36053,20,65,-1
36054,1440,1859,-1
36055,1276,39,-1
36056,20,68,1
36057,1358,2135,-1
36058,1440,4437,-1
36059,20,19,1
36060,1276,39,-1
36061,1358,2575,-1
36062,20,15,1
36063,1358,8336,-1
36064,1358,5605,-1
36065,20,25,1
36066,1077,967,1
36067,20,108,-1
36068,1358,2194,-1
36069,1440,168,-1
36070,20,37,1
36071,1276,37,-1
36072,563,598,1
36073,20,118,-1
36074,563,605,1
36075,20,341,-1
36076,1077,88,1
36077,20,61,-1
36078,1077,432,1
36079,20,102,-1
36080,1440,303,-1
36081,1276,17,-1
36082,20,72,1
36083,1480,278,1
36084,131,26,1
36085,20,66,-1
36086,1358,3405,-1
36087,1358,1327,-1
36088,20,23,1
36089,1440,4767,-1
36090,1276,59,-1
36091,20,120,1
36092,1440,3224,-1
36093,1440,46,-1
36094,20,20,1
36095,1194,25,-1
36096,563,251,1
36097,20,142,-1
36098,1440,3748,-1
36099,1440,35,-1
36100,1194,6,-1
36101,20,87,1
36102,1440,3896,-1
36103,1440,40,-1
36104,20,14,1
36105,1194,30,-1
36106,1440,2350,-1
36107,20,17,1
36108,1440,30,-1
36109,1194,6,-1
36110,20,47,1
36111,1358,2197,-1
36112,1358,31224,-1
36113,20,44,1
36114,563,428,1
36115,20,99,-1
36116,1440,406,-1
36117,1440,36,-1
36118,20,15,1
36119,1194,22,-1
36120,1440,1478,-1
36121,20,20,1
36122,1440,43,-1
36123,1194,12,-1
36124,1440,67,-1
36125,20,9,1
36126,1276,0,-1
36127,20,273,1
36128,1358,217,-1
36129,1440,252,-1
36130,20,18,1
36131,1276,41,-1
36132,1358,11,-1
36133,20,13,1
36134,1440,4163,-1
36135,1440,31,-1
36136,20,10,1
36137,1194,15,-1
36138,563,425,1
36139,20,134,-1
36140,1358,7960,-1
36141,1358,427,-1
36142,20,20,1
36143,1358,353,-1
36144,1440,416,-1
36145,20,16,1
36146,1440,37,-1
36147,1194,7,-1
36148,20,40,1
36149,1440,4908,-1
36150,1276,20,-1
36151,20,17,1
36152,1440,454,-1
36153,1440,25,-1
36154,20,20,1
36155,1194,43,-1
36156,1358,9,-1
36157,20,19,1
36158,563,289,1
36159,20,236,-1
36160,376,11365,-1
36161,1440,38335,-1
36162,20,36,1
36163,1276,46,-1
36164,1358,3480,-1
36165,20,19,1
36166,1358,809,-1
36167,1077,701,1
36168,20,73,-1
36169,1440,4743,-1
36170,1276,39,-1
36171,1358,15,-1
36172,20,76,1
36173,1077,282,1
36174,20,81,-1
36175,1077,26,1
36176,20,63,-1
36177,1358,2813,-1
36178,1358,1570,-1
36179,20,18,1
36180,1358,334,-1
36181,1358,1162,-1
36182,20,10,1
36183,563,370,1
36184,1440,347,-1
36185,1276,41,-1
36186,20,8,-1
36187,20,43,1
36188,1358,1316,-1
36189,1440,823,-1
36190,20,24,1
36191,1276,42,-1
36192,1358,1749,-1
36193,20,51,1
36194,1440,1940,-1
36195,1276,38,-1
36196,20,104,1
36197,1358,1931,-1
36198,1440,3690,-1
36199,20,42,1
36200,1440,70,-1
36201,1440,13,-1
36202,1112,5,-1
36203,20,85,1
36204,1358,1042,-1
36205,1358,20,-1
36206,20,7,1
36207,1440,21,-1
36208,1276,8,-1
36209,20,11,1
36210,1480,392,1
36211,645,45,1
36212,20,46,-1
36213,563,631,1
36214,20,57,-1
36215,563,15,1
36216,20,39,-1
36217,1230,58872,-1
36218,563,1313,1
36219,20,68,-1
36220,1358,52339,-1
36221,1358,45,-1
36222,20,123,1
36223,1358,3252,-1
36224,563,272,1
36225,20,91,-1
36226,1358,39356,-1
36227,1440,206,-1
36228,1276,14,-1
36229,20,57,1
36230,1358,3031,-1
36231,1440,951,-1
36232,20,14,1
36233,1276,29,-1
36234,1440,3603,-1
36235,20,16,1
36236,1440,30,-1
36237,1194,15,-1
36238,20,56,1
36239,563,199,1
36240,20,73,-1
36241,1077,52,1
36242,20,69,-1
36243,1440,2695,-1
36244,1440,22,-1
36245,20,10,1
36246,1194,32,-1
36247,563,275,1
36248,20,69,-1
36249,1358,1425,-1
36250,563,265,1
36251,20,63,-1
36252,1440,1607,-1
36253,1440,26,-1
36254,1194,5,-1
36255,20,41,1
36256,1358,1338,-1
36257,1358,566,-1
36258,20,18,1
36259,563,150,1
36260,20,80,-1
36261,1358,941,-1
36262,1440,2523,-1
36263,1276,45,-1
36264,20,88,1
36265,1358,1332,-1
36266,1440,1456,-1
36267,20,20,1
36268,1440,61,-1
36269,1194,9,-1
36270,20,74,1
36271,1440,2479,-1
36272,1440,25,-1
36273,20,9,1
36274,1194,22,-1
36275,1358,1098,-1
36276,20,12,1
36277,1440,226,-1
36278,1276,10,-1
36279,20,46,1
36280,999,3925,-1
36281,563,387,1
36282,20,117,-1
36283,1358,448,-1
36284,1358,257,-1
36285,20,13,1
36286,1358,3427,-1
36287,1358,2490,-1
36288,20,28,1
36289,1440,200,-1
36290,1276,10,-1
36291,20,61,1
36292,1358,1811,-1
36293,1440,4238,-1
36294,20,20,1
36295,1440,33,-1
36296,1194,8,-1
36297,20,57,1
36298,1440,1247,-1
36299,1276,23,-1
36300,20,10,1
36301,1358,3777,-1
36302,1440,2992,-1
36303,20,17,1
36304,1276,31,-1
36305,1440,2708,-1
36306,20,11,1
36307,1276,25,-1
36308,563,276,1
36309,20,69,-1
36310,1358,1822,-1
36311,1358,19,-1
36312,20,55,1
36313,1440,6340,-1
36314,1276,28,-1
36315,20,10,1
36316,563,279,1
36317,20,176,-1
36318,1440,2281,-1
36319,1276,20,-1
36320,20,8,1
36321,1440,2510,-1
36322,1440,22,-1
36323,20,8,1
36324,1194,20,-1
36325,563,343,1
36326,20,140,-1
36327,1440,5136,-1
36328,1440,25,-1
36329,1194,5,-1
36330,20,56,1
36331,1358,6628,-1
36332,1358,2756,-1
36333,20,23,1
36334,1077,792,1
36335,20,111,-1
36336,1440,1583,-1
36337,1276,36,-1
36338,20,65,1
36339,1358,2387,-1
36340,1440,3112,-1
36341,20,15,1
36342,1440,41,-1
36343,1194,6,-1
36344,20,54,1
36345,1440,16548,-1
36346,1440,45,-1
36347,20,21,1
36348,1194,27,-1
36349,1440,8,-1
36350,1276,4,-1
36351,1440,4,-1
36352,1276,4,-1
36353,1358,3,-1
36354,20,37,1
36355,563,8687,1
36356,20,252,-1
36357,563,149,1
36358,20,119,-1
36359,1077,744,1
36360,20,113,-1
36361,1440,1175,-1
36362,1440,26,-1
36363,1440,5,-1
36364,1112,3,-1
36365,1358,4,-1
36366,20,62,1
36367,1358,842,-1
36368,1358,587,-1
36369,20,17,1
36370,563,994,1
36371,20,144,-1
36372,563,940,1
36373,20,68,-1
36374,563,1380,1
36375,20,236,-1
36376,1440,5362,-1
36377,1440,30,-1
36378,1194,5,-1
36379,1440,3,-1
36380,1440,3,-1
36381,1194,4,-1
36382,20,56,1
36383,1077,684,1
36384,20,149,-1
36385,1440,10256,-1
36386,1440,31,-1
36387,20,9,1
36388,1194,12,-1
36389,1358,6,-1
36390,20,65,1
36391,1440,59,-1
36392,1276,6,-1
36393,20,173,1
36394,1440,8648,-1
36395,1440,33,-1
36396,20,11,1
36397,1194,30,-1
36398,1440,6,-1
36399,1440,4,-1
36400,1194,4,-1
36401,20,27,1
36402,1440,10504,-1
36403,1440,46,-1
36404,20,11,1
36405,1440,55,-1
36406,1123,6,-1
36407,20,60,1
36408,1440,7227,-1
36409,1440,38,-1
36410,20,12,1
36411,1194,36,-1
36412,1440,6935,-1
36413,20,26,1
36414,1276,49,-1
36415,1358,6708,-1
36416,20,22,1
36417,1358,6891,-1
36418,1440,9027,-1
36419,20,25,1
36420,1440,36,-1
36421,1194,8,-1
36422,20,81,1
36423,1358,9421,-1
36424,1440,6464,-1
36425,20,44,1
36426,1440,41,-1
36427,1194,13,-1
36428,20,110,1
36429,1358,5544,-1
36430,1358,45,-1
36431,20,10,1
36432,1358,5816,-1
36433,1440,4158,-1
36434,20,33,1
36435,1276,47,-1
36436,1440,4786,-1
36437,20,20,1
36438,1276,33,-1
36439,1440,4494,-1
36440,20,18,1
36441,1276,31,-1
36442,1358,15,-1
36443,20,61,1
36444,563,276,1
36445,20,125,-1
36446,1440,18506,-1
36447,1440,66,-1
36448,1194,10,-1
36449,20,102,1
36450,1358,3665,-1
36451,1440,2923,-1
36452,20,25,1
36453,1276,46,-1
36454,1358,5676,-1
36455,20,28,1
36456,1358,3295,-1
36457,1440,875,-1
36458,20,20,1
36459,1276,38,-1
36460,1358,1871,-1
36461,20,27,1
36462,1358,134,-1
36463,1440,1442,-1
36464,20,17,1
36465,1440,37,-1
36466,1194,7,-1
36467,20,63,1
36468,1358,5827,-1
36469,563,442,1
36470,20,88,-1
36471,109,4116,-1
36472,1440,670,-1
36473,20,18,1
36474,1276,41,-1
36475,1358,5844,-1
36476,20,28,1
36477,563,1204,1
36478,20,95,-1
36479,1440,3326,-1
36480,1276,34,-1
36481,20,87,1
36482,1077,844,1
36483,20,95,-1
36484,1440,4016,-1
36485,1276,52,-1
36486,20,108,1
36487,1358,13,-1
36488,563,4730,1
36489,20,124,-1
36490,563,2737,1
36491,20,155,-1
36492,1480,110,1
36493,131,100,1
36494,20,85,-1
36495,1440,528,-1
36496,1276,25,-1
36497,1358,15,-1
36498,20,48,1
36499,563,428,1
36500,20,374,-1
36501,1358,3632,-1
36502,1440,4746,-1
36503,20,24,1
36504,1276,36,-1
36505,1358,5578,-1
36506,20,28,1
36507,1440,13266,-1
36508,1440,47,-1
36509,1194,5,-1
36510,20,105,1
36511,1440,4528,-1
36512,1440,36,-1
36513,20,10,1
36514,1194,24,-1
36515,1440,7800,-1
36516,20,82,1
36517,1440,44,-1
36518,1194,10,-1
36519,20,97,1
36520,563,417,1
36521,20,93,-1
36522,1440,7436,-1
36523,1440,45,-1
36524,20,23,1
36525,1194,26,-1
36526,1358,9235,-1
36527,20,39,1
36528,1358,6221,-1
36529,1358,4695,-1
36530,20,20,1
36531,563,256,1
36532,20,165,-1
36533,1358,5952,-1
36534,1440,4150,-1
36535,20,18,1
36536,1276,32,-1
36537,1077,195,1
36538,20,94,-1
36539,1440,4719,-1
36540,1276,26,-1
36541,20,67,1
36542,1358,5499,-1
36543,563,332,1
36544,20,135,-1
36545,1077,480,1
36546,20,104,-1
36547,1440,3108,-1
36548,1276,36,-1
36549,20,77,1
36550,1358,312,-1
36551,1358,3541,-1
36552,20,22,1
36553,1440,96,-1
36554,1276,8,-1
36555,20,20,1
36556,662,4808,-1
36557,1358,2816,-1
36558,20,17,1
36559,1358,3049,-1
36560,1358,5644,-1
36561,20,30,1
36562,1440,4661,-1
36563,1440,30,-1
36564,1194,6,-1
36565,20,58,1
36566,1440,4487,-1
36567,1276,36,-1
36568,20,11,1
36569,563,293,1
36570,20,75,-1
36571,1358,5892,-1
36572,1440,2711,-1
36573,20,76,1
36574,1276,105,-1
36575,1358,27,-1
36576,20,353,1
36577,1440,3131,-1
36578,1276,38,-1
36579,20,15,1
36580,1358,4670,-1
36581,1358,5777,-1
36582,20,30,1
36583,1358,43,-1
36584,1358,5583,-1
36585,20,39,1
36586,563,359,1
36587,20,98,-1
36588,1358,6477,-1
36589,1440,287,-1
36590,1276,25,-1
36591,20,60,1
36592,1440,22337,-1
36593,1276,42,-1
36594,20,88,1
36595,1358,539,-1
36596,1440,9293,-1
36597,20,36,1
36598,1440,41,-1
36599,1194,7,-1
36600,20,89,1
36601,563,355,1
36602,20,193,-1
36603,338,37959,-1
36604,20,38162,1
36605,1440,20013,-1
36606,1440,49,-1
36607,1194,6,-1
36608,20,102,1
36609,1358,25625,-1
36610,1358,41,-1
36611,20,10,1
36612,1358,24,-1
36613,1358,13245,-1
36614,20,23,1
36615,1440,22985,-1
36616,1276,49,-1
36617,20,15,1
36618,1358,87,-1
36619,20,221,1
36620,1440,7153,-1
36621,1276,46,-1
36622,20,83,1
36623,1158,1499,-1
36624,20,88,1
36625,1358,12742,-1
36626,20,164,1
36627,1440,383,-1
36628,1276,29,-1
36629,20,61,1
36630,1358,19764,-1
36631,1440,72,-1
36632,1276,9,-1
36633,20,236,1
36634,563,566,1
36635,20,232,-1
36636,1480,253,1
36637,131,1425,1
36638,20,82,-1
36639,1440,2959,-1
36640,1276,64,-1
36641,20,20,1
36642,1358,5615,-1
36643,1440,8740,-1
36644,20,26,1
36645,1440,42,-1
36646,1194,8,-1
36647,20,73,1
36648,1358,6616,-1
36649,1358,27,-1
36650,20,9,1
36651,1440,11,-1
36652,1276,7,-1
36653,20,42,1
36654,563,1306,1
36655,20,176,-1
36656,563,1236,1
36657,20,99,-1
36658,563,219,1
36659,20,106,-1
36660,1358,2942,-1
36661,563,221,1
36662,20,88,-1
36663,1358,7677,-1
36664,1358,30,-1
36665,20,63,1
36666,563,1257,1
36667,20,106,-1
36668,1358,5934,-1
36669,563,298,1
36670,20,72,-1
36671,1358,7207,-1
36672,1358,5024,-1
36673,20,127,1
36674,1440,4720,-1
36675,1276,44,-1
36676,20,10,1
36677,1077,1108,1
36678,20,100,-1
36679,1358,4732,-1
36680,1358,25,-1
36681,20,79,1
36682,1440,7896,-1
36683,1276,46,-1
36684,20,11,1
36685,1440,1996,-1
36686,1440,32,-1
36687,20,13,1
36688,1194,44,-1
36689,1077,2462,1
36690,20,127,-1
36691,563,158,1
36692,20,68,-1
36693,1440,5281,-1
36694,1440,20,-1
36695,1194,5,-1
36696,1358,3,-1
36697,20,32,1
36698,1358,1868,-1
36699,1077,705,1
36700,20,87,-1
36701,1440,1672,-1
36702,1440,23,-1
36703,1194,4,-1
36704,20,57,1
36705,1440,3018,-1
36706,1440,30,-1
36707,20,10,1
36708,1194,22,-1
36709,1440,6980,-1
36710,20,75,1
36711,1276,96,-1
36712,1358,23,-1
36713,20,75,1
36714,760,2708,-1
36715,1440,2851,-1
36716,20,30,1
36717,1276,63,-1
36718,1358,2519,-1
36719,20,25,1
36720,1440,5625,-1
36721,1440,27,-1
36722,1194,7,-1
36723,20,62,1
36724,1358,3502,-1
36725,1358,25,-1
36726,20,10,1
36727,1358,5234,-1
36728,1358,227,-1
36729,20,17,1
36730,563,169,1
36731,20,127,-1
36732,1440,1577,-1
36733,1276,24,-1
36734,20,68,1
36735,1077,708,1
36736,20,71,-1
36737,1358,1891,-1
36738,1440,102,-1
36739,1276,10,-1
36740,20,185,1
36741,563,64,1
36742,20,123,-1
36743,1440,3153,-1
36744,1440,24,-1
36745,1194,15,-1
36746,20,54,1
36747,1358,1669,-1
36748,1440,199,-1
36749,20,15,1
36750,1276,33,-1
36751,1440,2416,-1
36752,20,15,1
36753,1276,44,-1
36754,1358,4035,-1
36755,20,20,1
36756,1440,3267,-1
36757,1276,60,-1
36758,20,100,1
36759,563,370,1
36760,20,75,-1
36761,1358,2995,-1
36762,1358,6883,-1
36763,20,36,1
36764,1358,11126,-1
36765,1077,3826,1
36766,20,145,-1
36767,1440,2593,-1
36768,1276,23,-1
36769,20,63,1
36770,1358,4241,-1
36771,1358,4860,-1
36772,20,15,1
36773,1077,690,1
36774,20,96,-1
36775,1440,2451,-1
36776,1276,31,-1
36777,20,69,1
36778,1358,3308,-1
36779,1358,179,-1
36780,20,17,1
36781,1440,4557,-1
36782,1440,47,-1
36783,20,20,1
36784,1194,25,-1
36785,1440,11520,-1
36786,20,26,1
36787,1440,47,-1
36788,1194,8,-1
36789,20,94,1
36790,563,471,1
36791,20,215,-1
36792,1358,3273,-1
36793,1440,5314,-1
36794,20,0,1
36795,1440,0,-1
36796,1194,0,-1
36797,20,4276,1
36798,1440,2259,-1
36799,1276,23,-1
36800,20,7,1
36801,563,387,1
36802,20,72,-1
36803,1358,120,-1
36804,563,1094,1
36805,20,116,-1
36806,563,756,1
36807,20,72,-1
36808,563,1175,1
36809,20,152,-1
36810,1358,2247,-1
36811,1440,23,-1
36812,1276,3,-1
36813,20,46,1
36814,1082,5424,-1
36815,563,301,1
36816,20,110,-1
36817,1358,2948,-1
36818,1077,679,1
36819,20,108,-1
36820,1440,4817,-1
36821,1276,37,-1
36822,20,78,1
36823,1440,2885,-1
36824,1276,24,-1
36825,20,9,1
36826,1358,3628,-1
36827,1358,7558,-1
36828,20,35,1
36829,1358,298,-1
36830,1440,3520,-1
36831,20,20,1
36832,1440,36,-1
36833,1194,6,-1
36834,20,63,1
36835,1358,3187,-1
36836,1480,9185,1
36837,131,104,1
36838,20,61,-1
36839,1358,3350,-1
36840,1358,33,-1
36841,20,65,1
36842,1077,1501,1
36843,20,55,-1
36844,1440,67355,-1
36845,1276,49,-1
36846,1440,5,-1
36847,1276,4,-1
36848,20,72,1
36849,563,298,1
36850,20,178,-1
36851,1440,3108,-1
36852,1440,40,-1
36853,20,10,1
36854,1194,26,-1
36855,685,17776,-1
36856,20,47,1
36857,1440,33260,-1
36858,1440,56,-1
36859,1194,5,-1
36860,20,106,1
36861,1358,2820,-1
36862,1480,4080,1
36863,131,125,1
36864,20,79,-1
36865,1358,29902,-1
36866,1077,349,1
36867,20,87,-1
36868,1440,7721,-1
36869,1440,31,-1
36870,1194,15,-1
36871,20,71,1
36872,1480,329,1
36873,1159,30,1
36874,20,66,-1
36875,1358,568,-1
36876,1440,28,-1
36877,20,17,1
36878,1276,20,-1
36879,1358,2990,-1
36880,20,17,1
36881,1440,138,-1
36882,1276,10,-1
36883,20,126,1
36884,563,446,1
36885,20,139,-1
36886,1480,710,1
36887,131,79,1
36888,20,39,-1
36889,1358,3603,-1
36890,1440,5556,-1
36891,20,23,1
36892,1276,37,-1
36893,1440,1636,-1
36894,20,14,1
36895,1276,39,-1
36896,1358,5,-1
36897,20,46,1
36898,1077,274,1
36899,20,194,-1
36900,1440,2389,-1
36901,1276,20,-1
36902,20,72,1
36903,1358,44765,-1
36904,1122,3513,-1
36905,20,19,1
36906,1480,393,1
36907,1159,46,1
36908,20,61,-1
36909,1480,958,1
36910,645,113,1
36911,20,81,-1
36912,563,953,1
36913,20,133,-1
36914,563,194,1
36915,20,87,-1
36916,563,567,1
36917,20,65,-1
36918,1440,6561,-1
36919,1276,22,-1
36920,1358,15,-1
36921,20,77,1
36922,1077,1466,1
36923,20,184,-1
36924,1358,35691,-1
36925,1440,2166,-1
36926,20,19,1
36927,1276,54,-1
36928,1358,4266,-1
36929,20,15,1
36930,1358,54502,-1
36931,1077,1566,1
36932,20,264,-1
36933,1440,5327,-1
36934,1276,41,-1
36935,20,97,1
36936,1077,343,1
36937,20,94,-1
36938,1358,8220,-1
36939,1358,3535,-1
36940,20,23,1
36941,1274,515,-1
36942,1077,18741,1
36943,20,109,-1
36944,1358,69707,-1
36945,1358,56,-1
36946,1440,6,-1
36947,1276,5,-1
36948,1358,5,-1
36949,20,291,1
36950,1440,1955,-1
36951,1276,75,-1
36952,20,30,1
36953,563,699,1
36954,20,508,-1
36955,1440,1600,-1
36956,1276,25,-1
36957,20,79,1
36958,1358,106,-1
36959,563,2631,1
36960,20,1183,-1
36961,1077,190,1
36962,20,123,-1
36963,1358,1070,-1
36964,563,312,1
36965,20,97,-1
36966,1358,1089,-1
36967,1358,6031,-1
36968,20,30,1
36969,1440,623,-1
36970,1440,24,-1
36971,1194,6,-1
36972,1358,5,-1
36973,20,179,1
36974,1440,8969,-1
36975,1276,51,-1
36976,20,16,1
36977,190,12472,-1
36978,1077,984,1
36979,20,123,-1
36980,563,1387,1
36981,20,199,-1
36982,1440,106178,-1
36983,1276,43,-1
36984,20,103,1
36985,1358,6216,-1
36986,563,2971,1
36987,20,171,-1
36988,1480,113,1
36989,131,88,1
36990,20,56,-1
36991,1440,10127,-1
36992,1276,36,-1
36993,20,94,1
36994,671,1230,-1
36995,563,285,1
36996,20,109,-1
36997,1358,2733,-1
36998,1358,58,-1
36999,20,237,1
37000,1077,3463,1
37001,20,154,-1
37002,1440,524,-1
37003,1276,23,-1
37004,20,87,1
37005,1440,5727,-1
37006,1276,41,-1
37007,20,15,1
37008,1440,6091,-1
37009,1440,51,-1
37010,20,20,1
37011,1194,20,-1
37012,1358,2415,-1
37013,20,35,1
37014,1440,31214,-1
37015,1276,41,-1
37016,20,106,1
37017,1440,2182,-1
37018,1276,27,-1
37019,20,21,1
37020,1358,25,-1
37021,1440,3165,-1
37022,20,22,1
37023,1276,34,-1
37024,563,298,1
37025,20,53,-1
37026,1440,2533,-1
37027,1440,57,-1
37028,1194,11,-1
37029,20,101,1
37030,1440,4981,-1
37031,1276,33,-1
37032,20,12,1
37033,1440,4145,-1
37034,1440,29,-1
37035,20,19,1
37036,1194,28,-1
37037,1358,4319,-1
37038,20,36,1
37039,1480,3368,1
37040,1159,95,1
37041,20,89,-1
37042,1480,5908,1
37043,1159,94,1
37044,20,84,-1
37045,563,69,1
37046,20,46,-1
37047,1358,25637,-1
37048,1077,481,1
37049,20,220,-1
37050,1077,348,1
37051,20,114,-1
37052,881,15956,-1
37053,1480,2016,1
37054,131,90,1
37055,20,111,-1
37056,563,86,1
37057,20,58,-1
37058,1440,22608,-1
37059,1440,51,-1
37060,1194,6,-1
37061,20,100,1
37062,1358,2454,-1
37063,1440,2268,-1
37064,20,16,1
37065,1440,41,-1
37066,1194,5,-1
37067,20,40,1
37068,1077,742,1
37069,20,126,-1
37070,1440,1883,-1
37071,1276,52,-1
37072,20,107,1
37073,1358,3825,-1
37074,1358,2461,-1
37075,20,17,1
37076,1358,32,-1
37077,1358,2235,-1
37078,20,20,1
37079,563,405,1
37080,20,121,-1
37081,1440,2017,-1
37082,1276,38,-1
37083,20,73,1
37084,563,191,1
37085,20,103,-1
37086,1358,79053,-1
37087,1077,1256,1
37088,20,77,-1
37089,1077,107,1
37090,20,125,-1
37091,1358,2832,-1
37092,267,439,-1
37093,20,18,1
37094,1480,728,1
37095,131,81,1
37096,20,62,-1
37097,563,2782,1
37098,20,107,-1
37099,1480,121,1
37100,131,85,1
37101,20,51,-1
37102,1358,46607,-1
37103,1358,678,-1
37104,20,25,1
37105,1077,409,1
37106,1358,597,-1
37107,20,25,-1
37108,1440,2159,-1
37109,20,30,1
37110,1440,66,-1
37111,1440,6,-1
37112,1440,4,-1
37113,1030,15,-1
37114,20,69,1
37115,1358,349,-1
37116,1440,10340,-1
37117,20,32,1
37118,1440,43,-1
37119,1194,7,-1
37120,20,95,1
37121,1440,212,-1
37122,1276,59,-1
37123,20,10,1
37124,1358,502,-1
37125,1440,1626,-1
37126,20,15,1
37127,1276,34,-1
37128,1358,741,-1
37129,20,15,1
37130,1440,1440,-1
37131,1276,34,-1
37132,20,46,1
37133,1440,1925,-1
37134,1440,21,-1
37135,20,17,1
37136,1440,20,-1
37137,1112,9,-1
37138,20,17,1
37139,563,266,1
37140,20,92,-1
37141,1358,1716,-1
37142,1358,2110,-1
37143,20,14,1
37144,1358,46845,-1
37145,1077,1747,1
37146,20,211,-1
37147,1440,303,-1
37148,1276,31,-1
37149,1358,6,-1
37150,20,72,1
37151,1358,3229,-1
37152,20,36368,1
37153,1440,95669,-1
37154,1440,56,-1
37155,1440,14,-1
37156,1440,4,-1
37157,1440,4,-1
37158,1440,4,-1
37159,1440,5,-1
37160,1440,4,-1
37161,1440,3,-1
37162,1440,4,-1
37163,1440,4,-1
37164,1440,4,-1
37165,1440,2,-1
37166,1440,4,-1
37167,1440,4,-1
37168,1440,4,-1
37169,191,7,-1
37170,20,23,1
37171,563,475,1
37172,20,97,-1
37173,563,257,1
37174,20,87,-1
37175,1480,2731,1
37176,131,31,1
37177,20,317,-1
37178,1358,10129,-1
37179,1077,534,1
37180,20,88,-1
37181,1358,108,-1
37182,1480,235,1
37183,1159,41,1
37184,20,46,-1
37185,563,520,1
37186,20,2161,-1
37187,1077,15335,1
37188,20,116,-1
37189,1358,4756,-1
37190,1480,6366,1
37191,1159,32,1
37192,20,127,-1
37193,1358,5587,-1
37194,1077,871,1
37195,20,111,-1
37196,1440,9183,-1
37197,1276,46,-1
37198,1358,5,-1
37199,20,85,1
37200,563,465,1
37201,20,130,-1
37202,563,536,1
37203,20,66,-1
37204,563,553,1
37205,20,84,-1
37206,1077,69,1
37207,20,102,-1
37208,1358,18,-1
37209,20,37679,1
37210,1238,28081,-1
37211,20,376,1
37212,1077,106,1
37213,20,161,-1
37214,1077,377,1
37215,20,118,-1
37216,1358,72808,-1
37217,20,37974,1
37218,311,16382,-1
37219,20,159,1
37220,1358,1045,-1
37221,1358,349,-1
37222,1077,150,1
37223,20,54,-1
37224,563,118,1
37225,20,78,-1
37226,1440,109019,-1
37227,1276,55,-1
37228,20,15,1
37229,1440,17288,-1
37230,1276,39,-1
37231,20,23,1
37232,1440,1597,-1
37233,1276,25,-1
37234,20,20,1
37235,1358,15,-1
37236,20,37544,1
37237,1077,59792,1
37238,20,243,-1
37239,1440,12379,-1
37240,1276,107,-1
37241,1358,20,-1
37242,20,179,1
37243,1358,16222,-1
37244,1358,58,-1
37245,1358,7,-1
37246,20,91,1
37247,1440,14410,-1
37248,1440,56,-1
37249,20,17,1
37250,1194,36,-1
37251,20,215,1
37252,1440,28878,-1
37253,1276,44,-1
37254,20,93,1
37255,563,542,1
37256,20,212,-1
37257,1440,71232,-1
37258,1276,43,-1
37259,1358,5,-1
37260,20,88,1
37261,563,392,1
37262,20,108,-1
37263,1440,11453,-1
37264,1440,45,-1
37265,1194,6,-1
37266,1440,6,-1
37267,1440,6,-1
37268,1194,5,-1
37269,20,60,1
37270,1480,1184,1
37271,131,84,1
37272,20,73,-1
37273,1480,481,1
37274,645,75,1
37275,20,61,-1
37276,1440,19448,-1
37277,1276,41,-1
37278,1440,5,-1
37279,1276,3,-1
37280,20,94,1
37281,1440,33092,-1
37282,1276,44,-1
37283,20,15,1
37284,1358,16,-1
37285,20,39709,1
37286,1440,34605,-1
37287,1440,85,-1
37288,1440,7,-1
37289,1440,5,-1
37290,1030,5,-1
37291,1440,5,-1
37292,1276,5,-1
37293,1358,5,-1
37294,20,92,1
37295,563,1080,1
37296,20,122,-1
37297,1358,19792,-1
37298,1440,417,-1
37299,20,17,1
37300,1276,72,-1
37301,1440,7,-1
37302,1276,3,-1
37303,20,79,1
37304,1440,675,-1
37305,1276,29,-1
37306,20,10,1
37307,563,957,1
37308,20,253,-1
37309,563,107,1
37310,20,105,-1
37311,563,30317,1
37312,20,133,-1
37313,1440,659,-1
37314,1440,27,-1
37315,1440,15,-1
37316,1112,2,-1
37317,1440,4,-1
37318,1276,4,-1
37319,20,54,1
37320,1440,65224,-1
37321,1276,70,-1
37322,20,28,1
37323,1440,8400,-1
37324,1440,46,-1
37325,20,25,1
37326,1440,30,-1
37327,1112,9,-1
37328,1440,5,-1
37329,1440,5,-1
37330,1440,5,-1
37331,1112,5,-1
37332,1358,5,-1
37333,20,11,1
37334,563,686,1
37335,20,118,-1
37336,563,116,1
37337,20,77,-1
37338,563,2719,1
37339,20,128,-1
37340,563,341,1
37341,20,191,-1
37342,563,78,1
37343,20,79,-1
37344,1440,17365,-1
37345,1440,25,-1
37346,1194,6,-1
37347,1440,5,-1
37348,1440,5,-1
37349,1440,3,-1
37350,1112,5,-1
37351,1440,5,-1
37352,1440,5,-1
37353,1194,4,-1
37354,1440,5,-1
37355,1276,5,-1
37356,20,16,1
37357,1077,67254,1
37358,20,97,-1
37359,1358,31250,-1
37360,1440,55,-1
37361,1440,10,-1
37362,1440,5,-1
37363,1112,4,-1
37364,1440,3,-1
37365,1276,4,-1
37366,20,61,1
37367,563,328,1
37368,20,123,-1
37369,1440,215,-1
37370,1440,10,-1
37371,20,7,1
37372,1194,25,-1
37373,1358,8,-1
37374,20,131,1
37375,1440,11668,-1
37376,1440,68,-1
37377,20,24,1
37378,1194,26,-1
37379,1440,15,-1
37380,1440,16,-1
37381,1440,6,-1
37382,1440,5,-1
37383,1030,7,-1
37384,1440,7,-1
37385,1440,7,-1
37386,1440,5,-1
37387,20,5,1
37388,1112,0,-1
37389,20,258,1
37390,1440,16376,-1
37391,1276,33,-1
37392,20,18,1
37393,1440,166,-1
37394,1440,10,-1
37395,1194,3,-1
37396,1440,4,-1
37397,1440,4,-1
37398,1440,2,-1
37399,1112,3,-1
37400,1358,4,-1
37401,20,119,1
37402,1440,10,-1
37403,1440,15,-1
37404,1194,5,-1
37405,1440,3,-1
37406,1440,4,-1
37407,1194,2,-1
37408,20,1,1
37409,563,223,1
37410,20,61,-1
37411,563,1607,1
37412,20,70,-1
37413,563,20302,-1
37414,20,56,1
37415,1440,86798,-1
37416,1440,56,-1
37417,1194,6,-1
37418,1440,5,-1
37419,1440,5,-1
37420,1440,5,-1
37421,1112,5,-1
37422,1440,14,-1
37423,1440,5,-1
37424,1440,5,-1
37425,1440,5,-1
37426,1440,4,-1
37427,948,5,-1
37428,1358,3,-1
37429,1358,5,-1
37430,20,28,1
37431,563,1509,1
37432,20,255,-1
37433,1358,10324,-1
37434,1440,288,-1
37435,20,17,1
37436,1276,44,-1
37437,1440,9,-1
37438,1276,5,-1
37439,1440,5,-1
37440,1276,5,-1
37441,1440,53,-1
37442,20,3,1
37443,1276,5,-1
37444,1358,5,-1
37445,1440,139,-1
37446,1440,8,-1
37447,1194,5,-1
37448,1440,5,-1
37449,1276,5,-1
37450,20,145,1
37451,563,566,1
37452,20,116,-1
37453,563,236,1
37454,20,190,-1
37455,1077,172,1
37456,20,122,-1
37457,1480,3168,1
37458,131,84,1
37459,20,71,-1
37460,1440,1411,-1
37461,1440,29,-1
37462,1194,16,-1
37463,1358,5,-1
37464,20,43,1
37465,1358,531,-1
37466,1358,10,-1
37467,20,10,1
37468,1440,28,-1
37469,1440,7,-1
37470,1194,5,-1
37471,1440,4,-1
37472,1276,5,-1
37473,1440,5,-1
37474,1440,5,-1
37475,1440,4,-1
37476,1440,3,-1
37477,47,5,-1
37478,20,104,1
37479,563,1114,1
37480,20,106,-1
37481,563,489,1
37482,20,77,-1
37483,1480,3471,1
37484,1480,128,1
37485,20,115,-1
37486,213,35,1
37487,20,51,-1
37488,563,250,1
37489,20,119,-1
37490,563,860,1
37491,20,82,-1
37492,563,15531,1
37493,20,114,-1
37494,1077,9935,1
37495,20,226,-1
37496,1077,876,1
37497,20,105,-1
37498,563,327,1
37499,20,71,-1
37500,1440,16057,-1
37501,1440,46,-1
37502,1194,9,-1
37503,20,98,1
37504,1077,19599,1
37505,20,161,-1
37506,205,59314,-1
37507,563,7567,1
37508,20,177,-1
37509,1480,402,1
37510,645,97,1
37511,20,103,-1
37512,1358,19842,-1
37513,563,385,1
37514,20,133,-1
37515,311,108055,-1
37516,1077,307,1
37517,20,103,-1
37518,1358,125730,-1
37519,1077,419,1
37520,20,81,-1
37521,1358,24149,-1
37522,563,308,1
37523,20,110,-1
37524,563,30,1
37525,20,75,-1
37526,1116,22639,-1
37527,20,36135,1
37528,1358,20423,-1
37529,1358,2726,-1
37530,20,23,1
37531,1358,67194,-1
37532,563,386,1
37533,20,315,-1
37534,292,44085,-1
37535,20,36869,1
37536,1358,18579,-1
37537,1358,32608,-1
37538,20,41,1
37539,563,5876,1
37540,20,109,-1
37541,1145,34196,-1
37542,563,2707,1
37543,20,146,-1
37544,563,111,1
37545,20,158,-1
37546,1077,685,1
37547,20,133,-1
37548,563,66498,1
37549,20,135,-1
37550,1358,3652,-1
37551,1358,16447,-1
37552,20,38,1
37553,563,1248,1
37554,20,76,-1
37555,602,40097,-1
37556,563,1870,1
37557,20,86,-1
37558,563,118,1
37559,20,99,-1
37560,1358,121690,-1
37561,1358,305,-1
37562,20,52,1
37563,30,6345,-1
37564,563,1874,1
37565,20,102,-1
37566,563,168,1
37567,20,63,-1
37568,1077,169,1
37569,20,144,-1
37570,563,282,1
37571,20,100,-1
37572,1440,34797,-1
37573,1276,46,-1
37574,20,169,1
37575,1358,2636,-1
37576,1440,1194,-1
37577,20,20,1
37578,1276,38,-1
37579,563,9047,1
37580,20,122,-1
37581,563,390,1
37582,20,80,-1
37583,1480,67,1
37584,645,158,1
37585,20,72,-1
37586,1480,148,1
37587,645,61,1
37588,20,33,-1
37589,563,56895,1
37590,20,325,-1
37591,1480,188,1
37592,131,87,1
37593,20,56,-1
37594,1358,3129,-1
37595,933,21233,-1
37596,20,49,1
37597,563,6882,1
37598,20,133,-1
37599,1480,94,1
37600,131,29,1
37601,20,82,-1
37602,1440,14790,-1
37603,1276,56,-1
37604,20,95,1
37605,1358,7192,-1
37606,563,899,1
37607,20,444,-1
37608,563,285,1
37609,20,372,-1
37610,205,104026,-1
37611,563,283,1
37612,20,277,-1
37613,563,4969,1
37614,20,213,-1
37615,563,329,1
37616,20,303,-1
37617,1480,185,1
37618,1159,75,1
37619,20,56,-1
37620,1358,93039,-1
37621,563,1063,1
37622,20,88,-1
37623,1358,3350,-1
37624,1077,229,1
37625,20,78,-1
37626,1116,31116,-1
37627,1077,476,1
37628,20,123,-1
37629,1358,116752,-1
37630,1077,2002,1
37631,20,349,-1
37632,1440,24051,-1
37633,1440,59,-1
37634,1194,12,-1
37635,20,118,1
37636,1358,1764,-1
37637,563,833,1
37638,20,149,-1
37639,563,116,1
37640,20,146,-1
37641,1440,8445,-1
37642,1276,45,-1
37643,20,289,1
37644,1358,71,-1
37645,1358,21739,-1
37646,20,30,1
37647,563,1381,1
37648,20,111,-1
37649,90,4943,-1
37650,563,950,1
37651,20,206,-1
37652,1358,128136,-1
37653,563,1288,1
37654,20,86,-1
37655,1358,28684,-1
37656,1480,5475,1
37657,131,100,1
37658,20,63,-1
37659,563,209,1
37660,20,44,-1
37661,544,2744,-1
37662,563,184,1
37663,20,66,-1
37664,1440,4595,-1
37665,1276,20,-1
37666,20,87,1
37667,1358,17976,-1
37668,1077,5515,1
37669,20,169,-1
37670,1480,16526,1
37671,645,113,1
37672,20,62,-1
37673,1480,2107,1
37674,131,101,1
37675,20,73,-1
37676,563,4048,1
37677,20,148,-1
37678,1480,46530,1
37679,645,97,1
37680,20,98,-1
37681,1440,21943,-1
37682,1440,37,-1
37683,1194,5,-1
37684,20,79,1
37685,1480,2601,1
37686,645,29,1
37687,20,92,-1
37688,1480,118,1
37689,645,82,1
37690,20,58,-1
37691,1440,4877,-1
37692,1276,36,-1
37693,20,85,1
37694,1341,500,-1
37695,1358,12052,-1
37696,20,39,1
37697,1358,4434,-1
37698,563,1806,1
37699,20,159,-1
37700,1440,2182,-1
37701,1276,56,-1
37702,20,111,1
37703,1440,4257,-1
37704,1440,44,-1
37705,20,15,1
37706,1194,51,-1
37707,1440,3988,-1
37708,20,41,1
37709,1276,61,-1
37710,1358,948,-1
37711,20,15,1
37712,1480,527,1
37713,131,48,1
37714,20,144,-1
37715,1480,324,1
37716,131,79,1
37717,20,58,-1
37718,1480,443,1
37719,645,67,1
37720,20,58,-1
37721,1358,510,-1
37722,1358,20,-1
37723,20,44,1
37724,1358,206,-1
37725,1440,4813,-1
37726,20,15,1
37727,1276,49,-1
37728,1358,2749,-1
37729,20,14,1
37730,1358,2279,-1
37731,1440,623,-1
37732,20,14,1
37733,1276,31,-1
37734,1358,3684,-1
37735,20,16,1
37736,1358,34,-1
37737,1358,17,-1
37738,20,46,1
37739,1440,8587,-1
37740,1440,28,-1
37741,20,20,1
37742,1194,25,-1
37743,1077,272,1
37744,20,144,-1
37745,1440,2490,-1
37746,1276,25,-1
37747,20,19,1
37748,1358,15,-1
37749,1440,3590,-1
37750,20,15,1
37751,1440,61,-1
37752,1194,8,-1
37753,20,46,1
37754,1440,6994,-1
37755,1276,47,-1
37756,20,10,1
37757,1440,25,-1
37758,1440,6,-1
37759,1194,3,-1
37760,20,59,1
37761,1077,7014,1
37762,20,154,-1
37763,1077,360,1
37764,20,92,-1
37765,563,264,1
37766,20,56,-1
37767,1077,461,1
37768,20,112,-1
37769,1440,252,-1
37770,1276,28,-1
37771,20,109,1
37772,1440,48,-1
37773,1276,9,-1
37774,1358,5,-1
37775,20,365,1
37776,1077,118,1
37777,20,153,-1
37778,1077,4007,1
37779,20,114,-1
37780,1358,9908,-1
37781,1440,46,-1
37782,1276,5,-1
37783,1358,5,-1
37784,20,80,1
37785,1358,638,-1
37786,1358,38,-1
37787,20,8,1
37788,563,25,1
37789,20,94,-1
37790,1358,13961,-1
37791,1077,16771,1
37792,20,145,-1
37793,1440,494,-1
37794,1276,30,-1
37795,1440,15,-1
37796,1276,6,-1
37797,20,59,1
37798,563,1093,1
37799,20,121,-1
37800,1440,7066,-1
37801,1440,33,-1
37802,1194,15,-1
37803,20,74,1
37804,1358,13029,-1
37805,1440,334,-1
37806,20,35,1
37807,1276,55,-1
37808,1440,25,-1
37809,1276,7,-1
37810,20,63,1
37811,563,798,1
37812,20,209,-1
37813,563,504,1
37814,20,114,-1
37815,1440,10372,-1
37816,1276,46,-1
37817,1358,6,-1
37818,20,124,1
37819,1440,362,-1
37820,1440,17,-1
37821,20,14,1
37822,1194,78,-1
37823,1358,10,-1
37824,20,12,1
37825,1440,22,-1
37826,1440,7,-1
37827,1194,3,-1
37828,1440,5,-1
37829,336,5,-1
37830,20,23,1
37831,563,1085,1
37832,20,79,-1
37833,1358,59385,-1
37834,563,330,1
37835,20,121,-1
37836,854,67442,-1
37837,20,38367,1
37838,1358,49257,-1
37839,20,363,1
37840,1077,902,1
37841,20,75,-1
37842,563,1019,1
37843,20,145,-1
37844,1480,236,1
37845,131,85,1
37846,20,87,-1
37847,1358,31864,-1
37848,1077,323,1
37849,20,113,-1
37850,563,941,1
37851,20,104,-1
37852,1358,3733,-1
37853,563,903,1
37854,20,72,-1
37855,563,205,1
37856,20,295,-1
37857,563,101,1
37858,20,82,-1
37859,1358,1923,-1
37860,1358,149,-1
37861,20,16,1
37862,816,33717,-1
37863,1440,12985,-1
37864,20,30,1
37865,1440,41,-1
37866,1194,19,-1
37867,20,82,1
37868,1077,39265,1
37869,20,159,-1
37870,1358,63567,-1
37871,563,1366,1
37872,20,163,-1
37873,1358,12969,-1
37874,1480,2115,1
37875,131,86,1
37876,20,57,-1
37877,563,156,1
37878,20,102,-1
37879,215,7619,-1
37880,563,766,1
37881,20,97,-1
37882,1358,104331,-1
37883,563,906,1
37884,20,91,-1
37885,854,23854,-1
37886,563,1163,1
37887,20,83,-1
37888,563,1342,1
37889,20,102,-1
37890,1358,17703,-1
37891,1480,2411,1
37892,131,97,1
37893,20,67,-1
37894,563,132,1
37895,20,66,-1
37896,825,108361,-1
37897,1077,979,1
37898,20,124,-1
37899,1358,47470,-1
37900,1480,2063,1
37901,131,35,1
37902,20,92,-1
37903,563,91,1
37904,20,132,-1
37905,1358,9753,-1
37906,563,3180,1
37907,20,187,-1
37908,563,97,1
37909,20,120,-1
37910,1358,41410,-1
37911,563,1074,1
37912,20,85,-1
37913,563,846,1
37914,20,184,-1
37915,1480,10005,1
37916,131,84,1
37917,20,62,-1
37918,263,47713,-1
37919,20,36596,1
37920,1358,35829,-1
37921,563,377,1
37922,20,93,-1
37923,854,55639,-1
37924,1077,2384,1
37925,20,181,-1
37926,563,117,1
37927,20,128,-1
37928,1358,69481,-1
37929,1480,3830,1
37930,1159,98,1
37931,20,104,-1
37932,1358,33261,-1
37933,563,1657,1
37934,20,154,-1
37935,1358,9990,-1
37936,563,316,1
37937,20,106,-1
37938,563,63,1
37939,20,119,-1
37940,893,6298,-1
37941,20,39796,1
37942,1358,76461,-1
37943,563,344,1
37944,20,175,-1
37945,311,12655,-1
37946,563,1631,1
37947,20,127,-1
37948,1440,12856,-1
37949,1276,33,-1
37950,20,100,1
37951,1358,5688,-1
37952,20,37911,1
37953,1358,56640,-1
37954,1358,3782,-1
37955,20,15,1
37956,563,3907,1
37957,20,194,-1
37958,563,113,1
37959,20,211,-1
37960,563,662,1
37961,20,154,-1
37962,215,3985,-1
37963,1077,205,1
37964,20,75,-1
37965,1358,18323,-1
37966,1358,24677,-1
37967,20,45,1
37968,1077,489,1
37969,20,86,-1
37970,1358,2191,-1
37971,20,39736,1
37972,321,42379,-1
37973,20,152,1
37974,563,3339,1
37975,20,211,-1
37976,1358,7963,-1
37977,563,1543,1
37978,20,83,-1
37979,1480,50,1
37980,131,40,1
37981,20,176,-1
37982,1358,879,-1
37983,563,1348,1
37984,20,113,-1
37985,563,81,1
37986,20,87,-1
37987,1358,79434,-1
37988,563,6057,1
37989,20,169,-1
37990,563,115,1
37991,20,74,-1
37992,292,26618,-1
37993,20,37108,1
37994,1358,88018,-1
37995,1077,1867,1
37996,20,74,-1
37997,311,960,-1
37998,1077,1786,1
37999,20,112,-1
38000,563,113,1
38001,20,82,-1
38002,1358,41712,-1
38003,1480,5035,1
38004,1480,83,1
38005,213,41,1
38006,20,74,-1
38007,20,15,-1
38008,1358,37195,-1
38009,1077,5862,1
38010,20,348,-1
38011,563,1426,1
38012,20,81,-1
38013,1358,22350,-1
38014,1358,5379,-1
38015,20,15,1
38016,1077,385,1
38017,20,123,-1
38018,40,6974,-1
38019,563,211,1
38020,20,80,-1
38021,1358,88596,-1
38022,1077,381,1
38023,1358,66,-1
38024,20,48,-1
38025,563,50,1
38026,20,190,-1
38027,1358,16,-1
38028,1440,504,-1
38029,20,15,1
38030,1440,30,-1
38031,1194,7,-1
38032,20,59,1
38033,1358,169,-1
38034,563,349,1
38035,20,170,-1
38036,1358,236,-1
38037,1358,18,-1
38038,20,65,1
38039,1358,246,-1
38040,1358,221,-1
38041,20,17,1
38042,1358,10,-1
38043,1358,335,-1
38044,20,16,1
38045,563,415,1
38046,20,128,-1
38047,1358,542,-1
38048,1440,3920,-1
38049,1440,35,-1
38050,1194,6,-1
38051,20,61,1
38052,296,31200,-1
38053,1358,729,-1
38054,20,19,1
38055,1358,24591,-1
38056,563,1041,1
38057,20,87,-1
38058,1077,10297,1
38059,20,157,-1
38060,563,26587,1
38061,20,185,-1
38062,563,91,1
38063,20,105,-1
38064,544,64509,-1
38065,563,1615,1
38066,20,87,-1
38067,563,896,1
38068,20,68,-1
38069,1358,116264,-1
38070,1310,9451,-1
38071,20,30,1
38072,1077,10365,1
38073,20,118,-1
38074,1077,2023,1
38075,20,160,-1
38076,563,8100,1
38077,20,111,-1
38078,1358,33713,-1
38079,1440,14197,-1
38080,20,36,1
38081,1440,41,-1
38082,1194,10,-1
38083,20,77,1
38084,1358,1132,-1
38085,20,40024,1
38086,1358,4420,-1
38087,1440,46,-1
38088,1276,16,-1
38089,20,94,1
38090,1358,217,-1
38091,20,458,1
38092,563,3895,1
38093,20,114,-1
38094,119,9606,-1
38095,563,4066,1
38096,20,131,-1
38097,563,232,1
38098,20,149,-1
38099,563,539,1
38100,20,121,-1
38101,1358,75981,-1
38102,20,39911,1
38103,1310,7967,-1
38104,20,148,1
38105,1077,946,1
38106,20,77,-1
38107,1480,820,1
38108,131,29,1
38109,20,174,-1
38110,563,254,1
38111,20,60,-1
38112,563,233,1
38113,20,65,-1
38114,563,77,1
38115,20,279,-1
38116,1358,76203,-1
38117,1077,389,1
38118,20,267,-1
38119,1077,25,1
38120,20,119,-1
38121,854,48434,-1
38122,1480,1976,1
38123,131,94,1
38124,20,51,-1
38125,563,108,1
38126,20,48,-1
38127,1480,21634,1
38128,131,38,1
38129,20,120,-1
38130,1077,1060,1
38131,20,65,-1
38132,1358,96498,-1
38133,563,470,1
38134,20,105,-1
38135,1077,1180,1
38136,20,133,-1
38137,311,4703,-1
38138,20,39144,1
38139,1358,87125,-1
38140,20,414,1
38141,311,3794,-1
38142,20,166,1
38143,1077,1322,1
38144,20,144,-1
38145,563,725,1
38146,20,122,-1
38147,563,42238,-1
38148,20,61,1
38149,1358,17853,-1
38150,1077,380,1
38151,20,113,-1
38152,1358,49504,-1
38153,1358,12178,-1
38154,20,23,1
38155,1077,1477,1
38156,20,87,-1
38157,563,62,1
38158,20,81,-1
38159,835,1075,-1
38160,563,1445,1
38161,20,61,-1
38162,1077,43679,-1
38163,20,39,1
38164,1358,114886,-1
38165,1480,418,1
38166,131,75,1
38167,20,77,-1
38168,563,778,1
38169,20,67,-1
38170,1480,360,1
38171,131,86,1
38172,20,56,-1
38173,854,5496,-1
38174,563,1111,1
38175,20,61,-1
38176,1480,397,1
38177,131,58,1
38178,20,46,-1
38179,1106,4136,-1
38180,20,24,1
38181,1358,26751,-1
38182,563,1729,1
38183,20,102,-1
38184,1358,9553,-1
38185,1480,290,1
38186,131,39,1
38187,20,82,-1
38188,1358,683,-1
38189,20,36418,1
38190,1358,40549,-1
38191,1480,4302,1
38192,645,97,1
38193,20,46,-1
38194,1068,1219,-1
38195,563,2125,1
38196,20,133,-1
38197,1106,127095,-1
38198,563,420,1
38199,20,102,-1
38200,1358,46195,-1
38201,20,37250,1
38202,1358,31629,-1
38203,563,4369,1
38204,20,117,-1
38205,30,10524,-1
38206,1077,426,1
38207,20,83,-1
38208,1358,75744,-1
38209,563,385,1
38210,20,124,-1
38211,1358,26777,-1
38212,1077,301,1
38213,20,101,-1
38214,1440,335,-1
38215,1276,36,-1
38216,1358,7,-1
38217,20,51,1
38218,1077,248,1
38219,20,131,-1
38220,1358,10720,-1
38221,1358,23,-1
38222,20,63,1
38223,1358,9243,-1
38224,1358,27,-1
38225,20,10,1
38226,1147,6727,-1
38227,563,26822,1
38228,20,108,-1
38229,1480,5081,1
38230,131,42,1
38231,20,89,-1
38232,1358,42954,-1
38233,1358,6305,-1
38234,20,131,1
38235,1077,5537,1
38236,20,149,-1
38237,1077,2384,1
38238,20,119,-1
38239,1077,935,1
38240,20,71,-1
38241,1077,863,1
38242,20,129,-1
38243,1077,572,1
38244,20,137,-1
38245,1358,1748,-1
38246,563,277,1
38247,20,60,-1
38248,321,37468,-1
38249,1077,13274,1
38250,20,128,-1
38251,1480,38522,1
38252,645,113,1
38253,20,123,-1
38254,1480,294,1
38255,131,76,1
38256,20,83,-1
38257,1440,43855,-1
38258,1440,45,-1
38259,1194,5,-1
38260,20,92,1
38261,1291,32108,-1
38262,1358,11466,-1
38263,20,46,1
38264,1480,16867,1
38265,131,65,1
38266,20,141,-1
38267,1358,39854,-1
38268,563,5332,1
38269,20,164,-1
38270,1358,329,-1
38271,1358,7741,-1
38272,20,46,1
38273,1480,10640,1
38274,131,64,1
38275,20,241,-1
38276,1077,34802,1
38277,20,131,-1
38278,1155,3458,-1
38279,1480,945,1
38280,131,34,1
38281,20,81,-1
38282,1077,4131,1
38283,20,109,-1
38284,1358,64892,-1
38285,20,39453,1
38286,854,20304,-1
38287,20,259,1
38288,1077,37207,1
38289,20,120,-1
38290,1480,46519,1
38291,131,98,1
38292,20,117,-1
38293,1106,43524,-1
38294,20,39346,1
38295,1358,42468,-1
38296,1480,1648,1
38297,131,46,1
38298,20,111,-1
38299,563,88,1
38300,20,60,-1
38301,854,44747,-1
38302,563,1498,1
38303,20,75,-1
38304,1358,31877,-1
38305,1358,4269,-1
38306,20,0,1
38307,563,5290,1
38308,20,101,-1
38309,563,31082,1
38310,20,140,-1
38311,1440,48586,-1
38312,1440,48,-1
38313,1194,8,-1
38314,20,108,1
38315,563,1191,1
38316,20,113,-1
38317,563,327,1
38318,20,157,-1
38319,729,3834,-1
38320,563,1927,1
38321,20,118,-1
38322,563,585,1
38323,20,79,-1
38324,563,408,1
38325,20,81,-1
38326,563,46,1
38327,20,77,-1
38328,1358,80888,-1
38329,1480,36199,1
38330,131,48,1
38331,20,174,-1
38332,854,8411,-1
38333,1358,26456,-1
38334,20,38,1
38335,311,106840,-1
38336,563,2053,1
38337,20,127,-1
38338,563,77,1
38339,20,82,-1
38340,1106,130404,-1
38341,563,309,1
38342,20,92,-1
38343,563,26,1
38344,20,87,-1
38345,1358,29698,-1
38346,563,372,1
38347,20,123,-1
38348,1440,2423,-1
38349,1276,32,-1
38350,20,54,1
38351,1440,11935,-1
38352,1440,57,-1
38353,20,19,1
38354,1440,73,-1
38355,1112,13,-1
38356,20,289,1
38357,109,83721,-1
38358,20,37649,1
38359,1358,19710,-1
38360,20,271,1
38361,825,71368,-1
38362,20,303,1
38363,563,162,1
38364,20,116,-1
38365,563,104,1
38366,20,51,-1
38367,563,734,1
38368,20,97,-1
38369,1077,37040,1
38370,20,149,-1
38371,563,22609,1
38372,20,137,-1
38373,1440,31877,-1
38374,1440,46,-1
38375,1194,16,-1
38376,20,105,1
38377,563,280,1
38378,20,103,-1
38379,1440,1240,-1
38380,1276,39,-1
38381,20,243,1
38382,1440,143,-1
38383,1276,13,-1
38384,20,154,1
38385,1358,2007,-1
38386,563,2623,1
38387,20,187,-1
38388,1480,155,1
38389,131,82,1
38390,20,84,-1
38391,856,29316,-1
38392,20,37920,1
38393,1358,61565,-1
38394,20,301,1
38395,563,3916,1
38396,20,174,-1
38397,563,72,1
38398,20,137,-1
38399,1440,73366,-1
38400,1276,44,-1
38401,1291,9,-1
38402,20,82,1
38403,1358,78270,-1
38404,1440,53,-1
38405,20,21,1
38406,1276,25,-1
38407,1077,4771,1
38408,20,288,-1
38409,563,17,1
38410,20,76,-1
38411,748,44656,-1
38412,563,4425,1
38413,20,143,-1
38414,1440,5389,-1
38415,1276,36,-1
38416,20,102,1
38417,1358,4579,-1
38418,563,957,1
38419,20,231,-1
38420,1077,14600,1
38421,20,123,-1
38422,1358,30432,-1
38423,563,4408,1
38424,20,253,-1
38425,1358,67711,-1
38426,1077,463,1
38427,20,167,-1
38428,787,3993,-1
38429,563,3154,1
38430,20,261,-1
38431,1358,107172,-1
38432,563,2052,1
38433,20,730,-1
38434,1106,17,1
38435,20,100,-1
38436,311,14953,-1
38437,20,37652,1
38438,1440,65126,-1
38439,1276,46,-1
38440,20,105,1
38441,1029,62148,-1
38442,20,150,1
38443,1480,3148,1
38444,1159,42,1
38445,20,121,-1
38446,1358,54599,-1
38447,1480,1675,1
38448,131,113,1
38449,20,50,-1
38450,854,76883,-1
38451,1358,19149,-1
38452,20,37,1
38453,1358,114666,-1
38454,563,438,1
38455,20,358,-1
38456,563,2574,1
38457,20,118,-1
38458,563,463,1
38459,20,125,-1
38460,563,477,1
38461,20,118,-1
38462,563,138,1
38463,20,113,-1
38464,59,8448,-1
38465,1077,272,1
38466,20,82,-1
38467,1358,144734,-1
38468,311,22797,-1
38469,20,47,1
38470,563,180427,-1
38471,1358,1220,-1
38472,20,17,1
38473,1358,37,-1
38474,1358,18028,-1
38475,20,51,1
38476,563,525,1
38477,20,149,-1
38478,563,1471,1
38479,20,89,-1
38480,748,106802,-1
38481,563,324,1
38482,20,130,-1
38483,1358,24579,-1
38484,20,38275,1
38485,1358,47734,-1
38486,20,36276,1
38487,573,3749,-1
38488,20,472,1
38489,1480,32021,1
38490,131,39,1
38491,20,125,-1
38492,563,282,1
38493,20,97,-1
38494,563,97876,-1
38495,1358,18119,-1
38496,20,43,1
38497,1339,128894,-1
38498,1077,1143,1
38499,20,103,-1
38500,1480,2449,1
38501,131,79,1
38502,20,69,-1
38503,1358,102314,-1
38504,796,26893,-1
38505,20,30,1
38506,1480,2642,1
38507,131,104,1
38508,20,83,-1
38509,563,160072,-1
38510,20,37772,1
38511,563,76900,1
38512,20,320,-1
38513,563,687,1
38514,20,148,-1
38515,1358,3659,-1
38516,1077,1820,1
38517,20,212,-1
38518,1358,2703,-1
38519,563,8833,1
38520,20,216,-1
38521,59,47845,-1
38522,20,36650,1
38523,563,134830,-1
38524,20,155,1
38525,1440,29226,-1
38526,1440,45,-1
38527,1194,5,-1
38528,20,61,1
38529,1440,3956,-1
38530,1276,29,-1
38531,20,20,1
38532,1358,22,-1
38533,20,331,1
38534,1358,46962,-1
38535,20,36341,1
38536,623,12093,-1
38537,20,240,1
38538,563,857,1
38539,20,108,-1
38540,1077,48223,1
38541,20,138,-1
38542,563,153,1
38543,20,108,-1
38544,1358,25352,-1
38545,1077,1343,1
38546,20,92,-1
38547,282,51748,-1
38548,1077,21285,1
38549,20,153,-1
38550,1077,686,1
38551,20,105,-1
38552,563,483,1
38553,20,68,-1
38554,563,1899,1
38555,20,106,-1
38556,563,351,1
38557,20,87,-1
38558,563,366,1
38559,20,72,-1
38560,563,137,1
38561,20,90,-1
38562,1106,101760,-1
38563,563,566,1
38564,20,259,-1
38565,563,266927,-1
38566,1077,319,1
38567,20,163,-1
38568,1358,10673,-1
38569,1077,386,1
38570,20,105,-1
38571,1077,46,1
38572,20,131,-1
38573,1440,231,-1
38574,1276,23,-1
38575,1358,5,-1
38576,20,61,1
38577,1077,273,1
38578,20,76,-1
38579,1440,125,-1
38580,1440,24,-1
38581,1194,6,-1
38582,20,42,1
38583,1440,342,-1
38584,1440,20,-1
38585,20,6,1
38586,1194,20,-1
38587,1440,2979,-1
38588,20,15,1
38589,1440,40,-1
38590,1194,5,-1
38591,1440,4,-1
38592,1440,5,-1
38593,1440,3,-1
38594,1112,3,-1
38595,20,35,1
38596,1077,774,1
38597,20,131,-1
38598,1440,103719,-1
38599,1276,44,-1
38600,20,91,1
38601,248,7663,-1
38602,20,39062,1
38603,1480,65521,1
38604,131,105,1
38605,20,124,-1
38606,1440,6200,-1
38607,20,28,1
38608,1440,51,-1
38609,20,16,1
38610,1194,24,-1
38611,20,200,1
38612,205,16868,-1
38613,20,133,1
38614,1358,111518,-1
38615,1440,103,-1
38616,1276,9,-1
38617,20,54,1
38618,563,4372,1
38619,20,64,-1
38620,563,397,1
38621,20,71,-1
38622,563,367,1
38623,20,180,-1
38624,563,82,1
38625,20,56,-1
38626,1320,11021,-1
38627,563,1807,1
38628,20,90,-1
38629,1077,11205,1
38630,20,169,-1
38631,1358,54098,-1
38632,20,39024,1
38633,1358,20823,-1
38634,563,1276,1
38635,20,266,-1
38636,30,340,-1
38637,1480,819,1
38638,131,67,1
38639,20,63,-1
38640,563,639,1
38641,20,92,-1
38642,563,349,1
38643,20,67,-1
38644,1077,235,1
38645,20,117,-1
38646,1358,58634,-1
38647,563,1245,1
38648,20,230,-1
38649,563,694,1
38650,20,59,-1
38651,1077,108,1
38652,20,125,-1
38653,311,65488,-1
38654,20,35737,1
38655,1358,51143,-1
38656,20,36910,1
38657,311,4384,-1
38658,20,175,1
38659,563,127981,-1
38660,20,160,1
38661,1077,1117,1
38662,20,107,-1
38663,1358,89114,-1
38664,1480,504,1
38665,1159,81,1
38666,20,100,-1
38667,1440,19879,-1
38668,1276,43,-1
38669,20,102,1
38670,563,442,1
38671,1440,94,-1
38672,1276,14,-1
38673,1358,6,-1
38674,20,6,-1
38675,20,6,1
38676,1358,504,-1
38677,1358,148,-1
38678,20,15,1
38679,1358,683,-1
38680,1440,86,-1
38681,20,12,1
38682,1276,25,-1
38683,1358,407,-1
38684,20,15,1
38685,1440,693,-1
38686,1440,22,-1
38687,20,9,1
38688,1194,24,-1
38689,315,14178,-1
38690,20,36,1
38691,1440,31712,-1
38692,1276,62,-1
38693,20,24,1
38694,1358,2651,-1
38695,1358,1070,-1
38696,20,41,1
38697,1358,51758,-1
38698,1358,1435,-1
38699,20,27,1
38700,1440,370,-1
38701,1440,26,-1
38702,20,11,1
38703,1194,13,-1
38704,1358,6,-1
38705,1440,5,-1
38706,1276,5,-1
38707,20,95,1
38708,1358,1,-1
38709,1440,9,-1
38710,1276,10,-1
38711,20,76,1
38712,563,674,1
38713,20,102,-1
38714,1440,3874,-1
38715,1440,27,-1
38716,1194,5,-1
38717,20,58,1
38718,1358,32791,-1
38719,248,36062,-1
38720,20,51,1
38721,563,200640,-1
38722,20,39077,1
38723,1358,88078,-1
38724,20,247,1
38725,1358,6763,-1
38726,1440,1926,-1
38727,20,17,1
38728,1276,42,-1
38729,20,112,1
38730,981,53886,-1
38731,20,159,1
38732,1480,82857,1
38733,131,320,1
38734,20,111,-1
38735,1106,43937,-1
38736,20,221,1
38737,563,4899,1
38738,20,340,-1
38739,1077,165,1
38740,20,200,-1
38741,563,393510,1
38742,20,297,-1
38743,563,74824,-1
38744,20,38578,1
38745,1440,110255,-1
38746,20,54,1
38747,1276,41,-1
38748,20,25,1
38749,1000,17066,-1
38750,20,37,1
38751,1077,83327,1
38752,20,241,-1
38753,563,95485,-1
38754,20,221,1
38755,1358,46,-1
38756,20,14,1
38757,1358,725,-1
38758,20,24,1
38759,563,368,1
38760,20,118,-1
38761,1440,3869,-1
38762,1276,26,-1
38763,20,9,1
38764,1358,25,-1
38765,20,39970,1
38766,1358,62862,-1
38767,20,41,1
38768,1358,11512,-1
38769,20,231,1
38770,563,2101,1
38771,20,256,-1
38772,1480,33063,1
38773,131,99,1
38774,20,65,-1
38775,563,424754,1
38776,20,136,-1
38777,563,594,1
38778,20,73,-1
38779,563,661,1
38780,20,69,-1
38781,563,597,1
38782,20,102,-1
38783,1440,11153,-1
38784,1440,51,-1
38785,1440,12,-1
38786,1440,6,-1
38787,1440,8,-1
38788,1066,5,-1
38789,20,91,1
38790,1358,128165,-1
38791,1358,40,-1
38792,20,20,1
38793,1370,130510,-1
38794,1077,7231,1
38795,20,265,-1
38796,1480,4143,1
38797,1480,94,1
38798,20,93,-1
38799,213,44,1
38800,20,55,-1
38801,563,558570,-1
38802,20,37244,1
38803,1358,91077,-1
38804,20,36,1
38805,311,36032,-1
38806,20,65,1
38807,563,1756,1
38808,20,104,-1
38809,1480,44826,1
38810,131,55,1
38811,20,106,-1
38812,563,85703,-1
38813,20,36221,1
38814,1440,24455,-1
38815,20,42,1
38816,1440,33,-1
38817,20,10,1
38818,1194,15,-1
38819,20,7,1
38820,1358,22,-1
38821,20,17,1
38822,1358,75,-1
38823,20,9,1
38824,1358,82271,-1
38825,20,51,1
38826,1358,34,-1
38827,20,10,1
38828,1440,45886,-1
38829,20,30,1
38830,1276,38,-1
38831,20,14,1
38832,1440,20,-1
38833,1276,9,-1
38834,1440,5,-1
38835,20,42,1
38836,1440,22,-1
38837,1194,9,-1
38838,20,289,1
38839,563,103,1
38840,20,70,-1
38841,1358,113163,-1
38842,1358,55,-1
38843,20,13,1
38844,1358,28,-1
38845,563,403,1
38846,20,270,-1
38847,1440,13865,-1
38848,1440,30,-1
38849,20,10,1
38850,1194,33,-1
38851,1440,8,-1
38852,1440,5,-1
38853,1194,5,-1
38854,20,20,1
38855,1358,79298,-1
38856,1440,254,-1
38857,20,27,1
38858,1440,42,-1
38859,1194,9,-1
38860,20,66,1
38861,1440,48139,-1
38862,1440,61,-1
38863,20,13,1
38864,1440,26,-1
38865,1112,8,-1
38866,1440,5,-1
38867,1440,4,-1
38868,1440,5,-1
38869,1112,5,-1
38870,20,27,1
38871,563,934,1
38872,20,564,-1
38873,563,13,1
38874,20,117,-1
38875,1358,36176,-1
38876,1358,52,-1
38877,20,185,1
38878,1440,38,-1
38879,1276,9,-1
38880,20,208,1
38881,1358,83266,-1
38882,1440,406,-1
38883,20,46,1
38884,1440,30,-1
38885,1194,9,-1
38886,1358,5,-1
38887,20,182,1
38888,1440,6156,-1
38889,1440,23,-1
38890,20,19,1
38891,1440,30,-1
38892,1112,6,-1
38893,20,25,1
38894,1440,60,-1
38895,1276,24,-1
38896,1358,8,-1
38897,20,158,1
38898,563,555,1
38899,20,77,-1
38900,1358,47,-1
38901,1440,101,-1
38902,20,97,1
38903,1276,47,-1
38904,563,271,1
38905,20,220,-1
38906,1358,82007,-1
38907,1440,68,-1
38908,1276,7,-1
38909,1440,5,-1
38910,1440,5,-1
38911,1194,5,-1
38912,20,54,1
38913,1440,45193,-1
38914,1440,73,-1
38915,20,16,1
38916,1194,24,-1
38917,1358,19,-1
38918,1358,5,-1
38919,1440,5,-1
38920,1276,5,-1
38921,20,64,1
38922,1440,211,-1
38923,1276,14,-1
38924,1440,6,-1
38925,1276,5,-1
38926,20,19,1
38927,1440,27143,-1
38928,1440,43,-1
38929,20,21,1
38930,1194,14,-1
38931,1440,8,-1
38932,1440,5,-1
38933,1440,5,-1
38934,1112,5,-1
38935,20,56,1
38936,563,371,1
38937,20,107,-1
38938,1440,99797,-1
38939,1440,51,-1
38940,20,13,1
38941,1194,37,-1
38942,1440,9,-1
38943,1440,3,-1
38944,1440,4,-1
38945,1112,4,-1
38946,1440,4,-1
38947,1276,12,-1
38948,20,35,1
38949,1440,226,-1
38950,1440,9,-1
38951,1194,4,-1
38952,1440,4,-1
38953,1440,2,-1
38954,1440,4,-1
38955,1440,4,-1
38956,1030,3,-1
38957,1358,4,-1
38958,20,8,1
38959,563,1168,1
38960,20,78,-1
38961,563,590,1
38962,20,77,-1
38963,1440,127023,-1
38964,1440,43,-1
38965,1440,7,-1
38966,1112,14,-1
38967,20,80,1
38968,1440,169,-1
38969,1440,24,-1
38970,1194,5,-1
38971,1440,5,-1
38972,1440,6,-1
38973,1194,4,-1
38974,20,65,1
38975,1440,925,-1
38976,413,31,-1
38977,20,20,1
38978,563,2259,1
38979,20,163,-1
38980,563,8716,1
38981,20,127,-1
38982,563,119964,-1
38983,1440,128,-1
38984,1276,11,-1
38985,20,24,1
38986,1000,128705,-1
38987,563,2169,1
38988,20,131,-1
38989,1077,541393,1
38990,20,149,-1
38991,1480,862,1
38992,1480,108,1
38993,20,78,-1
38994,213,82,1
38995,20,62,-1
38996,1077,94747,1
38997,20,197,-1
38998,1077,317,1
38999,20,99,-1
39000,563,20115,-1
39001,20,36518,1
39002,563,272906,-1
39003,20,55,1
39004,563,114707,-1
39005,20,51,1
39006,563,13283,-1
39007,20,40,1
39008,563,155051,-1
39009,20,48,1
39010,563,387194,1
39011,20,149,-1
39012,563,2999042,1
39013,20,144,-1
39014,563,319,1
39015,20,95,-1
39016,563,1229895,-1
39017,20,51,1
39018,563,2688881,-1
39019,20,52,1
39020,1480,538186,1
39021,131,110,1
39022,20,128,-1
39023,1440,435317,-1
39024,20,54,1
39025,685,12,-1
39026,20,10,1
39027,563,822227,-1
39028,20,36,1
39029,563,356480,-1
39030,20,37,1
39031,563,343497,-1
39032,20,66,1
39033,563,1659920,-1
39034,20,40,1
39035,563,657731,-1
39036,20,35,1
39037,1077,1621959,1
39038,20,165,-1
39039,563,254080,-1
39040,20,61,1
39041,563,2189687,-1
39042,20,35,1
39043,563,5361311,-1
39044,20,51,1
39045,1480,6739408,1
39046,131,102,1
39047,20,203,-1
39048,563,412811,-1
39049,20,67,1
39050,563,752511,-1
39051,20,49,1
39052,563,5832145,1
39053,20,231,-1
39054,563,346372,-1
39055,20,69,1
39056,563,1598361,-1
39057,20,41,1
39058,563,56112,1
39059,20,170,-1
39060,563,367219,-1
39061,20,55,1
39062,563,633389,1
39063,20,138,-1
39064,563,347660,-1
39065,20,46,1
39066,563,652709,1
39067,20,149,-1
39068,563,318454,-1
39069,20,52,1
39070,563,1684674,1
39071,20,277,-1
39072,563,351711,-1
39073,20,62,1
39074,563,166055,-1
39075,20,46,1
39076,563,667750,-1
39077,20,40,1
39078,563,815531,1
39079,20,157,-1
39080,563,354,1
39081,20,95,-1
39082,563,236025,-1
39083,20,249,1
39084,563,128336,-1
39085,20,40,1
39086,563,129076,-1
39087,20,42,1
39088,563,128579,-1
39089,20,32,1
39090,563,777298,-1
39091,20,36,1
39092,563,602106,1
39093,20,169,-1
39094,563,352500,-1
39095,20,72,1
39096,563,835535,-1
39097,20,36,1
39098,563,136963,-1
39099,20,38,1
39100,1077,675201,1
39101,20,353,-1
39102,563,94,1
39103,20,237,-1
39104,563,348517,-1
39105,20,56,1
39106,563,127940,-1
39107,20,36,1
39108,563,148576,-1
39109,20,51,1
39110,563,128508,-1
39111,20,38,1
39112,563,820,1
39113,20,339,-1
39114,563,138854,-1
39115,20,38005,1
39116,563,127406,-1
39117,20,66,1
39118,1480,344242,1
39119,131,51,1
39120,20,207,-1
39121,563,192916,-1
39122,20,46,1
39123,1440,225493,-1
39124,20,270,1
39125,171,37,-1
39126,20,13,1
39127,1077,128338,-1
39128,20,53,1
39129,563,389854,-1
39130,20,35,1
39131,563,267036,-1
39132,20,36,1
39133,563,686328,-1
39134,20,36,1
39135,563,2703978,-1
39136,20,34,1
39137,563,775,1
39138,20,188,-1
39139,563,128707,-1
39140,20,37333,1
39141,563,1310635,-1
39142,20,51,1
39143,563,898,1
39144,20,123,-1
39145,563,127139,-1
39146,563,869,1
39147,20,93,-1
39148,563,559179,-1
39149,563,771,1
39150,20,298,-1
39151,563,129366,-1
39152,20,37571,1
39153,563,549237,-1
39154,20,54,1
39155,563,786,1
39156,20,178,-1
39157,563,128669,-1
39158,20,36707,1
39159,563,353430,1
39160,20,134,-1
39161,563,98550,-1
39162,20,36,1
39163,563,262019,-1
39164,20,55,1
39165,1077,12195372,1
39166,20,159,-1
39167,1480,82,1
39168,131,72,1
39169,20,108,-1
39170,1440,373383,-1
39171,20,51,1
39172,685,44,-1
39173,20,9,1
39174,563,162935,-1
39175,20,68,1
39176,563,128643,-1
39177,20,51,1
39178,563,2334229,1
39179,20,185,-1
39180,563,263438,-1
39181,20,54,1
39182,1077,1200164,1
39183,20,263,-1
39184,563,584546,-1
39185,20,59,1
39186,563,139524,-1
39187,20,37,1
39188,563,11905793,1
39189,20,365,-1
39190,1480,3280266,1
39191,131,51,1
39192,20,114,-1
39193,563,407448,-1
39194,20,60,1
39195,1480,1310573,1
39196,131,100,1
39197,20,94,-1
39198,563,1000224,1
39199,20,128,-1
39200,563,1280282,1
39201,20,130,-1
39202,563,361462,-1
39203,20,63,1
39204,563,1358474,1
39205,20,163,-1
39206,563,281624,1
39207,20,227,-1
39208,563,384771,-1
39209,20,46,1
39210,563,333660,1
39211,20,135,-1
39212,563,281452,1
39213,20,157,-1
39214,563,372933,-1
39215,20,56,1
39216,563,628088,1
39217,20,140,-1
39218,563,272078,-1
39219,20,56,1
39220,1480,445513,1
39221,1480,118,1
39222,20,112,-1
39223,1201,55,1
39224,20,56,-1
39225,89,97,1
39226,20,66,-1
39227,563,274812,-1
39228,20,46,1
39229,563,724601,1
39230,20,194,-1
39231,563,283236,1
39232,20,123,-1
39233,563,359418,-1
39234,20,61,1
39235,1077,357089,1
39236,20,163,-1
39237,563,1285602,1
39238,20,138,-1
39239,563,370434,-1
39240,20,56,1
39241,563,344332,1
39242,20,137,-1
39243,563,285869,1
39244,20,145,-1
39245,563,430089,-1
39246,20,61,1
39247,563,570914,1
39248,20,189,-1
39249,1077,69609,1
39250,20,154,-1
39251,563,253224,-1
39252,20,72,1
39253,563,26665,-1
39254,20,50,1
39255,563,102478,-1
39256,20,38,1
39257,563,260177,1
39258,20,149,-1
39259,1077,617,1
39260,20,238,-1
39261,563,66,1
39262,20,107,-1
39263,563,87,1
39264,20,75,-1
39265,563,998248,1
39266,20,124,-1
39267,563,287517,1
39268,20,149,-1
39269,563,363704,-1
39270,20,56,1
39271,563,349225,1
39272,20,254,-1
39273,1077,287678,1
39274,20,113,-1
39275,563,402750,-1
39276,20,61,1
39277,563,128216,-1
39278,20,39,1
39279,1077,181272,1
39280,20,194,-1
39281,1077,999182,1
39282,20,167,-1
39283,563,344195,-1
39284,20,56,1
39285,563,128046,-1
39286,20,34,1
39287,1077,528524,1
39288,20,123,-1
39289,1480,97,1
39290,645,90,1
39291,20,99,-1
39292,563,340270,-1
39293,20,58,1
39294,563,128089,-1
39295,20,37,1
39296,1106,128499,-1
39297,20,49,1
39298,1480,87581,1
39299,131,136,1
39300,20,139,-1
39301,1480,314728,1
39302,131,123,1
39303,20,149,-1
39304,1440,119878,-1
39305,20,57,1
39306,685,25,-1
39307,20,10,1
39308,563,352622,-1
39309,20,76,1
39310,563,127340,-1
39311,20,42,1
39312,563,399701,1
39313,20,166,-1
39314,563,407,1
39315,20,54,-1
39316,563,349475,-1
39317,20,51,1
39318,563,228,1
39319,20,121,-1
39320,563,127743,-1
39321,20,39555,1
39322,1077,2481864,1
39323,20,129,-1
39324,563,343098,-1
39325,20,62,1
39326,563,128108,-1
39327,20,0,1
39328,563,212334,1
39329,20,161,-1
39330,563,355039,-1
39331,20,63,1
39332,1480,819213,1
39333,131,43,1
39334,20,164,-1
39335,563,697405,-1
39336,20,58,1
39337,563,250815,-1
39338,20,36,1
39339,563,132168,-1
39340,20,39,1
39341,563,1504,1
39342,20,97,-1
39343,563,279232,-1
39344,1077,267,1
39345,20,120,-1
39346,563,486386,-1
39347,20,40033,1
39348,1077,12380310,1
39349,20,223,-1
39350,1480,566,1
39351,131,102,1
39352,20,74,-1
39353,1440,490225,-1
39354,20,61,1
39355,685,34,-1
39356,20,12,1
39357,563,361,1
39358,20,179,-1
39359,563,234799,-1
39360,20,53,1
39361,563,128540,-1
39362,20,35,1
39363,1077,5484285,1
39364,20,172,-1
39365,563,562659,-1
39366,20,66,1
39367,563,138643,-1
39368,20,70,1
39369,563,1559,1
39370,20,97,-1
39371,563,366181,-1
39372,1077,4829,1
39373,20,81,-1
39374,563,476409,-1
39375,563,1147,1
39376,20,118,-1
39377,1077,628,1
39378,20,74,-1
39379,1480,1339,1
39380,1480,72,1
39381,20,50,-1
39382,1201,56,1
39383,20,49,-1
39384,1480,133,1
39385,1480,79,1
39386,20,46,-1
39387,1201,55,1
39388,20,43,-1
39389,1480,95,1
39390,1480,55,1
39391,20,36,-1
39392,1201,72,1
39393,20,36,-1
39394,683,70,1
39395,20,44,-1
39396,563,268819,-1
39397,20,38136,1
39398,563,128096,-1
39399,20,33,1
39400,563,314661,-1
39401,20,38,1
39402,563,127948,-1
39403,20,36,1
39404,563,1156,1
39405,20,175,-1
39406,1077,1045,1
39407,20,88,-1
39408,563,862855,-1
39409,20,38887,1
39410,563,127322,-1
39411,20,36,1
39412,563,1398,1
39413,20,101,-1
39414,563,361715,-1
39415,563,252,1
39416,20,288,-1
39417,563,404435,-1
39418,1440,12809,-1
39419,1276,34,-1
39420,20,87,1
39421,1000,128349,-1
39422,563,5584,1
39423,20,231,-1
39424,1077,158,1
39425,20,61,-1
39426,563,366615,-1
39427,20,37988,1
39428,563,127813,-1
39429,20,37,1
39430,1106,128823,-1
39431,20,44,1
39432,563,1187,1
39433,20,224,-1
39434,563,1276,1
39435,20,164,-1
39436,563,345,1
39437,20,77,-1
39438,1077,376,1
39439,20,119,-1
39440,563,534540,-1
39441,20,36467,1
39442,1106,131489,-1
39443,20,37,1
39444,1358,18849,-1
39445,20,36,1
39446,1310,110387,-1
39447,20,37,1
39448,563,1344,1
39449,20,93,-1
39450,1077,761,1
39451,20,60,-1
39452,1077,983,1
39453,20,105,-1
39454,563,590400,-1
39455,1440,14632,-1
39456,20,45,1
39457,1276,51,-1
39458,20,38219,1
39459,486,90433,-1
39460,20,59,1
39461,563,1129,1
39462,20,119,-1
39463,563,128792,-1
39464,20,39435,1
39465,20,6474854,1
39466,20,131286,-1
39467,20,63,1
39468,252,230,1
39469,20,111,-1
39470,781,135993,-1
39471,20,46,1
39472,146,1847,1
39473,20,102,-1
39474,71,136148,-1
39475,58,349,1
39476,20,91,-1
39477,1358,131884,-1
39478,210,269,-1
39479,20,20,1
39480,1077,1036,1
39481,20,113,-1
39482,563,137634,-1
39483,563,2689,1
39484,20,141,-1
39485,563,131323,-1
39486,563,303,1
39487,20,124,-1
39488,1480,81588,1
39489,131,118,1
39490,20,91,-1
39491,563,52438,-1
39492,1440,53,-1
39493,20,18,1
39494,1276,15,-1
39495,1358,10,-1
39496,20,6,1
39497,1358,31,-1
39498,1358,9,-1
39499,20,5,1
39500,1440,598,-1
39501,1276,26,-1
39502,20,10,1
39503,1358,20,-1
39504,1358,5,-1
39505,20,23,1
39506,1440,130317,-1
39507,1440,56,-1
39508,20,16,1
39509,1440,41,-1
39510,1112,10,-1
39511,1440,5,-1
39512,1276,5,-1
39513,20,26,1
39514,1440,176,-1
39515,1276,11,-1
39516,20,109,1
39517,1440,70,-1
39518,1276,10,-1
39519,20,9,1
39520,1440,619,-1
39521,1276,23,-1
39522,20,9,1
39523,1358,28,-1
39524,1358,9,-1
39525,1358,46,-1
39526,20,2,1
39527,1094,204,-1
39528,1358,11,-1
39529,20,65,1
39530,563,190,1
39531,20,126,-1
39532,1440,260,-1
39533,1440,20,-1
39534,20,10,1
39535,1194,20,-1
39536,20,37683,1
39537,1358,93494,-1
39538,20,226,1
39539,1440,101,-1
39540,1276,15,-1
39541,20,11,1
39542,1358,23,-1
39543,1358,5,-1
39544,1358,4,-1
39545,20,124,1
39546,1440,274,-1
39547,1276,23,-1
39548,20,7,1
39549,1440,77,-1
39550,1276,17,-1
39551,20,6,1
39552,1440,236,-1
39553,1276,10,-1
39554,20,7,1
39555,1440,87,-1
39556,20,8,1
39557,1276,15,-1
39558,20,7,1
39559,1077,84,1
39560,20,87,-1
39561,1440,286,-1
39562,1276,19,-1
39563,20,6,1
39564,1358,19,-1
39565,1440,110,-1
39566,20,10,1
39567,1276,31,-1
39568,1440,91,-1
39569,20,8,1
39570,1012,18,-1
39571,1440,209,-1
39572,20,10,1
39573,1276,16,-1
39574,1440,363,-1
39575,20,17,1
39576,1276,25,-1
39577,1440,189,-1
39578,20,14,1
39579,1276,20,-1
39580,1440,398,-1
39581,20,20,1
39582,1440,26,-1
39583,1194,6,-1
39584,20,5,1
39585,1440,12,-1
39586,1276,5,-1
39587,20,113,1
39588,1358,126,-1
39589,563,115,1
39590,20,76,-1
39591,563,104695,-1
39592,1358,22708,-1
39593,1440,349,-1
39594,20,26,1
39595,1276,38,-1
39596,1440,592,-1
39597,20,17,1
39598,1276,34,-1
39599,1440,9,-1
39600,20,8,1
39601,1440,22,-1
39602,1440,7,-1
39603,1112,5,-1
39604,20,179,1
39605,1358,82,-1
39606,1440,186,-1
39607,20,15,1
39608,1276,22,-1
39609,1440,77,-1
39610,20,10,1
39611,1440,36,-1
39612,1194,7,-1
39613,20,7,1
39614,1173,144,-1
39615,1077,217,1
39616,20,77,-1
39617,1440,124,-1
39618,1440,17,-1
39619,20,9,1
39620,1194,30,-1
39621,1358,91,-1
39622,20,9,1
39623,1440,280,-1
39624,1276,22,-1
39625,20,9,1
39626,1440,115,-1
39627,1276,15,-1
39628,20,9,1
39629,1358,128,-1
39630,1440,890,-1
39631,20,21,1
39632,1276,51,-1
39633,1440,117,-1
39634,20,41,1
39635,1440,40,-1
39636,1194,6,-1
39637,1440,5,-1
39638,1276,4,-1
39639,20,9,1
39640,1440,371,-1
39641,20,11,1
39642,1276,29,-1
39643,1358,206,-1
39644,20,12,1
39645,1358,314,-1
39646,1358,18,-1
39647,20,8,1
39648,1440,961,-1
39649,1440,20,-1
39650,20,8,1
39651,1194,42,-1
39652,1440,7,-1
39653,1276,4,-1
39654,1440,22,-1
39655,1276,4,-1
39656,1358,5,-1
39657,1440,5,-1
39658,1276,5,-1
39659,20,117,1
39660,563,96,1
39661,1440,77,-1
39662,1276,8,-1
39663,20,9,1
39664,20,23,-1
39665,1358,187,-1
39666,1358,803,-1
39667,20,12,1
39668,1440,84,-1
39669,1276,9,-1
39670,20,16,1
39671,20,7520,1
39672,1358,26613,-1
39673,1358,51,-1
39674,20,13,1
39675,1358,88721,-1
39676,1358,219,-1
39677,20,27,1
39678,1077,269,1
39679,20,108,-1
39680,1358,15,-1
39681,1358,82,-1
39682,20,11,1
39683,1440,206,-1
39684,1276,29,-1
39685,20,10,1
39686,1358,1732,-1
39687,1358,31,-1
39688,20,12,1
39689,1358,45,-1
39690,1440,10,-1
39691,20,10,1
39692,1440,29,-1
39693,1194,8,-1
39694,20,9,1
39695,1440,21,-1
39696,1440,8,-1
39697,20,9,1
39698,1440,20,-1
39699,663,7,-1
39700,20,9,1
39701,1358,20,-1
39702,1358,7,-1
39703,20,9,1
39704,1440,468,-1
39705,1276,21,-1
39706,20,8,1
39707,1440,3084,-1
39708,1276,20,-1
39709,20,7,1
39710,563,211,1
39711,20,67,-1
39712,1440,586,-1
39713,1276,23,-1
39714,20,7,1
39715,1358,21,-1
39716,1440,935,-1
39717,20,15,1
39718,1440,51,-1
39719,1194,5,-1
39720,20,5,1
39721,1358,17,-1
39722,1440,5,-1
39723,1276,5,-1
39724,1358,4,-1
39725,20,21,1
39726,1440,87,-1
39727,1276,6,-1
39728,1440,4,-1
39729,1440,3,-1
39730,1194,4,-1
39731,20,58,1
39732,1440,717,-1
39733,1440,22,-1
39734,20,7,1
39735,1194,14,-1
39736,1358,5,-1
39737,20,5,1
39738,1440,20,-1
39739,1440,5,-1
39740,1194,4,-1
39741,1440,5,-1
39742,1440,4,-1
39743,1194,5,-1
39744,1440,47,-1
39745,1276,6,-1
39746,1358,32,-1
39747,20,37,1
39748,1358,152,-1
39749,1077,8,1
39750,20,44,-1
39751,1440,309,-1
39752,20,20,1
39753,1440,52,-1
39754,1194,5,-1
39755,20,15,1
39756,1440,18,-1
39757,1440,5,-1
39758,1194,2,-1
39759,20,15,1
39760,1358,1578,-1
39761,1440,133,-1
39762,20,10,1
39763,1276,17,-1
39764,1440,372,-1
39765,20,20,1
39766,1276,35,-1
39767,1358,167,-1
39768,20,14,1
39769,1358,31,-1
39770,1440,226,-1
39771,563,17,1
39772,1276,1,-1
39773,1358,3,-1
39774,20,44,1
39775,20,35,-1
39776,1358,5,-1
39777,20,56,1
39778,1358,230,-1
39779,1358,28849,-1
39780,20,36,1
39781,1358,156,-1
39782,1358,14,-1
39783,20,20,1
39784,1440,134,-1
39785,1276,10,-1
39786,20,9,1
39787,1358,149,-1
39788,1358,56,-1
39789,20,10,1
39790,1440,221,-1
39791,1276,12,-1
39792,20,8,1
39793,1358,228,-1
39794,1077,219,1
39795,20,70,-1
39796,1440,906,-1
39797,1276,31,-1
39798,20,113,1
39799,1358,24,-1
39800,1440,16,-1
39801,20,9,1
39802,1276,24,-1
39803,1440,6,-1
39804,1276,5,-1
39805,20,18,1
39806,1358,86345,-1
39807,1440,148,-1
39808,20,18,1
39809,1276,36,-1
39810,1358,140,-1
39811,20,14,1
39812,1358,537,-1
39813,1358,104,-1
39814,20,13,1
39815,1358,314,-1
39816,1440,21,-1
39817,20,9,1
39818,1440,10,-1
39819,1194,5,-1
39820,20,5,1
39821,1440,141,-1
39822,1276,7,-1
39823,20,7,1
39824,563,222,1
39825,1440,66,-1
39826,1276,16,-1
39827,20,7,1
39828,20,21,-1
39829,1358,145,-1
39830,1358,256,-1
39831,20,11,1
39832,1440,108,-1
39833,1276,17,-1
39834,20,6,1
39835,1440,87,-1
39836,1440,7,-1
39837,20,5,1
39838,1194,15,-1
39839,1358,195,-1
39840,20,19,1
39841,1440,267,-1
39842,1276,17,-1
39843,20,15,1
39844,1440,226,-1
39845,1276,19,-1
39846,20,5,1
39847,1358,16,-1
39848,1440,395,-1
39849,20,15,1
39850,1276,30,-1
39851,1440,5,-1
39852,20,5,1
39853,1276,15,-1
39854,1440,236,-1
39855,20,12,1
39856,1276,16,-1
39857,563,85,1
39858,20,92,-1
39859,563,13,1
39860,1440,13,-1
39861,1276,16,-1
39862,20,6,1
39863,20,16,-1
39864,1440,169,-1
39865,1276,8,-1
39866,20,7,1
39867,1440,248,-1
39868,1276,18,-1
39869,20,15,1
39870,1358,278,-1
39871,1358,1848,-1
39872,20,13,1
39873,1440,77,-1
39874,1276,9,-1
39875,20,13,1
39876,1440,109,-1
39877,1440,7,-1
39878,20,5,1
39879,1194,18,-1
39880,1358,211,-1
39881,20,11,1
39882,1358,347,-1
39883,1440,919,-1
39884,20,13,1
39885,1276,26,-1
39886,1358,15,-1
39887,20,5,1
39888,1358,14,-1
39889,1440,463,-1
39890,20,10,1
39891,1440,25,-1
39892,1194,15,-1
39893,20,5,1
39894,1440,142,-1
39895,1276,9,-1
39896,20,5,1
39897,563,123,1
39898,20,57,-1
39899,1440,75,-1
39900,1276,18,-1
39901,20,7,1
39902,1440,411,-1
39903,1440,27,-1
39904,20,15,1
39905,1194,20,-1
39906,1440,5,-1
39907,20,5,1
39908,1276,13,-1
39909,1440,224,-1
39910,20,11,1
39911,1276,24,-1
39912,1358,199,-1
39913,20,11,1
39914,1358,231,-1
39915,1358,215,-1
39916,20,15,1
39917,1440,54,-1
39918,1440,16,-1
39919,20,9,1
39920,1194,23,-1
39921,1440,96,-1
39922,20,9,1
39923,1276,21,-1
39924,1077,77,1
39925,20,82,-1
39926,1440,98,-1
39927,1276,15,-1
39928,20,15,1
39929,1440,147,-1
39930,1276,9,-1
39931,20,6,1
39932,1131,317,-1
39933,1358,706,-1
39934,20,20,1
39935,1358,25,-1
39936,1440,76,-1
39937,20,8,1
39938,1276,34,-1
39939,1440,201,-1
39940,20,21,1
39941,1440,24,-1
39942,1194,15,-1
39943,20,5,1
39944,1440,183,-1
39945,1276,17,-1
39946,20,7,1
39947,1440,268,-1
39948,1276,17,-1
39949,20,7,1
39950,563,205,1
39951,20,56,-1
39952,1358,87,-1
39953,1358,1266,-1
39954,20,11,1
39955,1440,1688,-1
39956,1276,18,-1
39957,20,15,1
39958,1440,300,-1
39959,1276,32,-1
39960,20,7,1
39961,1440,16,-1
39962,1276,5,-1
39963,20,5,1
39964,1440,216,-1
39965,1276,19,-1
39966,20,5,1
39967,1440,231,-1
39968,1440,26,-1
39969,20,15,1
39970,1194,16,-1
39971,1358,184,-1
39972,20,12,1
39973,1358,1105,-1
39974,1358,173,-1
39975,20,10,1
39976,1440,167,-1
39977,1276,20,-1
39978,20,5,1
39979,1358,17,-1
39980,1440,127,-1
39981,20,13,1
39982,1276,31,-1
39983,1077,185,1
39984,20,58,-1
39985,1440,72,-1
39986,1276,17,-1
39987,20,15,1
39988,1440,216,-1
39989,1440,17,-1
39990,20,17,1
39991,1194,15,-1
39992,1358,321,-1
39993,20,12,1
39994,1440,1572,-1
39995,1276,18,-1
39996,20,15,1
39997,1440,356,-1
39998,1276,27,-1
39999,20,15,1
40000,1358,20,-1
40001,1358,461,-1
40002,20,10,1
40003,1358,25,-1
40004,1358,555,-1
40005,20,22,1
40006,1440,305,-1
40007,1276,18,-1
40008,20,14,1
40009,1440,21,-1
40010,1276,5,-1
40011,20,4,1
40012,1358,18111,-1
40013,1440,353,-1
40014,563,3,1
40015,1276,11,-1
40016,20,24,1
40017,20,42,-1
40018,1440,234,-1
40019,1276,18,-1
40020,20,18,1
40021,1440,71,-1
40022,1276,6,-1
40023,20,6,1
40024,1358,17,-1
40025,1440,140,-1
40026,20,11,1
40027,1276,16,-1
40028,1440,286,-1
40029,20,15,1
40030,1276,29,-1
40031,1440,186,-1
40032,20,14,1
40033,1276,30,-1
40034,1440,197,-1
40035,20,14,1
40036,1276,17,-1
40037,1358,209,-1
40038,20,11,1
40039,1440,95949,-1
40040,1276,56,-1
40041,20,15,1
40042,1358,17,-1
40043,1440,12,-1
40044,20,7,1
40045,1276,20,-1
40046,1077,224,1
40047,1358,50,-1
40048,20,9,-1
40049,1440,591,-1
40050,20,15,1
40051,1440,30,-1
40052,1194,15,-1
40053,20,5,1
40054,1358,302,-1
40055,1358,281,-1
40056,20,20,1
40057,1358,27,-1
40058,1440,280,-1
40059,20,14,1
40060,1276,38,-1
40061,1440,6,-1
40062,20,5,1
40063,1276,15,-1
40064,1440,279,-1
40065,20,14,1
40066,1440,39,-1
40067,1194,15,-1
40068,20,5,1
40069,1358,180,-1
40070,1358,11,-1
40071,20,6,1
40072,1358,231,-1
40073,260,231,-1
40074,20,14,1
40075,563,227,1
40076,20,71,-1
40077,1358,219,-1
40078,1358,280,-1
40079,20,15,1
40080,1440,28,-1
40081,1276,15,-1
40082,20,6,1
40083,1440,355,-1
40084,1276,30,-1
40085,20,15,1
40086,1440,163,-1
40087,1276,10,-1
40088,20,6,1
40089,1440,137,-1
40090,1276,17,-1
40091,20,15,1
40092,1440,174,-1
40093,1276,8,-1
40094,20,6,1
40095,1440,936,-1
40096,1440,26,-1
40097,20,15,1
40098,1194,21,-1
40099,1358,5,-1
40100,20,5,1
40101,1440,205,-1
40102,1276,10,-1
40103,20,6,1
40104,1440,783,-1
40105,1440,20,-1
40106,20,5,1
40107,1194,17,-1
40108,1077,191,1
40109,20,65,-1
40110,1440,1073,-1
40111,1276,16,-1
40112,20,15,1
40113,1358,20,-1
40114,1440,650,-1
40115,20,20,1
40116,1276,29,-1
40117,1358,5,-1
40118,20,5,1
40119,1440,26,-1
40120,1440,4,-1
40121,20,6,1
40122,1440,38,-1
40123,1440,9,-1
40124,20,5,1
40125,1030,15,-1
40126,1440,5,-1
40127,20,5,1
40128,1440,12,-1
40129,1440,5,-1
40130,20,5,1
40131,1112,11,-1
40132,1358,4,-1
40133,20,5,1
40134,563,540,1
40135,1440,20,-1
40136,1276,5,-1
40137,20,24,1
40138,1358,20,-1
40139,20,3,-1
40140,1358,57,-1
40141,20,6,1
40142,1358,54,-1
40143,1358,290,-1
40144,20,10,1
40145,1358,28,-1
40146,1358,200,-1
40147,20,10,1
40148,1358,547,-1
40149,1440,29,-1
40150,20,5,1
40151,1276,15,-1
40152,1358,33,-1
40153,20,6,1
40154,1358,241,-1
40155,1440,577,-1
40156,20,15,1
40157,1440,30,-1
40158,1194,5,-1
40159,20,5,1
40160,1440,79,-1
40161,1276,19,-1
40162,20,7,1
40163,1358,16,-1
40164,1440,195,-1
40165,20,11,1
40166,1276,27,-1
40167,1440,277,-1
40168,20,34,1
40169,1440,27,-1
40170,1194,5,-1
40171,20,5,1
40172,1077,285,1
40173,1440,187,-1
40174,1440,20,-1
40175,20,7,1
40176,1440,20,-1
40177,1112,5,-1
40178,20,5,1
40179,20,18,-1
40180,1440,6,-1
40181,1276,32,-1
40182,20,6,1
40183,1440,289,-1
40184,1276,9,-1
40185,20,5,1
40186,1440,108,-1
40187,1440,8,-1
40188,20,5,1
40189,1194,15,-1
40190,1440,190,-1
40191,20,10,1
40192,1276,15,-1
40193,1440,299,-1
40194,20,10,1
40195,1276,24,-1
40196,1358,192,-1
40197,20,10,1
40198,563,179,1
40199,20,61,-1
40200,1440,1554,-1
40201,1276,0,-1
40202,20,0,1
40203,1440,0,-1
40204,1276,0,-1
40205,20,0,1
40206,1440,0,-1
40207,1276,0,-1
40208,20,0,1
40209,1358,0,-1
40210,1440,0,-1
40211,20,0,1
40212,1276,0,-1
40213,1440,0,-1
40214,20,0,1
40215,1276,0,-1
40216,1440,1,-1
40217,20,0,1
40218,1276,0,-1
40219,1440,0,-1
40220,20,0,1
40221,1276,0,-1
40222,1440,0,-1
40223,1440,0,-1
40224,1194,0,-1
40225,1440,0,-1
40226,1276,0,-1
40227,1440,0,-1
40228,1276,0,-1
40229,1440,0,-1
40230,1276,0,-1
40231,20,4437,1
40232,1440,87,-1
40233,1276,10,-1
40234,20,25,1
40235,1440,137,-1
40236,1276,10,-1
40237,20,8,1
40238,1440,553,-1
40239,1276,11,-1
40240,20,8,1
40241,1440,20,-1
40242,1440,5,-1
40243,1194,5,-1
40244,20,50,1
40245,1440,97,-1
40246,1276,6,-1
40247,20,7,1
40248,1077,183,1
40249,1358,61,-1
40250,20,7,-1
40251,20,39187,1
40252,1358,73241,-1
40253,510,135,-1
40254,20,13,1
40255,563,218,1
40256,20,78,-1
40257,563,89928,1
40258,563,113,1
40259,20,72,-1
40260,20,15,-1
40261,563,12,1
40262,20,46,-1
40263,563,140136,-1
40264,20,37,1
40265,1077,1466,1
40266,20,81,-1
40267,563,29318,-1
40268,1480,8599,1
40269,1159,72,1
40270,20,84,-1
40271,563,256362,-1
40272,1480,6432,1
40273,1159,54,1
40274,20,69,-1
40275,563,11846,-1
40276,1358,752,-1
40277,20,15,1
40278,1358,292,-1
40279,1440,306,-1
40280,20,14,1
40281,1440,37,-1
40282,1194,15,-1
40283,20,16,1
40284,1440,145,-1
40285,1276,9,-1
40286,20,6,1
40287,1440,111,-1
40288,1276,7,-1
40289,20,5,1
40290,1440,334,-1
40291,1276,22,-1
40292,20,7,1
40293,1358,610,-1
40294,20,38341,1
40295,1106,79665,-1
40296,1480,6556,1
40297,1159,81,1
40298,20,146,-1
40299,1100,4270,-1
40300,20,55,1
40301,563,171722,-1
40302,1440,14832,-1
40303,1440,51,-1
40304,1440,15,-1
40305,1112,5,-1
40306,20,83,1
40307,1440,627,-1
40308,1276,25,-1
40309,20,22,1
40310,1440,135715,-1
40311,1440,57,-1
40312,20,16,1
40313,1440,41,-1
40314,1440,10,-1
40315,1440,5,-1
40316,948,5,-1
40317,20,967,1
40318,1440,127451,-1
40319,1440,41,-1
40320,20,21,1
40321,1440,28,-1
40322,1440,10,-1
40323,1440,5,-1
40324,1440,3,-1
40325,866,4,-1
40326,1358,4,-1
40327,20,13,1
40328,20,36938,1
40329,1440,93282,-1
40330,20,61,1
40331,1276,34,-1
40332,20,11,1
40333,1440,15,-1
40334,20,7,1
40335,265,14,-1
40336,20,7,1
40337,563,380763,-1
40338,20,45,1
40339,563,1376009,1
40340,20,160,-1
40341,563,349684,-1
40342,20,52,1
40343,563,651217,1
40344,20,171,-1
40345,563,503,1
40346,20,73,-1
40347,563,268370,-1
40348,20,56,1
40349,563,208119,-1
40350,20,34,1
40351,563,1063621,1
40352,20,128,-1
40353,1077,773,1
40354,20,63,-1
40355,563,345074,-1
40356,20,61,1
40357,563,113213,1
40358,20,266,-1
40359,563,14420,-1
40360,20,30,1
40361,563,340770,-1
40362,20,61,1
40363,563,997,1
40364,20,119,-1
40365,1077,77,1
40366,20,91,-1
40367,563,130862,-1
40368,20,38128,1
40369,563,1014486,1
40370,20,152,-1
40371,1077,404,1
40372,20,132,-1
40373,563,345068,-1
40374,20,60,1
40375,563,166651,-1
40376,20,36,1
40377,563,495208,1
40378,20,138,-1
40379,563,662,1
40380,20,73,-1
40381,563,370,1
40382,20,138,-1
40383,563,352802,-1
40384,20,56,1
40385,563,98693,1
40386,20,147,-1
40387,563,28769,-1
40388,20,36,1
40389,563,329056,-1
40390,20,50,1
40391,563,939,1
40392,20,120,-1
40393,1077,201,1
40394,20,65,-1
40395,563,127112,-1
40396,20,36862,1
40397,563,24084,1
40398,20,129,-1
40399,1077,565,1
40400,20,115,-1
40401,563,453558,1
40402,20,169,-1
40403,563,354,1
40404,20,87,-1
40405,563,350186,-1
40406,20,69,1
40407,563,1050,1
40408,20,138,-1
40409,1077,223,1
40410,20,95,-1
40411,563,129066,-1
40412,20,39593,1
40413,1106,89139,-1
40414,20,52,1
40415,563,391312,1
40416,20,197,-1
40417,563,251766,-1
40418,20,58,1
40419,563,192,1
40420,20,160,-1
40421,1077,451404,1
40422,20,198,-1
40423,563,296745,1
40424,20,265,-1
40425,563,359375,-1
40426,20,66,1
40427,563,824,1
40428,20,119,-1
40429,1077,548,1
40430,20,76,-1
40431,1106,126205,-1
40432,20,38307,1
40433,563,91778,-1
40434,20,48,1
40435,1077,1382863,1
40436,20,226,-1
40437,563,384200,-1
40438,20,53,1
40439,563,727,1
40440,20,601,-1
40441,1077,15,1
40442,20,61,-1
40443,1358,90446,-1
40444,563,867,1
40445,20,235,-1
40446,1077,212,1
40447,20,193,-1
40448,311,34841,-1
40449,20,40391,1
40450,1480,4864027,1
40451,131,45,1
40452,20,104,-1
40453,563,441870,-1
40454,20,38625,1
40455,563,1522988,1
40456,20,167,-1
40457,563,360857,-1
40458,20,66,1
40459,563,819,1
40460,20,216,-1
40461,1077,263,1
40462,20,60,-1
40463,563,131613,-1
40464,20,37453,1
40465,563,4855020,-1
40466,20,51,1
40467,1077,13053400,1
40468,20,224,-1
40469,1480,88,1
40470,131,46,1
40471,20,67,-1
40472,563,489722,-1
40473,20,61,1
40474,563,179125,-1
40475,20,66,1
40476,563,131812,-1
40477,20,36,1
40478,1077,1030160,1
40479,20,199,-1
40480,563,182917,-1
40481,20,33,1
40482,1106,128811,-1
40483,20,62,1
40484,563,3855312,1
40485,20,124,-1
40486,563,365866,-1
40487,20,59,1
40488,563,3633744,1
40489,20,143,-1
40490,563,400038,-1
40491,20,52,1
40492,563,6329677,-1
40493,20,36,1
40494,1480,3757832,1
40495,131,120,1
40496,20,108,-1
40497,1440,384647,-1
40498,20,56,1
40499,685,28,-1
40500,20,15,1
40501,1480,1586202,1
40502,131,71,1
40503,20,56,-1
40504,1440,383646,-1
40505,20,51,1
40506,171,29,-1
40507,20,10,1
40508,1480,18033219,1
40509,131,43,1
40510,20,156,-1
40511,1440,378682,-1
40512,20,56,1
40513,685,13,-1
40514,20,7,1
40515,563,19613089,1
40516,20,217,-1
40517,563,275716,-1
40518,20,70,1
40519,1077,111449,1
40520,20,144,-1
40521,1480,361,1
40522,131,78,1
40523,20,49,-1
40524,1440,432625,-1
40525,20,49,1
40526,685,36,-1
40527,20,10,1
40528,1077,117362,1
40529,20,310,-1
40530,563,59825,-1
40531,20,54,1
40532,563,127740,-1
40533,20,58,1
40534,563,373394,-1
40535,20,65,1
40536,563,131669,-1
40537,20,49,1
40538,1077,1446683,1
40539,20,150,-1
40540,563,86,1
40541,20,83,-1
40542,563,816685,-1
40543,20,66,1
40544,563,5056,1
40545,20,161,-1
40546,1077,122822,-1
40547,20,36422,1
40548,563,18546,1
40549,20,160,-1
40550,563,131856,-1
40551,20,38,1
40552,1480,531,1
40553,1480,61,1
40554,1201,36,1
40555,20,45,-1
40556,20,11,-1
40557,1480,127,1
40558,1480,45,1
40559,1201,23,1
40560,20,66,-1
40561,20,56,-1
40562,643,10,1
40563,20,58,-1
40564,563,224092,-1
40565,20,39701,1
40566,563,1066968,-1
40567,20,34,1
40568,1440,37,-1
40569,20,11,1
40570,1276,22,-1
40571,20,8,1
40572,1358,3087,-1
40573,20,29,1
40574,1440,685,-1
40575,20,14,1
40576,1276,43,-1
40577,20,9,1
40578,1358,17,-1
40579,20,10,1
40580,563,27210,1
40581,20,262,-1
40582,563,158,1
40583,20,109,-1
40584,1358,95235,-1
40585,1440,1484,-1
40586,20,26,1
40587,1288,44,-1
40588,1077,734,1
40589,20,72,-1
40590,1358,2851,-1
40591,20,37191,1
40592,1281,88335,-1
40593,20,66,1
40594,1440,89620,-1
40595,20,61,1
40596,1276,16,-1
40597,20,13,1
40598,1358,2462,-1
40599,20,19,1
40600,1358,2177,-1
40601,1440,3198,-1
40602,20,34,1
40603,1440,43,-1
40604,1194,10,-1
40605,20,66,1
40606,1358,119074,-1
40607,1358,51,-1
40608,20,17,1
40609,1358,30,-1
40610,1358,651,-1
40611,20,18,1
40612,1077,558,1
40613,20,3592,-1
40614,1012,19665,-1
40615,1358,913,-1
40616,20,19,1
40617,1440,617,-1
40618,1276,26,-1
40619,20,10,1
40620,1440,2079,-1
40621,1276,26,-1
40622,20,19,1
40623,1358,100532,-1
40624,1358,216,-1
40625,20,16,1
40626,1079,25150,-1
40627,20,39218,1
40628,563,233263,-1
40629,20,54,1
40630,563,128584,-1
40631,20,48,1
40632,563,3244,1
40633,20,137,-1
40634,563,977,1
40635,20,72,-1
40636,563,299,1
40637,20,78,-1
40638,563,145,1
40639,20,118,-1
40640,563,1150,1
40641,20,81,-1
40642,563,201,1
40643,20,117,-1
40644,1106,125165,-1
40645,563,1701,1
40646,20,123,-1
40647,563,142283,-1
40648,1480,519,1
40649,1480,38,1
40650,1201,35,1
40651,20,73,-1
40652,20,15,-1
40653,1480,25,1
40654,1480,41,1
40655,1201,53,1
40656,20,71,-1
40657,20,17,-1
40658,643,17,1
40659,20,85,-1
40660,563,138968,-1
40661,1480,551,1
40662,1480,59,1
40663,1201,32,1
40664,20,77,-1
40665,20,12,-1
40666,1480,28,1
40667,1480,20,1
40668,1201,21,1
40669,20,87,-1
40670,20,10,-1
40671,643,9,1
40672,20,47,-1
40673,1480,48403,1
40674,131,47,1
40675,20,115,-1
40676,1358,78791,-1
40677,1480,976,1
40678,1480,66,1
40679,1201,43,1
40680,1480,101,1
40681,1480,34,1
40682,1480,58,1
40683,1480,152,1
40684,1480,36,1
40685,1480,26,1
40686,1480,103,1
40687,311,143,-1
40688,20,134,-1
40689,1480,21,1
40690,1480,32,1
40691,20,20,-1
40692,429,13,1
40693,20,20,-1
40694,20,10,-1
40695,20,7,-1
40696,1480,432,1
40697,1480,47,1
40698,1480,114,1
40699,1480,30,1
40700,1480,48,1
40701,1480,46,1
40702,20,113,-1
40703,20,16,-1
40704,85,13,1
40705,20,26,-1
40706,20,10,-1
40707,20,8,-1
40708,20,6,-1
40709,563,127654,-1
40710,1480,545,1
40711,1480,25,1
40712,1201,32,1
40713,1480,70,1
40714,1480,20,1
40715,1480,51,1
40716,20,313,-1
40717,20,17,-1
40718,364,9,1
40719,20,30,-1
40720,20,82,-1
40721,1106,126960,-1
40722,563,284,1
40723,20,89,-1
40724,563,133739,-1
40725,1480,1241,1
40726,1480,87,1
40727,20,59,-1
40728,1201,50,1
40729,20,56,-1
40730,1480,115,1
40731,1480,28,1
40732,20,82,-1
40733,1201,59,1
40734,20,56,-1
40735,643,77,1
40736,20,60,-1
40737,563,62191,1
40738,20,166,-1
40739,563,63909,-1
40740,20,36263,1
40741,563,92541,-1
40742,1480,1423,1
40743,1480,115,1
40744,1201,78,1
40745,1480,140,1
40746,1480,90,1
40747,20,201,-1
40748,20,21,-1
40749,20,5,-1
40750,1201,29,1
40751,20,103,-1
40752,643,60,1
40753,20,77,-1
40754,1358,4949,-1
40755,1480,1539,1
40756,1480,81,1
40757,20,36,-1
40758,1201,56,1
40759,20,63,-1
40760,1480,119,1
40761,1480,75,1
40762,20,55,-1
40763,1201,57,1
40764,20,52,-1
40765,643,75,1
40766,20,52,-1
40767,1358,38234,-1
40768,1480,3200,1
40769,1480,3691,1
40770,1201,30,1
40771,20,131,-1
40772,20,17,-1
40773,1480,86,1
40774,1480,26,1
40775,20,128,-1
40776,1201,37,1
40777,20,53,-1
40778,1157,211,1
40779,20,63,-1
40780,563,545,1
40781,20,119,-1
40782,563,221,1
40783,20,72,-1
40784,1077,236,1
40785,20,76,-1
40786,1440,72299,-1
40787,1440,51,-1
40788,1194,14,-1
40789,20,82,1
40790,1480,364,1
40791,131,92,1
40792,20,74,-1
40793,1330,725,-1
40794,1480,370,1
40795,1480,25,1
40796,20,68,-1
40797,1201,66,1
40798,20,90,-1
40799,1480,81,1
40800,1480,78,1
40801,1201,20,1
40802,20,44,-1
40803,20,5,-1
40804,643,118,1
40805,20,110,-1
40806,1358,126713,-1
40807,311,925,-1
40808,20,16,1
40809,563,3847,1
40810,20,515,-1
40811,1480,564,1
40812,1480,103,1
40813,1201,73,1
40814,1480,146,1
40815,1480,75,1
40816,1480,89,1
40817,20,308,-1
40818,20,17,-1
40819,364,10,1
40820,20,22,-1
40821,20,179,-1
40822,1480,1911,1
40823,1480,79,1
40824,20,51,-1
40825,1201,77,1
40826,20,173,-1
40827,1480,112,1
40828,1480,69,1
40829,20,62,-1
40830,1201,93,1
40831,20,77,-1
40832,643,97,1
40833,20,69,-1
40834,1480,22985,1
40835,131,123,1
40836,20,152,-1
40837,1106,96435,-1
40838,1480,2098,1
40839,1480,143,1
40840,20,119,-1
40841,1201,43,1
40842,20,84,-1
40843,1480,344,1
40844,1480,116,1
40845,20,114,-1
40846,1201,36,1
40847,20,74,-1
40848,1480,77,1
40849,1480,63,1
40850,1201,23,1
40851,20,39,-1
40852,20,41,-1
40853,1480,80,1
40854,1480,169,1
40855,20,47,-1
40856,1201,66,1
40857,20,55,-1
40858,209,63,1
40859,20,58,-1
40860,1077,93,1
40861,20,82,-1
40862,1358,117074,-1
40863,1480,1653,1
40864,1480,86,1
40865,20,44,-1
40866,1201,69,1
40867,20,61,-1
40868,1480,188,1
40869,1480,30,1
40870,20,46,-1
40871,1201,51,1
40872,20,54,-1
40873,643,72,1
40874,20,58,-1
40875,1358,640,-1
40876,1480,1167,1
40877,1480,32,1
40878,20,84,-1
40879,1201,33,1
40880,20,46,-1
40881,1480,122,1
40882,1480,25,1
40883,20,92,-1
40884,1201,45,1
40885,20,56,-1
40886,643,90,1
40887,20,55,-1
40888,602,2289,-1
40889,20,38818,1
40890,1358,40369,-1
40891,1358,501,-1
40892,20,18,1
40893,1480,735,1
40894,1480,36,1
40895,1201,28,1
40896,20,41,-1
40897,20,10,-1
40898,1480,95,1
40899,1480,36,1
40900,1201,56,1
40901,20,20,-1
40902,20,54,-1
40903,643,14,1
40904,20,58,-1
40905,1077,1696,1
40906,20,413,-1
40907,1440,2761,-1
40908,1276,33,-1
40909,20,69,1
40910,1068,42464,-1
40911,563,5594,1
40912,20,269,-1
40913,563,254,1
40914,20,203,-1
40915,1480,528,1
40916,131,35,1
40917,1480,235,1
40918,1480,22,1
40919,20,77,-1
40920,1201,15,1
40921,20,22,-1
40922,1480,6,1
40923,1480,51,1
40924,20,42,-1
40925,1201,13,1
40926,20,20,-1
40927,20,17,-1
40928,643,10,1
40929,20,59,-1
40930,1480,30,1
40931,131,30,1
40932,20,57,-1
40933,1358,91156,-1
40934,311,29312,-1
40935,20,37,1
40936,1480,1704,1
40937,1480,37,1
40938,1201,60,1
40939,20,61,-1
40940,20,20,-1
40941,1480,97,1
40942,1480,66,1
40943,20,87,-1
40944,1201,31,1
40945,20,174,-1
40946,643,76,1
40947,20,57,-1
40948,1358,88522,-1
40949,1358,28936,-1
40950,20,37,1
40951,1145,8743,-1
40952,20,37670,1
40953,1358,73984,-1
40954,1358,2457,-1
40955,20,17,1
40956,59,15228,-1
40957,20,202,1
40958,1358,100322,-1
40959,20,39762,1
40960,854,23653,-1
40961,20,320,1
40962,563,1996,1
40963,20,235,-1
40964,563,17,1
40965,20,136,-1
40966,1358,67627,-1
40967,563,1552,1
40968,20,155,-1
40969,311,56529,-1
40970,563,976,1
40971,20,103,-1
40972,563,126667,-1
40973,20,39550,1
40974,563,207634,-1
40975,20,56,1
40976,1077,313,1
40977,20,109,-1
40978,563,128237,-1
40979,20,43337,1
40980,1358,36062,-1
40981,20,39,1
40982,1358,41710,-1
40983,20,51,1
40984,1480,1520,1
40985,1480,82,1
40986,20,49,-1
40987,1201,476,1
40988,20,56,-1
40989,1480,93,1
40990,1480,142,1
40991,20,51,-1
40992,1201,58,1
40993,20,53,-1
40994,1480,78,1
40995,725,69,1
40996,20,53,-1
40997,1480,437,1
40998,1480,75,1
40999,20,57,-1
41000,1201,57,1
41001,20,61,-1
41002,1480,107,1
41003,1480,69,1
41004,20,58,-1
41005,767,57,1
41006,20,56,-1
41007,563,338,1
41008,20,73,-1
41009,59,42393,-1
41010,20,39808,1
41011,563,172926,-1
41012,20,276,1
41013,1077,200690,1
41014,20,149,-1
41015,1077,982,1
41016,20,62,-1
41017,1077,573,1
41018,20,130,-1
41019,1480,1436,1
41020,131,39,1
41021,20,139,-1
41022,563,1278,1
41023,20,404,-1
41024,563,210,1
41025,20,313,-1
41026,563,7502,-1
41027,20,36420,1
41028,1480,6970,1
41029,1480,294,1
41030,20,126,-1
41031,1201,43,1
41032,20,56,-1
41033,1480,138,1
41034,1480,76,1
41035,20,82,-1
41036,1201,119,1
41037,20,56,-1
41038,643,87,1
41039,20,60,-1
41040,1358,9020,-1
41041,1358,54,-1
41042,20,126,1
41043,1358,4698,-1
41044,20,37957,1
41045,748,71835,-1
41046,20,211,1
41047,1358,6025,-1
41048,20,37936,1
41049,1339,84041,-1
41050,20,237,1
41051,1077,1024,1
41052,20,250,-1
41053,563,473,1
41054,20,123,-1
41055,563,140928,-1
41056,20,37734,1
41057,1106,171294,-1
41058,20,326,1
41059,1480,29614,1
41060,131,118,1
41061,20,286,-1
41062,1480,567,1
41063,1480,36,1
41064,1201,25,1
41065,1480,82,1
41066,1480,25,1
41067,20,381,-1
41068,20,13,-1
41069,253,7,1
41070,20,20,-1
41071,20,10,-1
41072,563,130356,-1
41073,1077,377,1
41074,20,108,-1
41075,1358,33878,-1
41076,1077,912,1
41077,20,125,-1
41078,1440,24667,-1
41079,1276,45,-1
41080,20,84,1
41081,234,68588,-1
41082,563,1491,1
41083,20,98,-1
41084,563,331,1
41085,20,76,-1
41086,563,121,1
41087,20,247,-1
41088,563,125177,-1
41089,1077,363,1
41090,20,144,-1
41091,1358,35515,-1
41092,563,1778,1
41093,20,208,-1
41094,563,41,1
41095,20,141,-1
41096,563,13,1
41097,20,69,-1
41098,563,58,1
41099,20,98,-1
41100,563,1116,1
41101,20,84,-1
41102,854,89529,-1
41103,20,40004,1
41104,563,88500,-1
41105,20,131,1
41106,1358,176713,-1
41107,20,319,1
41108,563,750,1
41109,20,543,-1
41110,1480,1149,1
41111,1480,87,1
41112,20,58,-1
41113,1201,61,1
41114,20,60,-1
41115,1480,145,1
41116,1480,77,1
41117,20,74,-1
41118,1201,72,1
41119,20,56,-1
41120,643,93,1
41121,20,60,-1
41122,311,6855,-1
41123,20,36181,1
41124,1440,35891,-1
41125,1276,51,-1
41126,20,127,1
41127,1440,3705,-1
41128,1276,56,-1
41129,20,18,1
41130,563,349,1
41131,20,96,-1
41132,563,26,1
41133,20,106,-1
41134,1480,12155,1
41135,131,61,1
41136,20,97,-1
41137,1358,15147,-1
41138,1358,3505,-1
41139,20,24,1
41140,1077,4653,1
41141,20,212,-1
41142,506,55521,-1
41143,563,353,1
41144,20,159,-1
41145,1106,175719,-1
41146,20,39942,1
41147,563,97322,-1
41148,20,164,1
41149,1358,118359,-1
41150,1077,3190,1
41151,20,155,-1
41152,1077,97,1
41153,20,193,-1
41154,282,6408,-1
41155,20,37623,1
41156,1358,63914,-1
41157,1358,9690,-1
41158,20,36,1
41159,1358,45,-1
41160,1358,55,-1
41161,20,17,1
41162,1480,10133,1
41163,131,252,1
41164,20,60,-1
41165,1480,277,1
41166,131,100,1
41167,20,57,-1
41168,1358,39992,-1
41169,186,2797,-1
41170,20,92,1
41171,563,1439,1
41172,20,220,-1
41173,1077,104,1
41174,20,113,-1
41175,563,127928,-1
41176,20,38656,1
41177,563,127629,-1
41178,563,1660,1
41179,20,127,-1
41180,563,77,1
41181,20,76,-1
41182,1106,128550,-1
41183,20,37865,1
41184,563,90425,-1
41185,20,168,1
41186,1358,138298,-1
41187,1358,13487,-1
41188,20,108,1
41189,563,236,1
41190,20,223,-1
41191,1116,12583,-1
41192,563,1946,1
41193,20,98,-1
41194,563,128,1
41195,20,81,-1
41196,563,11923,1
41197,20,1013,-1
41198,1077,22674,1
41199,20,162,-1
41200,1480,18446,1
41201,131,102,1
41202,20,80,-1
41203,1358,32538,-1
41204,20,38775,1
41205,1358,982,-1
41206,1077,1257,1
41207,20,262,-1
41208,573,12671,-1
41209,1358,13942,-1
41210,20,133,1
41211,563,1626,1
41212,20,105,-1
41213,563,82,1
41214,20,344,-1
41215,1077,30313,1
41216,20,166,-1
41217,563,1652,1
41218,20,77,-1
41219,1480,2515,1
41220,1480,83,1
41221,1201,71,1
41222,1480,121,1
41223,1480,67,1
41224,1480,118,1
41225,1480,61,1
41226,1480,58,1
41227,1480,119,1
41228,1480,25,1
41229,20,70,-1
41230,20,15,-1
41231,20,3,-1
41232,20,3,-1
41233,20,3,-1
41234,1480,21,1
41235,643,61,1
41236,20,33,-1
41237,20,43,-1
41238,209,45,1
41239,20,58,-1
41240,1077,87,1
41241,20,55,-1
41242,282,89968,-1
41243,20,38657,1
41244,1480,13339,1
41245,1480,90,1
41246,20,95,-1
41247,1201,30,1
41248,20,44,-1
41249,1480,113,1
41250,1480,78,1
41251,1201,79,1
41252,1480,177,1
41253,1480,59,1
41254,1480,56,1
41255,1480,105,1
41256,1480,56,1
41257,1480,54,1
41258,1480,100,1
41259,1480,56,1
41260,1480,101,1
41261,1480,59,1
41262,20,166,-1
41263,1480,20,1
41264,20,37,-1
41265,1176,10,1
41266,20,17,-1
41267,20,10,-1
41268,20,8,-1
41269,20,5,-1
41270,20,5,-1
41271,20,10,-1
41272,1480,23,1
41273,1480,31,1
41274,1041,22,1
41275,20,20,-1
41276,20,47,-1
41277,1480,18,1
41278,1480,24,1
41279,1201,30,1
41280,20,61,-1
41281,1480,5,1
41282,20,0,-1
41283,371,35,1
41284,20,51,-1
41285,1077,399631,1
41286,20,277,-1
41287,563,22894,-1
41288,20,40,1
41289,1440,165515,-1
41290,20,39,1
41291,1276,36,-1
41292,20,10,1
41293,563,487,1
41294,20,154,-1
41295,1480,93314,1
41296,131,104,1
41297,20,100,-1
41298,1440,34668,-1
41299,1276,46,-1
41300,1358,6,-1
41301,20,85,1
41302,563,406,1
41303,20,98,-1
41304,563,413,1
41305,1480,213,1
41306,1480,76,1
41307,20,16,-1
41308,1201,54,1
41309,20,76,-1
41310,20,10,-1
41311,1480,36,1
41312,1480,48,1
41313,1201,76,1
41314,20,75,-1
41315,20,10,-1
41316,643,10,1
41317,20,207,-1
41318,1480,247,1
41319,1480,31,1
41320,1201,24,1
41321,1480,92,1
41322,1480,29,1
41323,1480,51,1
41324,20,476,-1
41325,20,12,-1
41326,364,7,1
41327,20,18,-1
41328,20,41,-1
41329,20,5,-1
41330,563,575,1
41331,20,176,-1
41332,1480,643,1
41333,1480,70,1
41334,20,72,-1
41335,1201,51,1
41336,20,51,-1
41337,1480,110,1
41338,1480,69,1
41339,1201,35,1
41340,20,36,-1
41341,20,41,-1
41342,643,46,1
41343,20,46,-1
41344,1358,123376,-1
41345,1440,46,-1
41346,346,7,-1
41347,20,83,1
41348,1480,3551,1
41349,1480,80,1
41350,20,68,-1
41351,1201,59,1
41352,20,63,-1
41353,1480,113,1
41354,1480,71,1
41355,20,61,-1
41356,1201,56,1
41357,20,66,-1
41358,643,75,1
41359,20,64,-1
41360,1480,123,1
41361,1480,68,1
41362,20,75,-1
41363,1201,63,1
41364,20,66,-1
41365,1480,108,1
41366,1480,65,1
41367,20,61,-1
41368,1201,54,1
41369,20,63,-1
41370,1480,108,1
41371,1480,63,1
41372,20,64,-1
41373,1201,55,1
41374,20,66,-1
41375,1480,105,1
41376,1480,64,1
41377,20,59,-1
41378,1201,61,1
41379,20,67,-1
41380,209,69,1
41381,20,60,-1
41382,1480,401,1
41383,1480,69,1
41384,20,68,-1
41385,1041,56,1
41386,20,65,-1
41387,1480,77,1
41388,1480,66,1
41389,20,63,-1
41390,1201,55,1
41391,20,66,-1
41392,1480,85,1
41393,371,64,1
41394,20,61,-1
41395,1077,47297,1
41396,20,172,-1
41397,1077,58244,1
41398,20,128,-1
41399,1106,15094,-1
41400,20,38236,1
41401,1077,9903,1
41402,20,189,-1
41403,1077,270,1
41404,20,124,-1
41405,1077,36847,1
41406,20,183,-1
41407,1077,23181,1
41408,20,152,-1
41409,1077,4854,1
41410,20,103,-1
41411,1440,9996,-1
41412,1440,46,-1
41413,1440,5,-1
41414,1112,4,-1
41415,20,93,1
41416,563,1784,1
41417,20,113,-1
41418,1010,7236,-1
41419,563,4074,1
41420,20,120,-1
41421,563,753,1
41422,20,139,-1
41423,1077,107,1
41424,20,123,-1
41425,1440,114787,-1
41426,1276,80,-1
41427,20,101,1
41428,1440,357,-1
41429,1440,40,-1
41430,20,10,1
41431,1194,25,-1
41432,1077,548,1
41433,20,103,-1
41434,563,3631,1
41435,20,90,-1
41436,1440,3566,-1
41437,1276,23,-1
41438,1440,13,-1
41439,1276,4,-1
41440,20,52,1
41441,1480,1442,1
41442,1480,25,1
41443,20,44,-1
41444,1201,66,1
41445,20,59,-1
41446,1480,130,1
41447,1480,86,1
41448,20,67,-1
41449,1201,97,1
41450,20,57,-1
41451,1480,160,1
41452,1480,75,1
41453,1201,89,1
41454,1480,119,1
41455,1480,64,1
41456,1480,118,1
41457,1480,211,1
41458,20,272,-1
41459,20,14,-1
41460,70,9,1
41461,20,20,-1
41462,20,9,-1
41463,20,6,-1
41464,1440,117540,-1
41465,1440,44,-1
41466,1194,14,-1
41467,1440,3,-1
41468,455,4,-1
41469,20,71,1
41470,1480,1806,1
41471,131,99,1
41472,20,57,-1
41473,1480,371,1
41474,131,99,1
41475,20,76,-1
41476,1480,436,1
41477,131,79,1
41478,20,56,-1
41479,1480,436,1
41480,131,88,1
41481,20,75,-1
41482,1480,416,1
41483,131,82,1
41484,20,56,-1
41485,1077,400,1
41486,20,97,-1
41487,1480,517,1
41488,131,92,1
41489,20,74,-1
41490,1480,5764,1
41491,1480,108,1
41492,20,87,-1
41493,1201,62,1
41494,20,62,-1
41495,1480,142,1
41496,1480,85,1
41497,20,62,-1
41498,767,74,1
41499,20,59,-1
41500,1077,2995,1
41501,20,131,-1
41502,1480,6652,1
41503,1480,52,1
41504,1201,80,1
41505,20,64,-1
41506,20,25,-1
41507,1480,137,1
41508,1480,76,1
41509,20,59,-1
41510,1201,56,1
41511,20,101,-1
41512,643,58,1
41513,20,72,-1
41514,1358,98712,-1
41515,311,6997,-1
41516,20,36,1
41517,563,718,1
41518,20,145,-1
41519,1358,74181,-1
41520,1358,4359,-1
41521,20,36,1
41522,1480,1471,1
41523,1480,116,1
41524,20,79,-1
41525,1201,63,1
41526,20,66,-1
41527,1480,176,1
41528,1480,84,1
41529,20,82,-1
41530,1201,76,1
41531,20,92,-1
41532,643,60,1
41533,20,57,-1
41534,1358,24930,-1
41535,1077,1315,1
41536,20,138,-1
41537,563,9017,1
41538,20,113,-1
41539,893,17335,-1
41540,563,890,1
41541,20,139,-1
41542,563,36737,1
41543,20,643,-1
41544,563,51,1
41545,20,164,-1
41546,563,182,1
41547,20,236,-1
41548,1358,3634,-1
41549,1358,18704,-1
41550,20,44,1
41551,1358,5052,-1
41552,563,6908,1
41553,20,117,-1
41554,1480,4164,1
41555,1480,97,1
41556,20,56,-1
41557,1201,65,1
41558,20,48,-1
41559,1480,144,1
41560,1480,62,1
41561,20,45,-1
41562,1201,56,1
41563,20,45,-1
41564,643,78,1
41565,20,48,-1
41566,1077,111,1
41567,20,50,-1
41568,563,2763,1
41569,20,66,-1
41570,1358,6349,-1
41571,1358,19434,-1
41572,20,25,1
41573,1358,49,-1
41574,1480,617,1
41575,1480,24,1
41576,20,113,-1
41577,1201,26,1
41578,20,64,-1
41579,1480,108,1
41580,1480,66,1
41581,20,48,-1
41582,1201,74,1
41583,20,57,-1
41584,643,190,1
41585,20,105,-1
41586,1077,789,1
41587,20,65,-1
41588,79,21317,-1
41589,1480,1173,1
41590,1480,33,1
41591,1201,68,1
41592,20,54,-1
41593,20,45,-1
41594,1480,98,1
41595,1480,75,1
41596,20,62,-1
41597,1201,56,1
41598,20,53,-1
41599,643,70,1
41600,20,52,-1
41601,563,128036,-1
41602,20,38938,1
41603,1106,124943,-1
41604,20,258,1
41605,1077,288,1
41606,20,146,-1
41607,1480,1009,1
41608,1480,32,1
41609,20,115,-1
41610,1201,41,1
41611,1480,113,1
41612,1480,73,1
41613,1480,88,1
41614,20,190,-1
41615,364,15,1
41616,20,20,-1
41617,20,10,-1
41618,1358,3856,-1
41619,563,262,1
41620,20,294,-1
41621,1358,2739,-1
41622,1480,1411,1
41623,1480,174,1
41624,20,94,-1
41625,1201,34,1
41626,20,49,-1
41627,1480,123,1
41628,1480,77,1
41629,20,56,-1
41630,1201,67,1
41631,20,61,-1
41632,643,91,1
41633,20,53,-1
41634,1358,16540,-1
41635,20,38657,1
41636,1358,35698,-1
41637,1440,46,-1
41638,1276,5,-1
41639,20,72,1
41640,1480,2650,1
41641,1480,31,1
41642,20,87,-1
41643,1201,42,1
41644,20,50,-1
41645,1480,111,1
41646,1480,60,1
41647,20,58,-1
41648,1201,57,1
41649,20,50,-1
41650,1157,72,1
41651,20,52,-1
41652,563,85,1
41653,20,51,-1
41654,1440,23420,-1
41655,686,41,-1
41656,20,81,1
41657,1480,6165,1
41658,1480,173,1
41659,20,118,-1
41660,1201,41,1
41661,20,89,-1
41662,1480,120,1
41663,1480,71,1
41664,20,61,-1
41665,1201,77,1
41666,20,77,-1
41667,1480,118,1
41668,211,30,1
41669,20,113,-1
41670,563,101,1
41671,20,97,-1
41672,1440,11003,-1
41673,1276,42,-1
41674,20,96,1
41675,1358,56953,-1
41676,1440,13271,-1
41677,20,43,1
41678,1440,45,-1
41679,1194,14,-1
41680,20,87,1
41681,563,2181,1
41682,20,198,-1
41683,563,43,1
41684,20,48,-1
41685,1358,13540,-1
41686,1440,22211,-1
41687,20,39,1
41688,1276,41,-1
41689,1358,12423,-1
41690,20,38,1
41691,1358,36,-1
41692,1480,1726,1
41693,1480,28,1
41694,20,92,-1
41695,1201,51,1
41696,20,66,-1
41697,1480,106,1
41698,1480,88,1
41699,20,70,-1
41700,1201,56,1
41701,20,66,-1
41702,643,75,1
41703,20,61,-1
41704,1440,74819,-1
41705,1276,56,-1
41706,1440,7,-1
41707,87,5,-1
41708,20,800,1
41709,1358,36353,-1
41710,1358,64,-1
41711,20,25,1
41712,1440,10911,-1
41713,1440,46,-1
41714,20,15,1
41715,1194,20,-1
41716,563,379,1
41717,20,116,-1
41718,1440,61006,-1
41719,1276,49,-1
41720,20,23,1
41721,1358,18450,-1
41722,1440,389,-1
41723,20,20,1
41724,1440,41,-1
41725,644,17,-1
41726,20,51,1
41727,1440,47160,-1
41728,1440,52,-1
41729,20,15,1
41730,1194,31,-1
41731,20,40018,1
41732,1440,9326,-1
41733,1276,51,-1
41734,1358,15,-1
41735,20,82,1
41736,1440,26054,-1
41737,1276,62,-1
41738,20,26,1
41739,1440,5106,-1
41740,1440,50,-1
41741,20,14,1
41742,1440,30,-1
41743,281,7,-1
41744,20,49,1
41745,563,419,1
41746,20,257,-1
41747,1440,88503,-1
41748,1440,61,-1
41749,1194,7,-1
41750,20,97,1
41751,563,375,1
41752,20,129,-1
41753,1440,23331,-1
41754,1276,53,-1
41755,20,102,1
41756,1440,14981,-1
41757,1440,64,-1
41758,20,25,1
41759,1440,23,-1
41760,1440,13,-1
41761,1030,8,-1
41762,20,50,1
41763,953,121,-1
41764,1480,1295,1
41765,1480,66,1
41766,1201,46,1
41767,20,39,-1
41768,20,61,-1
41769,1480,64,1
41770,1480,53,1
41771,1201,99,1
41772,20,24,-1
41773,20,46,-1
41774,643,18,1
41775,20,59,-1
41776,1480,603,1
41777,1480,29,1
41778,1201,20,1
41779,20,27,-1
41780,20,49,-1
41781,1480,15,1
41782,1480,22,1
41783,1201,15,1
41784,20,20,-1
41785,20,43,-1
41786,1157,12,1
41787,20,60,-1
41788,1480,12908,1
41789,1480,116,1
41790,1201,34,1
41791,20,51,-1
41792,20,49,-1
41793,1480,120,1
41794,1480,88,1
41795,20,58,-1
41796,1201,60,1
41797,20,58,-1
41798,1480,136,1
41799,1480,85,1
41800,20,66,-1
41801,1201,76,1
41802,20,63,-1
41803,1480,154,1
41804,1480,108,1
41805,20,64,-1
41806,1201,78,1
41807,20,77,-1
41808,209,96,1
41809,20,67,-1
41810,1077,89,1
41811,20,66,-1
41812,1440,71959,-1
41813,1440,54,-1
41814,1194,16,-1
41815,20,87,1
41816,563,5331,1
41817,20,102,-1
41818,864,35492,-1
41819,563,15961,1
41820,20,123,-1
41821,1480,1091,1
41822,1480,125,1
41823,20,89,-1
41824,1201,36,1
41825,20,78,-1
41826,1480,137,1
41827,1480,72,1
41828,20,62,-1
41829,767,76,1
41830,20,59,-1
41831,1480,570,1
41832,1480,81,1
41833,20,71,-1
41834,1201,82,1
41835,20,69,-1
41836,1480,152,1
41837,1480,78,1
41838,20,68,-1
41839,1201,151,1
41840,20,61,-1
41841,1480,137,1
41842,1480,102,1
41843,20,59,-1
41844,1201,77,1
41845,20,60,-1
41846,169,92,1
41847,20,58,-1
41848,1480,550,1
41849,1480,77,1
41850,20,69,-1
41851,1201,77,1
41852,20,59,-1
41853,1480,143,1
41854,1480,82,1
41855,20,64,-1
41856,1201,77,1
41857,20,97,-1
41858,643,61,1
41859,20,79,-1
41860,1106,125020,-1
41861,563,25921,1
41862,20,120,-1
41863,1480,126,1
41864,1480,79,1
41865,20,58,-1
41866,1201,72,1
41867,20,61,-1
41868,1480,128,1
41869,1480,82,1
41870,20,58,-1
41871,1201,60,1
41872,20,56,-1
41873,643,82,1
41874,20,65,-1
41875,1358,105814,-1
41876,1480,1806,1
41877,1480,119,1
41878,1201,34,1
41879,20,61,-1
41880,20,46,-1
41881,1480,108,1
41882,1480,84,1
41883,20,123,-1
41884,1201,39,1
41885,20,59,-1
41886,643,92,1
41887,20,75,-1
41888,311,19098,-1
41889,1480,581,1
41890,1480,55,1
41891,1201,57,1
41892,20,47,-1
41893,20,15,-1
41894,1480,60,1
41895,1480,41,1
41896,1201,31,1
41897,1480,87,1
41898,20,458,-1
41899,20,739,-1
41900,1239,20,1
41901,20,61,-1
41902,1358,83621,-1
41903,1480,2084,1
41904,1480,73,1
41905,20,61,-1
41906,1201,75,1
41907,20,104,-1
41908,1480,113,1
41909,1480,97,1
41910,20,67,-1
41911,1201,76,1
41912,20,56,-1
41913,643,92,1
41914,20,63,-1
41915,1358,19873,-1
41916,1145,21427,-1
41917,20,44,1
41918,1480,2292,1
41919,1480,109,1
41920,1201,83,1
41921,1480,160,1
41922,1480,82,1
41923,1480,118,1
41924,20,252,-1
41925,20,17,-1
41926,364,7,1
41927,20,20,-1
41928,20,41,-1
41929,1077,25741,1
41930,20,112,-1
41931,563,135828,-1
41932,1480,3284,1
41933,1480,32,1
41934,1201,25,1
41935,20,81,-1
41936,20,11,-1
41937,1480,55,1
41938,1480,34,1
41939,1201,35,1
41940,20,50,-1
41941,20,11,-1
41942,643,10,1
41943,20,52,-1
41944,1358,18326,-1
41945,1480,1811,1
41946,1480,122,1
41947,20,92,-1
41948,1201,31,1
41949,20,57,-1
41950,1480,119,1
41951,1480,68,1
41952,20,58,-1
41953,1201,56,1
41954,20,56,-1
41955,643,78,1
41956,20,56,-1
41957,1358,2143,-1
41958,1358,3700,-1
41959,20,36,1
41960,1440,28038,-1
41961,1276,69,-1
41962,20,103,1
41963,1440,870,-1
41964,1276,25,-1
41965,20,9,1
41966,1358,642,-1
41967,1480,698,1
41968,1480,90,1
41969,1201,26,1
41970,20,104,-1
41971,20,27,-1
41972,1480,104,1
41973,1480,25,1
41974,20,66,-1
41975,1201,50,1
41976,20,54,-1
41977,643,66,1
41978,20,61,-1
41979,1480,734,1
41980,1480,47,1
41981,1201,88,1
41982,20,60,-1
41983,20,25,-1
41984,1480,147,1
41985,1480,80,1
41986,20,60,-1
41987,1201,66,1
41988,20,72,-1
41989,643,91,1
41990,20,66,-1
41991,1480,42250,1
41992,1480,26,1
41993,1201,102,1
41994,20,92,-1
41995,20,166,-1
41996,1480,83,1
41997,1480,126,1
41998,20,58,-1
41999,1201,53,1
42000,20,56,-1
42001,1157,78,1
42002,20,102,-1
42003,1358,25604,-1
42004,1440,52,-1
42005,1298,9,-1
42006,20,93,1
42007,1358,50477,-1
42008,563,1649,1
42009,20,109,-1
42010,1077,14408,1
42011,20,99,-1
42012,1358,32644,-1
42013,59,28480,-1
42014,20,43,1
42015,1480,1667,1
42016,1480,169,1
42017,20,126,-1
42018,1201,51,1
42019,20,104,-1
42020,1480,179,1
42021,1480,113,1
42022,20,97,-1
42023,1201,41,1
42024,20,158,-1
42025,643,144,1
42026,20,478,-1
42027,1358,37407,-1
42028,1358,4994,-1
42029,20,64,1
42030,1358,1331,-1
42031,1440,35,-1
42032,1276,7,-1
42033,1358,5,-1
42034,1440,5,-1
42035,1276,5,-1
42036,1358,46,-1
42037,20,16,1
42038,563,1371,1
42039,20,159,-1
42040,1480,1836,1
42041,1480,161,1
42042,20,66,-1
42043,1201,69,1
42044,20,69,-1
42045,1480,155,1
42046,1480,109,1
42047,20,72,-1
42048,1201,88,1
42049,20,84,-1
42050,643,97,1
42051,20,73,-1
42052,1440,77296,-1
42053,1440,45,-1
42054,1440,15,-1
42055,485,4,-1
42056,20,76,1
42057,1077,24994,1
42058,20,254,-1
42059,1358,7641,-1
42060,1358,47,-1
42061,20,108,1
42062,1440,18890,-1
42063,1440,69,-1
42064,20,22,1
42065,1440,62,-1
42066,1440,17,-1
42067,1440,6,-1
42068,948,5,-1
42069,20,259,1
42070,1077,140,1
42071,20,122,-1
42072,1440,30376,-1
42073,1440,47,-1
42074,20,23,1
42075,1440,43,-1
42076,1112,8,-1
42077,20,45,1
42078,1480,782,1
42079,1480,42,1
42080,1201,29,1
42081,20,47,-1
42082,20,6,-1
42083,1480,32,1
42084,1480,33,1
42085,1201,25,1
42086,20,46,-1
42087,20,8,-1
42088,1157,7,1
42089,20,44,-1
42090,1440,66304,-1
42091,1440,46,-1
42092,1440,15,-1
42093,243,4,-1
42094,20,82,1
42095,563,1506,1
42096,20,92,-1
42097,563,180,1
42098,20,66,-1
42099,1480,2579,1
42100,1480,26,1
42101,20,84,-1
42102,1201,28,1
42103,20,41,-1
42104,1480,108,1
42105,1480,61,1
42106,20,55,-1
42107,1201,56,1
42108,20,49,-1
42109,643,62,1
42110,20,55,-1
42111,1480,146,1
42112,1480,72,1
42113,20,51,-1
42114,1201,46,1
42115,20,64,-1
42116,1480,93,1
42117,1480,54,1
42118,20,49,-1
42119,1201,55,1
42120,20,101,-1
42121,643,56,1
42122,20,56,-1
42123,1480,835,1
42124,1480,65,1
42125,20,82,-1
42126,1201,58,1
42127,20,55,-1
42128,1480,108,1
42129,1480,66,1
42130,1201,24,1
42131,1480,134,1
42132,20,56,-1
42133,20,16,-1
42134,1480,15,1
42135,20,44,-1
42136,1201,81,1
42137,20,59,-1
42138,1480,103,1
42139,1480,69,1
42140,20,55,-1
42141,1201,60,1
42142,20,54,-1
42143,209,71,1
42144,20,53,-1
42145,1077,92,1
42146,20,56,-1
42147,1358,21900,-1
42148,1358,65,-1
42149,1358,12,-1
42150,1440,5,-1
42151,1276,5,-1
42152,1440,5,-1
42153,1276,5,-1
42154,20,86,1
42155,1077,21215,1
42156,20,185,-1
42157,1358,133,-1
42158,1358,84,-1
42159,20,46,1
42160,563,290,1
42161,20,87,-1
42162,1440,27335,-1
42163,1440,46,-1
42164,1194,7,-1
42165,1440,4,-1
42166,1276,3,-1
42167,20,79,1
42168,563,1124,1
42169,20,89,-1
42170,563,30205,1
42171,20,168,-1
42172,1440,23036,-1
42173,1440,56,-1
42174,1440,8,-1
42175,1112,5,-1
42176,20,76,1
42177,563,1189,1
42178,20,72,-1
42179,1440,22564,-1
42180,1440,51,-1
42181,1194,4,-1
42182,20,109,1
42183,563,844,1
42184,1440,634,-1
42185,1440,33,-1
42186,1194,13,-1
42187,1440,4,-1
42188,1276,3,-1
42189,20,3,-1
42190,20,47,1
42191,1440,47374,-1
42192,1276,47,-1
42193,20,25,1
42194,1440,113,-1
42195,1440,12,-1
42196,504,5,-1
42197,20,218,1
42198,1077,164,1
42199,20,494,-1
42200,563,1070,1
42201,20,516,-1
42202,1480,349,1
42203,1480,86,1
42204,1201,195,1
42205,1480,146,1
42206,1480,77,1
42207,1480,97,1
42208,20,189,-1
42209,20,14,-1
42210,364,6,1
42211,20,20,-1
42212,20,10,-1
42213,1358,94028,-1
42214,1480,1816,1
42215,1480,91,1
42216,1201,75,1
42217,1480,109,1
42218,1480,78,1
42219,1480,92,1
42220,20,270,-1
42221,20,13,-1
42222,364,10,1
42223,20,23,-1
42224,20,138,-1
42225,563,15529,1
42226,20,266,-1
42227,1358,9099,-1
42228,59,2912,-1
42229,20,31,1
42230,1358,49728,-1
42231,1358,8929,-1
42232,20,37,1
42233,563,1950,1
42234,20,834,-1
42235,1480,1922,1
42236,1480,41,1
42237,20,103,-1
42238,1201,102,1
42239,20,93,-1
42240,1480,82,1
42241,1480,34,1
42242,20,107,-1
42243,1201,27,1
42244,20,117,-1
42245,1480,123,1
42246,1480,73,1
42247,20,66,-1
42248,1201,63,1
42249,20,61,-1
42250,1480,154,1
42251,1480,85,1
42252,20,62,-1
42253,1201,62,1
42254,20,60,-1
42255,209,79,1
42256,20,62,-1
42257,1480,132,1
42258,131,77,1
42259,20,69,-1
42260,544,63143,-1
42261,1480,1266,1
42262,1480,36,1
42263,20,103,-1
42264,1201,28,1
42265,20,92,-1
42266,1480,87,1
42267,1480,98,1
42268,20,564,-1
42269,1201,90,1
42270,20,93,-1
42271,643,63,1
42272,20,81,-1
42273,1358,63035,-1
42274,1480,1532,1
42275,1480,135,1
42276,1201,30,1
42277,20,121,-1
42278,20,20,-1
42279,1480,97,1
42280,1480,100,1
42281,20,87,-1
42282,1201,35,1
42283,20,72,-1
42284,643,59,1
42285,20,86,-1
42286,311,61901,-1
42287,20,36758,1
42288,1440,91387,-1
42289,229,55,-1
42290,20,103,1
42291,1358,4986,-1
42292,20,284,1
42293,1480,3077,1
42294,1480,72,1
42295,20,66,-1
42296,1201,29,1
42297,20,34,-1
42298,1480,106,1
42299,1480,61,1
42300,1201,20,1
42301,20,64,-1
42302,20,13,-1
42303,643,33,1
42304,20,45,-1
42305,1358,90967,-1
42306,1480,2340,1
42307,1480,59,1
42308,1201,77,1
42309,20,56,-1
42310,1480,108,1
42311,1480,66,1
42312,1480,93,1
42313,20,333,-1
42314,20,21,-1
42315,1480,15,1
42316,1480,41,1
42317,20,107,-1
42318,1480,39,1
42319,20,93,-1
42320,85,41,1
42321,20,55,-1
42322,1480,143,1
42323,1480,114,1
42324,20,57,-1
42325,1201,73,1
42326,20,55,-1
42327,643,92,1
42328,20,60,-1
42329,1440,25098,-1
42330,268,54,-1
42331,20,109,1
42332,1480,2135,1
42333,1480,130,1
42334,20,154,-1
42335,1201,40,1
42336,20,87,-1
42337,1480,208,1
42338,1480,84,1
42339,20,68,-1
42340,1201,75,1
42341,20,80,-1
42342,643,100,1
42343,20,61,-1
42344,1480,194,1
42345,1480,72,1
42346,20,61,-1
42347,1201,73,1
42348,20,61,-1
42349,1480,144,1
42350,1480,72,1
42351,20,61,-1
42352,1201,73,1
42353,20,59,-1
42354,643,97,1
42355,20,56,-1
42356,563,123605,-1
42357,20,38551,1
42358,1358,86838,-1
42359,20,415,1
42360,1480,1058,1
42361,1480,30,1
42362,20,91,-1
42363,1201,61,1
42364,20,51,-1
42365,1480,94,1
42366,1480,51,1
42367,20,50,-1
42368,1201,46,1
42369,20,46,-1
42370,643,72,1
42371,20,48,-1
42372,1358,38250,-1
42373,1480,1910,1
42374,1480,48,1
42375,20,88,-1
42376,1201,92,1
42377,20,102,-1
42378,1480,133,1
42379,1480,69,1
42380,20,66,-1
42381,1201,76,1
42382,20,61,-1
42383,643,102,1
42384,20,61,-1
42385,59,1699,-1
42386,1480,1419,1
42387,1480,87,1
42388,20,60,-1
42389,1201,62,1
42390,20,61,-1
42391,1480,150,1
42392,1480,88,1
42393,20,66,-1
42394,1201,70,1
42395,20,67,-1
42396,643,91,1
42397,20,68,-1
42398,1106,128106,-1
42399,20,37872,1
42400,1480,7276,1
42401,131,127,1
42402,20,565,-1
42403,563,119297,-1
42404,20,171,1
42405,1358,52242,-1
42406,20,36318,1
42407,311,39720,-1
42408,20,149,1
42409,563,127356,-1
42410,20,199,1
42411,563,128103,-1
42412,20,39966,1
42413,563,168045,-1
42414,20,39936,1
42415,1480,1217579,1
42416,131,30,1
42417,20,138,-1
42418,1077,29059,1
42419,20,169,-1
42420,1440,345055,-1
42421,20,62,1
42422,685,30,-1
42423,20,12,1
42424,563,655019,1
42425,20,288,-1
42426,1480,1083604,1
42427,131,41,1
42428,20,141,-1
42429,563,23555,1
42430,20,132,-1
42431,1077,1691,1
42432,20,122,-1
42433,563,186,1
42434,20,51,-1
42435,1077,10040,1
42436,20,161,-1
42437,1077,368,1
42438,20,101,-1
42439,1077,339,1
42440,20,62,-1
42441,1077,420046,1
42442,20,283,-1
42443,563,314157,-1
42444,20,88,1
42445,1077,1349,1
42446,1358,1322,-1
42447,20,25,-1
42448,563,14,1
42449,20,127,-1
42450,563,291,1
42451,20,184,-1
42452,563,987,1
42453,20,77,-1
42454,253,123895,-1
42455,563,2375,1
42456,20,81,-1
42457,1480,382,1
42458,645,92,1
42459,20,97,-1
42460,563,314,1
42461,20,78,-1
42462,563,123,1
42463,20,104,-1
42464,1077,11826,1
42465,20,154,-1
42466,1358,85767,-1
42467,796,29956,-1
42468,20,44,1
42469,563,2826,1
42470,20,156,-1
42471,1480,270,1
42472,645,51,1
42473,20,70,-1
42474,563,211,1
42475,20,133,-1
42476,563,15,1
42477,20,56,-1
42478,1358,93860,-1
42479,282,30391,-1
42480,20,41,1
42481,563,1513,1
42482,20,309,-1
42483,563,125894,-1
42484,1077,303,1
42485,20,84,-1
42486,1358,20574,-1
42487,563,1217,1
42488,20,229,-1
42489,854,106869,-1
42490,1480,401,1
42491,1480,41,1
42492,213,20,1
42493,20,66,-1
42494,20,20,-1
42495,1106,127902,-1
42496,1480,360,1
42497,1480,61,1
42498,213,32,1
42499,20,27,-1
42500,20,48,-1
42501,1358,23049,-1
42502,1077,372,1
42503,20,159,-1
42504,854,104176,-1
42505,1077,432,1
42506,20,77,-1
42507,563,29,1
42508,20,278,-1
42509,1358,64965,-1
42510,20,39566,1
42511,854,22856,-1
42512,20,226,1
42513,563,1302,1
42514,20,77,-1
42515,1358,11294,-1
42516,1077,426,1
42517,20,289,-1
42518,563,1482,1
42519,20,87,-1
42520,563,161,1
42521,20,132,-1
42522,1358,52242,-1
42523,563,1368,1
42524,20,96,-1
42525,1077,731,1
42526,20,123,-1
42527,1116,58403,-1
42528,563,404,1
42529,20,265,-1
42530,563,591,1
42531,20,66,-1
42532,1106,127534,-1
42533,563,4707,1
42534,20,190,-1
42535,1358,25492,-1
42536,20,37425,1
42537,1358,55270,-1
42538,1358,2275,-1
42539,20,99,1
42540,1262,4798,-1
42541,20,105,1
42542,1106,128494,-1
42543,20,211,1
42544,1077,210,1
42545,20,111,-1
42546,563,2947,1
42547,20,137,-1
42548,1480,10362,1
42549,1480,91,1
42550,213,56,1
42551,20,82,-1
42552,20,10,-1
42553,563,158549,-1
42554,1440,118,-1
42555,1276,10,-1
42556,20,298,1
42557,1358,2950,-1
42558,1358,567,-1
42559,20,13,1
42560,563,336,1
42561,1358,3,-1
42562,20,77,-1
42563,563,203,1
42564,20,138,-1
42565,1440,233,-1
42566,1440,20,-1
42567,20,8,1
42568,1194,17,-1
42569,563,2716,1
42570,20,73,-1
42571,563,499,1
42572,20,65,-1
42573,1480,290,1
42574,131,214,1
42575,20,63,-1
42576,1480,198,1
42577,131,77,1
42578,20,68,-1
42579,1480,2007,1
42580,131,148,1
42581,20,60,-1
42582,563,25703,1
42583,20,154,-1
42584,1358,81951,-1
42585,1440,9529,-1
42586,20,37,1
42587,1276,49,-1
42588,1440,10,-1
42589,1276,6,-1
42590,20,74,1
42591,1440,4743,-1
42592,1440,66,-1
42593,20,13,1
42594,1440,50,-1
42595,1440,8,-1
42596,1030,5,-1
42597,1440,5,-1
42598,1440,14,-1
42599,1194,4,-1
42600,20,20,1
42601,1480,35575,1
42602,131,46,1
42603,20,206,-1
42604,1440,88352,-1
42605,1440,44,-1
42606,1194,13,-1
42607,1440,4,-1
42608,1276,3,-1
42609,20,77,1
42610,1077,797,1
42611,20,164,-1
42612,1440,3304,-1
42613,1440,22,-1
42614,1194,4,-1
42615,1440,4,-1
42616,1440,2,-1
42617,1194,4,-1
42618,20,37,1
42619,1358,316,-1
42620,1440,31,-1
42621,20,8,1
42622,1276,23,-1
42623,1358,5,-1
42624,20,35,1
42625,1440,18,-1
42626,1276,36,-1
42627,20,248,1
42628,563,1455,1
42629,20,108,-1
42630,1358,121260,-1
42631,1440,857,-1
42632,1440,21,-1
42633,1440,6,-1
42634,1440,9,-1
42635,1030,5,-1
42636,20,100,1
42637,1440,3634,-1
42638,1440,25,-1
42639,20,10,1
42640,1194,35,-1
42641,1358,204,-1
42642,1358,11,-1
42643,20,54,1
42644,1440,7,-1
42645,533,13,-1
42646,20,11,1
42647,563,82,1
42648,20,180,-1
42649,1358,1528,-1
42650,20,38733,1
42651,1358,82504,-1
42652,1358,122,-1
42653,20,103,1
42654,748,4792,-1
42655,20,111,1
42656,1440,106585,-1
42657,1440,46,-1
42658,1194,7,-1
42659,1358,5,-1
42660,20,91,1
42661,1440,8013,-1
42662,1276,31,-1
42663,20,13,1
42664,1358,15,-1
42665,20,232,1
42666,1440,4778,-1
42667,1276,23,-1
42668,20,73,1
42669,563,258,1
42670,20,102,-1
42671,1440,7477,-1
42672,1276,25,-1
42673,20,278,1
42674,563,296,1
42675,20,231,-1
42676,896,13,-1
42677,1440,2521,-1
42678,20,15,1
42679,1276,38,-1
42680,1358,19576,-1
42681,20,46,1
42682,1358,46,-1
42683,20,37031,1
42684,1440,44074,-1
42685,1440,56,-1
42686,1194,9,-1
42687,1358,6,-1
42688,20,92,1
42689,1358,9948,-1
42690,1358,5766,-1
42691,20,15,1
42692,1358,215,-1
42693,1358,11,-1
42694,20,42,1
42695,563,1286,1
42696,20,122,-1
42697,673,9022,-1
42698,563,432,1
42699,20,234,-1
42700,1358,32500,-1
42701,1358,1471,-1
42702,20,66,1
42703,563,238,1
42704,20,164,-1
42705,563,2197,1
42706,20,157,-1
42707,1358,48193,-1
42708,563,1051,1
42709,20,77,-1
42710,563,684,1
42711,20,133,-1
42712,1480,329,1
42713,1159,84,1
42714,20,68,-1
42715,1480,1391,1
42716,1159,79,1
42717,20,46,-1
42718,1440,9159,-1
42719,1276,44,-1
42720,20,102,1
42721,700,30389,-1
42722,20,36006,1
42723,563,92946,-1
42724,20,159,1
42725,1440,10003,-1
42726,1276,50,-1
42727,1358,17,-1
42728,20,93,1
42729,563,3609,1
42730,20,100,-1
42731,1440,10980,-1
42732,1276,52,-1
42733,20,128,1
42734,563,4634,1
42735,20,128,-1
42736,1440,22256,-1
42737,1440,52,-1
42738,1194,8,-1
42739,20,89,1
42740,563,497,1
42741,20,201,-1
42742,563,880,1
42743,20,72,-1
42744,1358,9115,-1
42745,563,1749,1
42746,20,82,-1
42747,563,115,1
42748,20,83,-1
42749,90,72913,-1
42750,563,828,1
42751,20,151,-1
42752,1440,67945,-1
42753,1276,52,-1
42754,20,102,1
42755,1358,5552,-1
42756,1358,7545,-1
42757,20,26,1
42758,1480,633,1
42759,131,96,1
42760,20,65,-1
42761,1358,3126,-1
42762,563,3890,1
42763,20,130,-1
42764,563,237,1
42765,20,159,-1
42766,244,82458,-1
42767,1480,1143,1
42768,645,91,1
42769,20,49,-1
42770,1440,16196,-1
42771,1276,54,-1
42772,1358,5,-1
42773,20,177,1
42774,1358,4579,-1
42775,1440,11469,-1
42776,20,46,1
42777,1276,61,-1
42778,563,355,1
42779,20,124,-1
42780,563,3935,1
42781,20,144,-1
42782,563,767,1
42783,20,150,-1
42784,1077,101,1
42785,20,126,-1
42786,1358,31433,-1
42787,563,1152,1
42788,20,114,-1
42789,1077,5194,1
42790,20,151,-1
42791,1077,1070,1
42792,20,102,-1
42793,563,1183,1
42794,20,133,-1
42795,563,932,1
42796,20,98,-1
42797,563,653,1
42798,20,121,-1
42799,563,490,1
42800,20,101,-1
42801,563,118,1
42802,20,213,-1
42803,563,11666,1
42804,20,195,-1
42805,563,1122,1
42806,20,198,-1
42807,563,85,1
42808,20,134,-1
42809,109,32117,-1
42810,20,40380,1
42811,1440,17225,-1
42812,1276,47,-1
42813,20,87,1
42814,1358,7297,-1
42815,20,249,1
42816,1440,10101,-1
42817,1440,33,-1
42818,1194,15,-1
42819,20,66,1
42820,563,833,1
42821,20,88,-1
42822,1358,2937,-1
42823,1480,1019,1
42824,131,155,1
42825,20,72,-1
42826,1480,13596,1
42827,131,114,1
42828,20,432,-1
42829,563,1259,1
42830,20,236,-1
42831,563,276,1
42832,20,63,-1
42833,563,149,1
42834,20,69,-1
42835,80,31421,-1
42836,563,9043,1
42837,20,151,-1
42838,563,581,1
42839,20,694,-1
42840,563,127337,-1
42841,20,37071,1
42842,1440,11680,-1
42843,1440,34,-1
42844,1194,6,-1
42845,1440,4,-1
42846,1276,3,-1
42847,20,61,1
42848,1358,39473,-1
42849,20,565,1
42850,563,5264,1
42851,20,146,-1
42852,1358,27847,-1
42853,563,378,1
42854,20,93,-1
42855,1224,44137,-1
42856,563,316,1
42857,20,81,-1
42858,563,158,1
42859,20,201,-1
42860,1358,2656,-1
42861,1358,30,-1
42862,20,70,1
42863,1358,75472,-1
42864,563,435,1
42865,20,143,-1
42866,1358,348,-1
42867,563,202,1
42868,20,80,-1
42869,1068,48126,-1
42870,563,302,1
42871,20,79,-1
42872,563,553,1
42873,20,66,-1
42874,1358,88051,-1
42875,1077,387,1
42876,20,95,-1
42877,854,38784,-1
42878,1358,1130,-1
42879,20,21,1
42880,563,810,1
42881,20,94,-1
42882,563,212,1
42883,20,61,-1
42884,563,188,1
42885,20,58,-1
42886,1358,2578,-1
42887,20,36493,1
42888,1440,46443,-1
42889,1276,43,-1
42890,20,96,1
42891,1358,90,-1
42892,1077,149,1
42893,20,68,-1
42894,1243,41748,-1
42895,563,1758,1
42896,20,108,-1
42897,1358,48697,-1
42898,1358,49,-1
42899,20,102,1
42900,1029,78011,-1
42901,20,38656,1
42902,1440,49068,-1
42903,1276,52,-1
42904,20,104,1
42905,1440,8742,-1
42906,1276,47,-1
42907,20,12,1
42908,1358,15,-1
42909,20,283,1
42910,1440,10070,-1
42911,1276,41,-1
42912,1358,14,-1
42913,20,82,1
42914,1358,4927,-1
42915,563,3309,1
42916,20,174,-1
42917,1358,3578,-1
42918,563,5044,1
42919,20,174,-1
42920,1358,587,-1
42921,1077,257,1
42922,20,86,-1
42923,954,2563,-1
42924,563,2114,1
42925,20,215,-1
42926,1358,33617,-1
42927,1358,44,-1
42928,20,122,1
42929,1358,4680,-1
42930,563,308,1
42931,20,82,-1
42932,1440,20208,-1
42933,1276,45,-1
42934,20,106,1
42935,563,6119,1
42936,20,121,-1
42937,1440,18822,-1
42938,1276,43,-1
42939,20,88,1
42940,1166,41610,-1
42941,563,1091,1
42942,20,133,-1
42943,563,3938,1
42944,20,428,-1
42945,1480,232,1
42946,645,82,1
42947,20,71,-1
42948,1358,43948,-1
42949,20,39981,1
42950,282,38094,-1
42951,20,150,1
42952,1106,128468,-1
42953,20,230,1
42954,563,1124,1
42955,20,511,-1
42956,1358,45540,-1
42957,1440,437,-1
42958,20,19,1
42959,1276,34,-1
42960,1358,5990,-1
42961,20,37,1
42962,1480,11698,1
42963,645,102,1
42964,20,82,-1
42965,1358,32316,-1
42966,563,6407,1
42967,20,112,-1
42968,563,939,1
42969,20,117,-1
42970,215,23955,-1
42971,563,20520,1
42972,20,117,-1
42973,1077,9826,1
42974,20,225,-1
42975,563,97401,-1
42976,1480,10504,1
42977,131,117,1
42978,20,118,-1
42979,1358,98668,-1
42980,1440,68,-1
42981,1276,9,-1
42982,20,102,1
42983,1440,2700,-1
42984,1440,20,-1
42985,20,17,1
42986,1194,10,-1
42987,332,16929,-1
42988,20,36,1
42989,563,8455,1
42990,20,114,-1
42991,1077,51409,1
42992,20,133,-1
42993,1077,40674,1
42994,20,164,-1
42995,1077,19505,1
42996,20,229,-1
42997,1077,203,1
42998,20,283,-1
42999,1077,55001,1
43000,20,149,-1
43001,563,2042,-1
43002,1358,8162,-1
43003,20,32,1
43004,1440,56374,-1
43005,1276,41,-1
43006,20,84,1
43007,1233,72524,-1
43008,563,2315,1
43009,20,118,-1
43010,563,127359,-1
43011,20,36323,1
43012,1358,2968,-1
43013,20,216,1
43014,1358,7484,-1
43015,1440,252,-1
43016,1276,15,-1
43017,20,67,1
43018,1358,40825,-1
43019,20,331,1
43020,1358,684,-1
43021,1358,24,-1
43022,20,46,1
43023,1358,3643,-1
43024,342,35556,-1
43025,20,44,1
43026,1358,42649,-1
43027,20,37186,1
43028,1077,8298,1
43029,20,318,-1
43030,1358,50844,-1
43031,1077,10248,1
43032,20,119,-1
43033,30,22172,-1
43034,563,1747,1
43035,20,151,-1
43036,1480,148,1
43037,131,86,1
43038,20,193,-1
43039,563,126194,-1
43040,563,1174,1
43041,20,247,-1
43042,1440,15460,-1
43043,1440,46,-1
43044,1194,5,-1
43045,20,78,1
43046,1077,5409,1
43047,20,193,-1
43048,205,122738,-1
43049,20,38132,1
43050,1358,76762,-1
43051,20,334,1
43052,563,1559,1
43053,20,87,-1
43054,563,442,1
43055,20,56,-1
43056,563,211,1
43057,20,102,-1
43058,563,63,1
43059,20,55,-1
43060,311,9769,-1
43061,563,252,1
43062,20,125,-1
