pkg_len,pkg_iat,pkt_dir
1436,13,-1
20,7,1
1053,30,-1
1440,438,-1
20,10,1
1439,25,-1
1439,6,-1
20,5,1
1440,18,-1
1426,4,-1
20,4,1
1440,14,-1
1439,6,-1
20,4,1
1136,12,-1
1434,10398,-1
20,39,1
1440,55,-1
1429,14,-1
20,12,1
1440,44,-1
960,10,-1
20,8,1
1440,115,-1
1440,20,-1
20,12,1
1229,31,-1
1408,16153,-1
20,27,1
1440,219,-1
1118,14,-1
20,8,1
561,430,1
20,75,-1
1434,35461,-1
1433,48,-1
20,16,1
1436,45,-1
1431,11,-1
20,6,1
1135,30,-1
1384,741,-1
20,17,1
1368,8493,-1
142,320,-1
20,51,1
1440,1892,-1
1383,16,-1
1432,12,-1
1423,7,-1
1214,5,-1
20,322,1
562,4799,1
20,165,-1
1437,13431,-1
1440,26,-1
20,10,1
1392,31,-1
1440,8,-1
20,6,1
1171,20,-1
1440,6,-1
20,6,1
1440,19,-1
1440,5,-1
20,5,1
1436,18,-1
1440,5,-1
20,5,1
1440,22,-1
1042,5,-1
20,5,1
1287,13,-1
20,6,1
1271,23,-1
1440,4,-1
20,4,1
1440,14,-1
1226,4,-1
20,4,1
1440,11,-1
1440,4,-1
20,3,1
1440,10,-1
1440,4,-1
20,6,-1
1440,9,-1
1397,4,-1
20,20,1
578,603,1
20,50,-1
563,7323,1
20,134,-1
556,727,1
20,172,-1
574,294,1
1440,16,-1
20,11,1
1440,35,-1
1193,11,-1
20,7,1
1440,31,-1
1105,7,-1
20,7,1
1429,23580,-1
1440,53,-1
20,21,1
1097,49,-1
1440,784,-1
20,22,1
1439,58,-1
1440,13,-1
20,10,1
1440,37,-1
1425,10,-1
20,8,1
1061,30,-1
1431,18169,-1
20,43,1
1440,65,-1
1425,12,-1
20,11,1
1440,42,-1
1440,11,-1
20,11,1
893,29,-1
562,1110,1
20,211,-1
1430,2830,1
146,157,1
20,162,-1
336,50421,-1
20,41307,1
1440,38502,-1
1418,38,-1
20,15,1
1435,48,-1
1440,14,-1
20,9,1
986,34,-1
1440,9,-1
20,7,1
1317,30,-1
1424,1183,-1
889,5,-1
20,6,1
1440,20,-1
1440,5,-1
1377,3,-1
1388,3,-1
1440,4,-1
1339,4,-1
20,199,1
573,601,1
20,108,-1
1440,3862,-1
1429,26,-1
20,10,1
1439,50,-1
1435,14,-1
20,8,1
1440,33,-1
1431,10,-1
20,6,1
1140,32,-1
1439,11,-1
20,8,1
1440,29,-1
1435,5,-1
1435,5,-1
1436,4,-1
1438,4,-1
1433,6,-1
1438,5,-1
1342,4,-1
20,69,1
550,305,1
20,100,-1
1440,527,-1
1423,15,-1
1434,9,-1
1439,6,-1
1405,6,-1
1436,5,-1
899,3,-1
20,216,1
1438,367,-1
1344,8,-1
20,8,1
565,961,1
20,96,-1
1428,2040,-1
1440,109,-1
1426,12,-1
20,8,1
1440,44,-1
1440,11,-1
20,7,1
1440,27,-1
1165,7,-1
20,7,1
1079,33,-1
1439,12,-1
20,8,1
1440,32,-1
1440,10,-1
20,7,1
1438,29,-1
1145,9,-1
20,313,1
1439,37850,-1
1404,44,-1
20,17,1
1290,70,-1
569,1428,1
20,159,-1
1440,60,-1
1432,11,-1
20,9,1
1434,37,-1
1110,10,-1
20,289,1
1434,25033,-1
1434,32,-1
20,16,1
1437,57,-1
1141,16,-1
20,11,1
1440,52,-1
1439,11,-1
20,10,1
1434,42,-1
1440,10,-1
20,8,1
1433,43,-1
1440,12,-1
1398,9,-1
1421,9,-1
1338,9,-1
20,332,1
464,428,1
20,104,-1
562,221,1
20,78,-1
1406,8769,-1
1440,99,-1
20,14,1
1440,20,-1
1435,2,-1
20,1,1
1420,2,-1
1435,0,-1
20,0,-1
1440,1,-1
1434,1,-1
20,2,1
1085,3,-1
1437,1,-1
20,1,1
1440,3,-1
1435,1,-1
20,1,1
1439,5,-1
1440,2,-1
1440,12,-1
20,8,1
1433,24,-1
1117,8,-1
20,4,1
1437,27967,-1
1429,34,-1
20,12,1
1440,52,-1
1181,9,-1
20,6,1
1440,24,-1
1384,9,-1
20,6,1
1223,21,-1
1440,939,-1
20,21,1
1440,43,-1
1440,10,-1
20,9,1
1440,27,-1
1195,8,-1
20,5,1
1437,11345,-1
1437,14,-1
20,12,1
1242,39,-1
563,1172,1
20,199,-1
1440,1292,-1
1209,12,-1
20,7,1
1440,648,-1
1431,12,-1
20,7,1
1211,28,-1
1440,886,-1
20,17,1
1440,32,-1
1434,8,-1
20,8,1
1440,32,-1
1044,10,-1
20,6,1
1440,1215,-1
1440,10,-1
20,7,1
1413,25,-1
1440,56684,-1
1428,51,-1
20,18,1
1440,41,-1
1341,8,-1
20,8,1
1437,32,-1
1430,11,-1
20,6,1
1440,22,-1
697,8,-1
20,4,1
567,7339,1
20,162,-1
564,2189,1
20,118,-1
1440,7331,-1
1400,20,-1
20,10,1
1215,42,-1
970,3928,1
20,264,-1
566,177,1
20,123,-1
1277,13,-1
20,11,1
1428,4614,-1
1436,45,-1
20,15,1
1066,40,-1
20,46879,1
1393,3149,-1
20,58,1
1434,530,-1
1433,24,-1
20,13,1
1440,51,-1
989,12,-1
20,8,1
1435,4352,-1
1436,24,-1
20,11,1
1234,38,-1
1434,481,-1
20,18,1
1320,47,-1
1423,330,-1
20,62,1
20,6,1
1139,48,-1
20,41077,1
1354,6520,-1
1437,651,-1
20,26,1
1420,59,-1
1439,16,-1
20,11,1
1439,46,-1
1431,12,-1
20,9,1
1175,35,-1
1440,11,-1
20,9,1
1035,38,-1
20,46079,1
1431,7290,-1
1427,44,-1
20,16,1
1440,46,-1
1426,11,-1
20,8,1
1425,42,-1
1345,5,-1
20,6,1
569,1115,1
20,167,-1
569,534,1
20,160,-1
1440,67,-1
1437,8,-1
20,6,1
1439,32,-1
1434,11,-1
20,8,1
1439,39,-1
945,10,-1
20,8,1
1440,30,-1
1440,7,-1
20,9,1
1440,34,-1
1440,10,-1
20,9,1
1412,30,-1
1440,9,-1
20,8,1
1375,27,-1
20,18,1
1438,41360,-1
1428,54,-1
20,32,1
1440,59,-1
982,14,-1
20,9,1
1440,930,-1
1416,20,-1
20,12,1
1440,41,-1
1316,12,-1
20,11,1
1439,1850,-1
1430,22,-1
20,15,1
1438,49,-1
1425,12,-1
20,10,1
1438,46,-1
1424,12,-1
20,8,1
1368,37,-1
1440,18,-1
1440,5,-1
20,3,1
1085,15,-1
563,1155,1
20,119,-1
1431,20550,-1
1440,32,-1
20,12,1
1440,35,-1
1440,7,-1
20,5,1
1438,20,-1
990,5,-1
20,3,1
1440,15,-1
1440,5,-1
20,4,1
1440,27,-1
1434,6,-1
20,5,1
1162,21,-1
1440,6,-1
20,5,1
1433,5,-1
1432,4,-1
1387,3,-1
1265,2,-1
85,114,1
20,63,-1
569,2109,1
20,59,-1
1351,8881,-1
1432,1045,-1
20,30,1
1440,77,-1
1433,7,-1
20,5,1
1290,25,-1
1440,1167,-1
20,18,1
1439,25,-1
1438,7,-1
20,5,1
1080,18,-1
1436,7,-1
20,5,1
1407,44,-1
20,10,1
1440,39,-1
1155,12,-1
20,11,1
1440,35,-1
1432,11,-1
20,9,1
1438,34,-1
1440,10,-1
20,8,1
1439,29,-1
1392,17,-1
1428,7,-1
1440,5,-1
1084,6,-1
20,315,1
559,1760,1
20,107,-1
1432,36689,-1
1440,51,-1
20,15,1
1365,53,-1
1440,12,-1
20,10,1
1432,7,-1
20,7,1
1440,28,-1
1440,6,-1
20,5,1
1440,18,-1
1043,6,-1
20,5,1
1440,29,-1
1440,8,-1
20,7,1
1440,27,-1
1440,7,-1
1236,4,-1
1075,5,-1
1436,4,-1
1440,4,-1
1401,4,-1
1435,4,-1
1440,4,-1
1430,3,-1
1177,5,-1
1427,4,-1
1427,3,-1
1421,41557,-1
1102,64,-1
20,17,1
1480,9883,1
64,141,1
20,106,-1
1436,26723,-1
20,37,-1
20,10,1
554,704,1
20,265,-1
1480,1953,1
1480,178,1
20,209,1
20,214,-1
550,221,1
20,17,-1
554,143,1
20,183,-1
1357,262,1
20,134,-1
562,142,1
20,130,-1
1308,3953,-1
1434,36,-1
1433,6,-1
20,5,1
1440,28,-1
1439,6,-1
20,4,1
1440,26,-1
1439,6,-1
20,5,1
1438,14,-1
1081,5,-1
20,4,1
1033,16,-1
1395,4,-1
20,3,1
1440,627,-1
1439,8,-1
20,6,1
1440,27,-1
1434,5,-1
20,4,1
1436,20,-1
1440,6,-1
1303,4,-1
1440,6,-1
1440,5,-1
1440,3,-1
719,4,-1
20,13,-1
1440,18,-1
1425,7,-1
20,7,1
1440,34,-1
1437,9,-1
20,9,1
1440,36,-1
1434,11,-1
1440,5,-1
1137,4,-1
1440,4,-1
1440,5,-1
1047,5,-1
1440,4,-1
1289,4,-1
20,284,1
570,3526,1
20,131,-1
544,1328,1
1286,48,-1
20,299,1
1440,1097,-1
1427,19,-1
20,14,1
1426,82,-1
1407,14,-1
20,14,1
1440,54,-1
1436,15,-1
1383,9,-1
1421,10,-1
1365,20,-1
20,314,1
1063,63,-1
1363,10,-1
20,425,1
556,17996,1
20,142,-1
1219,43157,-1
571,2879,1
20,148,-1
570,1033,1
20,92,-1
20,41,1
1440,79,-1
1440,9,-1
20,6,1
1328,20,-1
1440,5,-1
20,4,1
1440,15,-1
1406,4,-1
20,4,1
1133,13,-1
1440,5,-1
20,5,1
1440,22,-1
1041,7,-1
20,7,1
1440,487,-1
1364,10,-1
20,7,1
1440,24068,-1
1440,25,-1
20,11,1
1165,32,-1
1440,508,-1
20,12,1
1435,48,-1
1440,16,-1
20,10,1
1436,43,-1
1440,11,-1
20,9,1
1067,33,-1
1437,13,-1
20,11,1
1440,50,-1
1440,10,-1
20,8,1
1440,29,-1
1356,9,-1
1307,6,-1
20,315,1
1440,1001,-1
1436,16,-1
20,8,1
1424,31,-1
1435,12,-1
20,9,1
1440,51,-1
1435,10,-1
20,8,1
1440,33,-1
1439,9,-1
20,7,1
1426,35,-1
1429,10,-1
20,8,1
1439,34,-1
1440,10,-1
20,8,1
1438,32,-1
1428,9,-1
1433,6,-1
1440,4,-1
1092,5,-1
1415,4,-1
1353,4,-1
20,279,1
567,2365,1
20,103,-1
558,2985,1
20,123,-1
1395,12393,-1
1440,26,-1
1438,7,-1
20,6,1
1440,24,-1
1438,8,-1
20,6,1
1440,23,-1
1440,7,-1
979,5,-1
20,306,1
555,4494,1
20,137,-1
1440,3633,-1
1440,13,-1
20,7,1
1440,24,-1
1076,6,-1
20,4,1
1440,15,-1
1440,5,-1
20,4,1
1440,14,-1
1243,4,-1
20,5,1
1440,40,-1
780,8,-1
20,6,1
1440,26,-1
1440,8,-1
1411,5,-1
1050,4,-1
1440,4,-1
1440,5,-1
1070,6,-1
20,99,1
568,589,1
20,136,-1
560,2316,1
20,191,-1
1440,7367,-1
1440,21,-1
20,10,1
1440,29,-1
1439,7,-1
20,6,1
1438,28,-1
1440,7,-1
20,6,1
1434,27,-1
1336,9,-1
20,6,1
1440,7406,-1
1440,28,-1
20,13,1
1306,43,-1
1433,25102,-1
20,47,1
1437,59,-1
1440,14,-1
20,11,1
1440,38,-1
1440,10,-1
20,9,1
1034,38,-1
752,14,-1
1440,8,-1
1428,6,-1
1316,5,-1
20,293,1
561,4955,1
20,157,-1
1423,27217,-1
1218,5,-1
20,9,1
1213,7960,-1
20,39447,1
1313,31592,-1
20,466,1
562,1545,1
20,253,-1
1440,45798,-1
1435,37,-1
20,13,1
1267,46,-1
521,2571,1
20,99,-1
293,60983,-1
1428,1787,-1
20,63,1
1361,72,-1
563,973,1
20,167,-1
1435,1996,-1
1435,20,-1
20,14,1
1202,44,-1
1437,10,-1
20,8,1
1440,26,-1
1434,8,-1
20,6,1
1440,36,-1
1431,9,-1
20,7,1
1438,31,-1
900,11,-1
20,10,1
1358,40505,-1
1440,574,-1
20,22,1
1440,55,-1
1381,10,-1
20,8,1
1440,192,-1
1438,15,-1
20,11,1
1211,33,-1
1440,340,-1
20,16,1
1405,36,-1
1440,13,-1
1082,9,-1
1181,6,-1
1440,308,-1
1432,15,-1
1440,8,-1
1438,7,-1
1429,8,-1
1436,7,-1
1440,6,-1
987,5,-1
1440,5,-1
1435,7,-1
1317,6,-1
20,257,1
564,1407,1
20,84,-1
559,5156,1
20,116,-1
1440,3812,-1
1430,14,-1
20,8,1
1437,33,-1
1440,7,-1
1480,451,1
154,97,1
20,81,-1
1388,27979,-1
1440,207,-1
20,22,1
1247,47,-1
569,2616,1
20,70,-1
562,443,1
20,161,-1
1440,1194,-1
1245,16,-1
20,9,1
1440,9012,-1
1440,30,-1
20,16,1
1427,56,-1
1220,16,-1
20,10,1
1440,4068,-1
1440,19,-1
20,13,1
1197,51,-1
1440,55456,-1
1413,37,-1
20,13,1
1377,44,-1
1420,12,-1
20,10,1
1023,35,-1
1362,409,-1
20,15,1
1335,1289,-1
566,4050,1
20,186,-1
564,4157,1
20,153,-1
1429,51758,-1
1321,74,-1
20,18,1
564,9920,1
20,181,-1
1225,224,1
20,140,-1
1433,1339,-1
1429,26,-1
20,17,1
1077,10,-1
20,6,1
1436,26,-1
1440,6,-1
20,5,1
1431,21,-1
1437,5,-1
20,4,1
1440,19,-1
1440,8,-1
20,5,1
897,26,-1
567,302,1
20,15,-1
1425,25224,-1
1440,68,-1
20,17,1
1440,47,-1
1367,10,-1
20,7,1
1440,24,-1
1425,10,-1
20,8,1
1428,41,-1
1440,56,-1
1440,10,-1
20,7,1
1438,31,-1
1440,10,-1
20,7,1
1372,37,-1
1440,12,-1
20,9,1
1440,28,-1
1153,7,-1
20,5,1
564,1754,1
20,192,-1
1432,13399,-1
1440,43,-1
20,22,1
1440,60,-1
1440,16,-1
20,8,1
882,38,-1
1438,11,-1
20,7,1
1440,28,-1
1333,12,-1
20,8,1
572,693,1
20,124,-1
1440,762,-1
1151,10,-1
20,6,1
1438,812,-1
1374,11,-1
20,7,1
1436,367,-1
1169,11,-1
20,6,1
561,7582,1
20,207,-1
1435,11203,-1
1435,39,-1
20,16,1
1434,59,-1
1438,9,-1
20,8,1
1440,36,-1
1321,8,-1
20,6,1
1440,33,-1
1412,7,-1
20,6,1
1440,33,-1
1440,10,-1
20,7,1
1435,30,-1
1440,9,-1
20,8,1
1030,39,-1
1365,13,-1
20,319,1
562,2052,1
20,60,-1
1435,39924,-1
1434,41,-1
20,14,1
1440,43,-1
1359,9,-1
20,8,1
1440,36,-1
1439,11,-1
20,7,1
1364,36,-1
20,7,1
1285,19,-1
563,609,1
20,138,-1
1440,5412,-1
1439,20,-1
20,8,1
1082,33,-1
561,429,1
20,126,-1
1439,34621,-1
1431,26,-1
20,12,1
1439,32,-1
1434,7,-1
20,5,1
1062,23,-1
564,1188,1
20,152,-1
1372,20331,-1
1433,744,-1
20,28,1
1430,53,-1
1333,15,-1
1437,14,-1
20,7,1
1171,28,-1
1439,480,-1
20,14,1
1440,37,-1
1305,10,-1
20,9,1
564,2854,1
20,135,-1
1438,21662,-1
1421,41,-1
20,14,1
1140,45,-1
1319,10,-1
20,9,1
1439,1577,-1
1440,17,-1
20,12,1
1130,36,-1
1440,9,-1
20,6,1
1254,41,-1
1440,21366,-1
20,130,-1
564,5057,1
20,179,-1
1440,4414,-1
1423,18,-1
20,14,1
1154,48,-1
1387,1333,-1
20,23,1
1376,2674,-1
1437,276,-1
20,20,1
1438,60,-1
1230,11,-1
20,9,1
1375,353,-1
1440,299,-1
20,19,1
1422,43,-1
1427,10,-1
20,7,1
1429,29,-1
1418,12,-1
20,7,1
1440,40,-1
1440,7,-1
20,4,1
1409,16,-1
1363,5,-1
20,3,1
566,895,1
20,99,-1
1440,3743,-1
1432,13,-1
20,12,1
1440,41,-1
1044,11,-1
20,10,1
1440,63,-1
1201,9,-1
20,5,1
1440,1794,-1
1440,13,-1
20,7,1
1100,29,-1
1440,1669,-1
20,22,1
1427,59,-1
20,1093,-1
566,9787,1
20,205,-1
1434,32168,-1
1439,49,-1
20,18,1
1425,45,-1
1440,9,-1
20,8,1
1437,35,-1
1373,10,-1
20,9,1
1440,26,-1
1437,8,-1
20,9,1
1440,29,-1
1440,8,-1
1435,4,-1
1440,4,-1
712,6,-1
1440,5,-1
1170,4,-1
1440,5,-1
1268,4,-1
1099,5,-1
1353,3,-1
20,3,1
566,1335,1
20,175,-1
568,1592,1
20,108,-1
1327,1557,-1
1440,8164,-1
20,20,1
1439,41,-1
1440,10,-1
20,7,1
1440,26,-1
1008,6,-1
20,5,1
1440,15214,-1
1440,28,-1
20,13,1
1440,38,-1
1103,12,-1
20,8,1
1436,31565,-1
1428,45,-1
1433,9,-1
20,9,1
1440,39,-1
1002,11,-1
20,7,1
570,631,1
20,106,-1
1440,1874,-1
1439,16,-1
20,11,1
1440,43,-1
1416,13,-1
20,11,1
1440,43,-1
1293,11,-1
20,12,1
1440,1629,-1
1440,15,-1
20,10,1
1440,38,-1
1076,10,-1
20,7,1
1440,30,-1
1399,9,-1
1428,6521,-1
20,52,1
1440,70,-1
1430,12,-1
20,9,1
1430,37,-1
1432,10,-1
20,8,1
1434,38,-1
1440,13,-1
20,10,1
1439,45,-1
1435,11,-1
20,9,1
1405,45,-1
1435,13,-1
20,9,1
1439,52,-1
1440,10,-1
20,7,1
841,36,-1
1437,372,-1
1402,10,-1
1418,5,-1
1206,6,-1
20,6,1
1440,3152,-1
1429,23,-1
20,16,1
1440,70,-1
1186,15,-1
20,13,1
1440,50,-1
1247,11,-1
20,10,1
1440,39,-1
1438,11,-1
1437,6,-1
1435,7,-1
1433,7,-1
1420,7,-1
1410,6,-1
1426,5,-1
1012,5,-1
20,608,1
560,4053,1
20,129,-1
593,3544,1
1433,816,-1
20,16,1
1284,50,-1
1440,645,-1
20,18,1
1428,51,-1
1258,15,-1
20,13,1
1301,2032,-1
1435,7416,-1
20,31,1
1318,57,-1
1432,3209,-1
20,33,1
1440,65,-1
1235,16,-1
20,7,1
564,2451,1
20,124,-1
1440,7526,-1
1050,23,-1
20,7,1
583,474,1
20,160,-1
1440,18,-1
20,15,1
950,42,-1
1436,27,-1
20,11,1
1440,36,-1
1434,10,-1
20,8,1
1440,51,-1
1089,10,-1
20,8,1
1440,34,-1
1439,8,-1
20,7,1
1440,28,-1
1440,6,-1
20,6,1
1440,18,-1
1437,7,-1
1433,4,-1
1426,3,-1
1084,4,-1
1431,3,-1
1423,3,-1
1440,15,-1
20,10,1
841,36,-1
569,771,1
20,144,-1
565,4600,1
20,159,-1
1431,52635,-1
1438,59,-1
20,17,1
1432,53,-1
1440,11,-1
20,10,1
1439,46,-1
1028,15,-1
20,14,1
1440,44,-1
1440,12,-1
20,9,1
1433,41,-1
1440,9,-1
20,9,1
1435,32,-1
1425,9,-1
1423,3,-1
1396,4,-1
1364,3,-1
20,4,1
20,336,1
1432,336,-1
20,15,1
1369,63,-1
559,800,1
20,3,-1
1440,231,-1
1434,11,-1
20,7,1
1436,25,-1
1404,8,-1
20,5,1
1187,26,-1
1440,272,-1
20,10,1
1439,22,-1
1209,7,-1
20,6,1
1434,15317,-1
1295,36,-1
20,19,1
1436,46,-1
1411,10,-1
20,7,1
1437,41,-1
1432,11,-1
20,9,1
1014,38,-1
570,1877,1
20,104,-1
562,3660,1
20,75,-1
1336,18705,-1
1440,1839,-1
20,26,1
1439,50,-1
1182,11,-1
20,7,1
1440,2677,-1
1301,19,-1
20,9,1
1234,50,-1
1440,10151,-1
20,35,1
1419,23,-1
1348,5,-1
20,3,1
574,879,1
20,71,-1
1440,1833,-1
1428,13,-1
20,8,1
1437,30,-1
1423,8,-1
20,8,1
1440,52,-1
1440,12,-1
20,9,1
1438,32,-1
1435,8,-1
20,9,1
1440,36,-1
929,13,-1
20,9,1
1437,253,-1
1440,24,-1
20,10,1
1288,38,-1
20,16,1
1440,142,-1
1440,13,-1
20,9,1
1407,39,-1
1440,10,-1
20,9,1
1440,45,-1
978,10,-1
20,18,1
1435,52,-1
1391,16,-1
20,284,1
1440,95,-1
1440,13,-1
1440,5,-1
987,6,-1
1440,5,-1
1439,5,-1
1433,4,-1
1388,4,-1
1439,4,-1
1436,4,-1
1206,4,-1
1427,12056,-1
20,61,1
1438,62,-1
1438,14,-1
20,11,1
1439,48,-1
1407,12,-1
20,12,1
1440,148,-1
1440,19,-1
20,13,1
1440,45,-1
921,14,-1
20,10,1
1440,2499,-1
1440,21,-1
20,12,1
1216,40,-1
1434,702,-1
20,26,1
1440,70,-1
1235,15,-1
20,14,1
1411,45,-1
1440,7821,-1
20,30,1
1440,34,-1
1238,7,-1
20,5,1
1440,9178,-1
1440,23,-1
20,11,1
1193,31,-1
1434,22377,-1
20,47,1
1440,47,-1
1433,8,-1
20,5,1
1435,19,-1
1125,6,-1
20,5,1
1440,401,-1
1439,9,-1
20,5,1
1434,21,-1
1148,6,-1
20,5,1
1437,277,-1
20,424,-1
557,1081,1
20,114,-1
558,259,1
20,118,-1
1480,791,1
1347,115,1
20,88,-1
562,45898,-1
69,7446,-1
555,326,1
20,105,-1
557,169,1
20,68,-1
1226,248,1
20,96,-1
1480,317,1
20,57,1
20,20,1
1480,265,1
90,99,1
20,57,-1
1342,54040,-1
1318,919,-1
1436,17,-1
1249,10,-1
1298,8,-1
20,511,1
562,1140,1
20,162,-1
1437,64531,-1
1440,46,-1
20,17,1
1121,49,-1
1440,11,-1
20,11,1
1028,44,-1
1436,235,-1
20,16,1
1434,39,-1
1440,10,-1
20,8,1
1358,36,-1
20,560,1
1432,32143,-1
1438,31,-1
20,13,1
1181,47,-1
1440,192,-1
20,14,1
1440,41,-1
1285,10,-1
20,6,1
1338,28,-1
20,330,1
568,1486,1
20,177,-1
403,51728,-1
20,37368,1
1440,59839,-1
1430,50,-1
20,16,1
1091,40,-1
1440,11,-1
20,8,1
1439,40,-1
1438,9,-1
20,6,1
1434,31,-1
1434,8,-1
20,6,1
1154,30,-1
20,10,1
1440,32,-1
1119,9,-1
20,6,1
569,837,1
20,109,-1
1440,10947,-1
1438,26,-1
20,11,1
1399,36,-1
1440,10,-1
20,9,1
1440,30,-1
1292,9,-1
20,6,1
565,1107,1
20,84,-1
1440,16474,-1
1435,27,-1
20,11,1
1440,42,-1
854,13,-1
20,10,1
1440,63,-1
20,89,-1
1440,936,-1
1438,17,-1
20,10,1
1440,38,-1
1439,10,-1
20,8,1
1382,32,-1
1440,7,-1
20,6,1
1440,20,-1
1374,7,-1
20,8,1
1440,31,-1
1440,9,-1
20,7,1
1440,22,-1
1419,8,-1
1431,4,-1
1433,3,-1
1440,4,-1
1214,4,-1
1026,4,-1
1440,4,-1
1435,21,-1
1439,4,-1
1433,2,-1
1430,2,-1
1411,2,-1
1428,2,-1
1434,3,-1
1434,2,-1
676,4,-1
1440,4,-1
1283,2,-1
20,270,1
557,659,1
20,110,-1
1428,38224,-1
1430,60,-1
20,16,1
1435,86,-1
1420,16,-1
20,9,1
1401,43,-1
1347,14,-1
20,10,1
1427,35,-1
20,6,1
1440,22,-1
1440,5,-1
20,4,1
1440,17,-1
1436,5,-1
20,4,1
1438,17,-1
1038,5,-1
20,4,1
985,29,-1
1440,8,-1
20,6,1
1358,16,-1
1440,741,-1
20,16,1
1440,27,-1
1430,8,-1
20,6,1
1440,27,-1
1440,11,-1
20,7,1
1007,39,-1
547,1407,1
1438,38367,-1
1440,48,-1
20,12,1
1236,36,-1
1440,8,-1
20,6,1
1440,26,-1
1440,6,-1
20,6,1
971,27,-1
1440,851,-1
20,18,1
1440,36,-1
1438,9,-1
20,6,1
1440,34,-1
1435,8,-1
20,6,1
1077,27,-1
1365,12,-1
20,278,1
563,1623,1
20,95,-1
1424,16565,-1
20,7,1
566,938,1
20,160,-1
564,298,1
20,166,-1
1352,22003,-1
1152,14707,-1
20,35,1
1317,56335,-1
540,41682,1
20,224,-1
565,565,1
20,247,-1
566,223,1
20,103,-1
561,345,1
20,79,-1
1420,60050,-1
1293,55,-1
20,15,1
569,7485,1
20,132,-1
569,328,1
20,90,1
20,5,1
1440,28,-1
1411,8,-1
20,6,1
1440,27,-1
953,11,-1
20,7,1
565,1649,1
20,128,-1
1434,14778,-1
1440,42,-1
20,14,1
1063,38,-1
1440,563,-1
20,12,1
1428,28,-1
1440,7,-1
20,7,1
1440,32,-1
1440,8,-1
20,7,1
1440,31,-1
1108,12,-1
20,11,1
1383,7,-1
20,7,1
1291,22,-1
20,44219,1
1439,3847,-1
20,34,1
1438,48,-1
1284,11,-1
20,9,1
1440,3245,-1
1373,23,-1
20,13,1
1066,38,-1
1437,200,-1
20,19,1
1324,37,-1
1435,1541,-1
20,19,1
1440,47,-1
1242,11,-1
20,9,1
1429,36,-1
1430,8,-1
20,7,1
1438,40,-1
1309,7,-1
20,6,1
1301,32,-1
566,1187,1
20,95,-1
559,660,1
20,137,-1
1436,8896,-1
1337,28,-1
20,14,1
1362,694,-1
1327,721,-1
20,15,1
1433,2193,-1
1408,26,-1
20,13,1
1322,46,-1
1436,1097,-1
20,18,1
1309,40,-1
1438,733,-1
20,14,1
1394,31,-1
1440,13,-1
1429,3,-1
20,3,1
1166,15,-1
1042,11297,1
20,82,-1
1432,37362,-1
1440,31,-1
20,11,1
1270,28,-1
1435,5,-1
20,5,1
1440,20,-1
1432,6,-1
20,5,1
1440,17,-1
1202,5,-1
20,5,1
563,683,1
20,172,-1
1437,16459,-1
1421,34,-1
20,11,1
1284,32,-1
1440,151,-1
1376,10,-1
20,8,1
1440,32,-1
939,8,-1
20,11,1
1440,65,-1
1435,13,-1
20,9,1
1440,28,-1
1429,7,-1
20,7,1
1436,28,-1
1415,8,-1
20,5,1
1284,20,-1
1438,9529,-1
20,18,1
1301,27,-1
574,806,1
20,128,-1
959,586,1
20,99,-1
1403,2907,-1
1334,18,-1
1368,10,-1
20,9,1
1440,2284,-1
1440,16,-1
20,9,1
1405,45,-1
1412,14,-1
1008,9,-1
544,261,1
20,188,-1
1432,12999,-1
1440,39,-1
20,15,1
1184,66,-1
1440,14,-1
20,8,1
1438,42,-1
1440,13,-1
20,9,1
1376,39,-1
1437,13,-1
20,7,1
1405,41,-1
20,5,1
1440,19,-1
1383,5,-1
20,4,1
1440,837,-1
1439,9,-1
20,6,1
1440,22,-1
1437,8,-1
20,6,1
1440,21,-1
1440,8,-1
1077,5,-1
1440,5,-1
1440,4,-1
1192,3,-1
1439,3,-1
1440,3,-1
1440,3,-1
1076,4,-1
1440,5,-1
1428,5,-1
1343,3,-1
20,286,1
1431,3,-1
1357,3,-1
1423,3,-1
1423,3,-1
1389,2,-1
960,2,-1
1325,3,-1
455,405,1
20,237,-1
565,1297,1
20,171,-1
349,49005,-1
546,407,1
20,140,-1
1129,1987,1
20,185,-1
1426,694,1
250,241,1
20,114,-1
532,216,1
20,199,-1
1246,539,1
20,178,-1
472,247,1
20,13,1
1439,68,-1
1156,9,-1
20,330,1
1440,2746,-1
1440,20,-1
20,12,1
1439,45,-1
1440,14,-1
20,14,1
989,50,-1
1440,17,-1
20,12,1
1437,49,-1
1402,15,-1
20,12,1
1440,222,-1
1439,15,-1
20,11,1
1440,47,-1
1440,14,-1
1371,9,-1
1429,8,-1
1365,7,-1
1363,28,-1
20,17,1
1440,42,-1
1287,12,-1
20,7,1
1440,3289,-1
1440,18,-1
20,11,1
1027,31,-1
1438,1172,-1
20,20,1
1440,53,-1
1428,11,-1
20,9,1
1216,39,-1
1437,546,-1
20,20,1
1440,33,-1
1435,9,-1
20,7,1
1060,28,-1
20,3589,-1
354,13506,-1
463,1867,1
20,56,-1
1437,36901,-1
1434,47,-1
20,17,1
1432,94,-1
1440,12,-1
20,9,1
1440,34,-1
1048,11,-1
20,126,1
1440,1927,-1
1430,15,-1
20,11,1
1440,74,-1
1440,11,-1
20,9,1
1440,30,-1
1440,9,-1
20,7,1
1071,29,-1
1440,11,-1
958,7,-1
20,384,1
585,3042,1
20,19,1
1440,43,-1
1434,11,-1
20,9,1
1440,34,-1
859,12,-1
20,8,1
568,1788,1
20,85,-1
1440,21588,-1
1439,37,-1
20,13,1
1197,44,-1
1440,28031,-1
20,47,1
1440,43,-1
1440,10,-1
20,9,1
1440,33,-1
1439,9,-1
20,12,1
1440,34,-1
1108,9,-1
20,9,1
1431,22623,-1
20,29,1
1437,59,-1
1189,19,-1
20,11,1
1344,3536,-1
1278,22523,-1
20,35,1
1350,48197,-1
555,397,1
20,50,-1
1438,54421,-1
1417,48,-1
20,16,1
1193,68,-1
571,2406,1
20,158,-1
1338,51135,-1
61,747,1
1440,176,-1
1338,15,-1
20,10,1
1438,238,-1
1072,18,-1
20,17,1
1440,40,-1
1440,8,-1
20,5,1
1434,24,-1
1440,8,-1
20,5,1
1426,25,-1
1440,9,-1
850,5,-1
20,186,1
553,3947,1
20,187,-1
1435,30843,-1
1401,60,-1
20,15,1
1438,54,-1
1440,13,-1
20,9,1
1440,41,-1
1183,11,-1
20,9,1
1440,34,-1
1253,9,-1
562,1414,1
20,59,-1
1280,547,1
20,177,-1
255,2619,-1
567,4535,1
20,130,-1
1355,5506,-1
1440,663,-1
20,21,1
1427,41,-1
1434,9,-1
20,8,1
1020,32,-1
1440,1417,-1
20,18,1
1440,35,-1
1100,10,-1
20,7,1
1439,1268,-1
1360,9,-1
20,7,1
572,826,1
20,118,-1
1430,32057,-1
1440,55,-1
20,22,1
1440,48,-1
1440,11,-1
20,8,1
1440,31,-1
1389,10,-1
20,6,1
875,28,-1
1432,8,-1
20,7,1
1440,27,-1
1440,8,-1
20,6,1
20,34,-1
1440,8151,-1
20,21,1
1440,31,-1
880,9,-1
20,8,1
1440,1214,-1
1440,11,-1
20,8,1
20,14,1
1439,36,-1
1176,9,-1
20,6,1
1440,30,-1
1440,7,-1
20,5,1
1438,22,-1
772,8,-1
20,4,1
1440,7542,-1
1381,17,-1
20,9,1
20,297,1
1440,2174,-1
1434,19,-1
20,11,1
1440,43,-1
1431,9,-1
20,9,1
1440,31,-1
1433,9,-1
20,7,1
1440,30,-1
20,14,1
1411,1029,-1
1342,80,-1
20,18,1
1440,1016,-1
1195,15,-1
20,11,1
1354,70,-1
20,931,1
1440,1155,-1
1436,22,-1
20,13,1
1440,46,-1
1047,13,-1
20,12,1
1436,22254,-1
1438,34,-1
20,14,1
1440,43,-1
1440,11,-1
20,13,1
1163,41,-1
1440,11,-1
20,6,1
20,21,1
1440,38,-1
1200,9,-1
20,7,1
1440,10727,-1
1440,29,-1
20,13,1
1377,39,-1
1438,10,-1
20,9,1
1440,36,-1
1037,13,-1
20,9,1
1376,1747,-1
1440,1208,-1
20,20,1
1440,43,-1
1071,16,-1
20,16,1
1440,6064,-1
1440,20,-1
20,13,1
1440,43,-1
1417,14,-1
20,14,1
1440,28,-1
1061,8,-1
20,6,1
1439,427,-1
1431,13,-1
20,8,1
1280,39,-1
566,949,1
20,88,-1
1440,19381,-1
1433,33,-1
20,12,1
1440,37,-1
1189,12,-1
20,9,1
1332,30,-1
1440,1386,-1
20,16,1
1432,35,-1
1430,9,-1
20,6,1
1110,23,-1
1419,28943,-1
1432,26,-1
1381,19,-1
20,13,1
82,2738,-1
1435,298,-1
20,22,1
1440,38,-1
1440,8,-1
20,9,1
1439,22,-1
1125,6,-1
20,6,1
1440,20,-1
1438,6,-1
20,6,1
1440,25,-1
1440,9,-1
20,7,1
985,23,-1
1440,286,-1
20,12,1
1433,25,-1
1085,10,-1
20,247,1
1431,10712,-1
20,20,1
1243,46,-1
1440,10,-1
20,8,1
1151,33,-1
563,1366,1
20,144,-1
1440,1199,-1
1432,18,-1
20,9,1
1256,32,-1
1437,18468,-1
20,38,1
1440,41,-1
1017,11,-1
20,7,1
1359,1195,-1
1440,769,-1
20,23,1
1326,44,-1
571,2850,1
20,110,-1
580,691,1
1281,4,-1
20,4,1
1259,17,-1
1432,21297,-1
20,33,1
1440,36,-1
1229,7,-1
20,5,1
1440,1253,-1
1397,9,-1
20,7,1
1270,32,-1
1381,1221,-1
20,19,1
1374,1693,-1
1440,229,-1
20,20,1
1438,31,-1
1436,8,-1
20,6,1
1437,13,-1
894,4,-1
20,5,1
550,761,1
1028,14,-1
1440,9,-1
1112,4,-1
20,291,1
566,1622,1
20,149,-1
1436,15344,-1
1293,34,-1
20,12,1
1433,23488,-1
1438,46,-1
20,14,1
1427,43,-1
1160,12,-1
20,8,1
1437,551,-1
1361,10,-1
20,8,1
972,33695,-1
1437,25186,-1
20,41,1
1416,51,-1
1434,9,-1
20,7,1
1440,5,-1
707,3,-1
1440,2,-1
1439,3,-1
1272,4,-1
20,162,1
561,1825,1
20,136,-1
1432,46797,-1
1440,63,-1
20,18,1
1435,50,-1
800,13,-1
20,9,1
1440,39,-1
1001,10,-1
20,9,1
1440,50,-1
1440,7,-1
20,6,1
1440,28,-1
1440,9,-1
20,8,1
1440,38,-1
1427,25699,-1
1378,33,-1
20,11,1
1268,39,-1
1440,7846,-1
20,25,1
1440,39,-1
1386,7,-1
20,7,1
1433,37,-1
1424,10,-1
20,9,1
1433,34,-1
1435,9,-1
20,6,1
1421,34,-1
1440,8,-1
20,6,1
1038,30,-1
569,1242,1
20,165,-1
1440,10916,-1
1386,20,-1
20,8,1
20,12,1
1107,29,-1
1440,7,-1
20,4,1
1342,28,-1
565,759,1
20,123,-1
1440,5406,-1
1248,14,-1
20,8,1
1438,28263,-1
1302,33,-1
20,13,1
1440,37448,-1
1440,37,-1
20,15,1
1053,42,-1
1440,444,-1
20,13,1
1440,35,-1
1181,10,-1
20,8,1
1439,1570,-1
1430,17,-1
20,19,1
1440,31,-1
1440,6,-1
20,4,1
1355,16,-1
1437,255,-1
20,11,1
1440,21,-1
1418,5,-1
20,4,1
1440,10,-1
1299,4,-1
1418,2,-1
1440,3,-1
958,2,-1
20,157,1
1440,278,-1
1309,7,-1
20,6,1
565,3348,1
20,59,-1
1440,6961,-1
1436,10,-1
20,6,1
1266,36,-1
568,6011,1
20,181,-1
562,389,1
20,89,-1
1440,8240,-1
1434,25,-1
20,12,1
1440,36,-1
1055,10,-1
20,8,1
1440,216,-1
1428,11,-1
20,9,1
1440,27,-1
1398,7,-1
20,6,1
1440,19,-1
1440,6,-1
20,5,1
982,16,-1
1391,3,-1
20,4,1
554,1040,1
20,16,1
1440,48,-1
1440,11,-1
20,8,1
1085,31,-1
1440,11,-1
20,8,1
1440,32,-1
1434,11,-1
20,9,1
1328,29,-1
1440,1023,-1
20,17,1
1440,33,-1
1438,9,-1
20,6,1
1053,25,-1
575,2491,1
20,128,-1
561,189,1
20,59,-1
1435,24436,-1
1216,41,-1
20,11,1
20,9,1
1431,37,-1
1425,9,-1
20,9,1
1438,32,-1
1434,12,-1
20,11,1
1331,30,-1
20,481,1
1437,12173,-1
1440,30,-1
20,11,1
1439,32,-1
1107,9,-1
20,8,1
1440,2391,-1
1440,24,-1
20,11,1
1196,46,-1
1440,12,-1
20,8,1
1440,38,-1
1248,10,-1
20,10,1
20,72,-1
584,751,1
20,77,-1
1440,175,-1
1096,7,-1
20,5,1
1440,21,-1
1440,6,-1
20,6,1
1440,22,-1
1437,7,-1
20,5,1
1440,18,-1
1438,4,-1
20,3,1
1440,17,-1
1129,4,-1
20,3,1
1428,8,-1
1440,3,-1
20,4,1
1343,13,-1
563,728,1
20,130,-1
1440,7,-1
20,6,1
1440,25,-1
994,6,-1
20,5,1
1440,8919,-1
1438,23,-1
20,12,1
1124,56,-1
1440,9,-1
20,6,1
1100,29,-1
20,42769,1
1432,9149,-1
1323,30,-1
20,11,1
1440,39,-1
1395,13,-1
20,13,1
1436,44,-1
1434,16,-1
20,9,1
1384,35,-1
1424,161,-1
1437,4533,-1
1440,20,-1
20,8,1
1437,30,-1
1440,7,-1
20,4,1
950,17,-1
1439,5,-1
20,6,1
1440,22,-1
1361,8,-1
20,6,1
1440,17590,-1
1440,22,-1
20,9,1
1439,22,-1
1438,6,-1
20,5,1
1440,21,-1
1322,5,-1
20,4,1
1344,15,-1
567,256,1
20,148,-1
20,5,1
1390,13,-1
1440,3,-1
20,3,1
1440,12,-1
1435,5,-1
20,4,1
1439,25,-1
1435,7,-1
20,10,1
1440,24,-1
1440,9,-1
1019,5,-1
20,107,1
565,255,1
20,67,-1
559,2663,1
20,108,-1
525,49150,-1
519,60,1
20,124,-1
1437,17085,-1
1438,32,-1
20,16,1
1346,910,-1
20,530,1
1439,581,-1
1417,18,-1
20,15,1
1237,44,-1
561,15404,1
20,173,-1
560,493,1
20,133,-1
1393,1406,-1
1440,118,-1
20,27,1
1207,42,-1
563,1937,1
20,125,-1
556,928,1
20,134,-1
1320,18948,-1
566,3795,1
20,147,-1
562,2130,1
20,100,-1
457,52468,-1
1436,21,-1
20,9,1
1440,91,-1
1440,13,-1
20,10,1
1351,41,-1
1438,11,-1
20,9,1
1440,42,-1
1440,13,-1
20,8,1
1440,34,-1
930,13,-1
20,9,1
993,46,-1
1440,9,-1
20,8,1
1440,33,-1
1359,12,-1
20,251,1
1452,5470,1
109,200,1
20,53,-1
1426,14531,-1
20,24,1
568,2083,1
20,43,-1
542,54471,-1
20,39151,1
1440,17978,-1
1436,32,-1
20,12,1
1367,44,-1
1432,11,-1
20,8,1
1277,44,-1
1431,29476,-1
20,52,1
1437,57,-1
1277,15,-1
20,10,1
1439,12382,-1
1437,29,-1
20,13,1
1249,46,-1
1440,14,-1
20,11,1
1290,57,-1
20,407,-1
1440,2412,-1
1440,16,-1
20,8,1
1440,27,-1
1217,8,-1
20,6,1
1299,18,-1
1440,340,-1
20,13,1
1423,21,-1
1432,4,-1
20,4,1
1424,14,-1
1437,4,-1
20,5,1
1440,14,-1
1075,5,-1
20,2,1
580,456,1
20,50,-1
560,4499,1
20,147,-1
607,982,1
1100,14,-1
20,314,1
1440,8683,-1
1434,28,-1
20,11,1
1440,37,-1
1440,9,-1
20,8,1
1440,28,-1
1440,7,-1
20,7,1
1126,24,-1
1440,6,-1
20,6,1
1440,26,-1
1440,8,-1
20,6,1
884,19,-1
564,401,1
20,204,-1
1433,59028,-1
1440,55,-1
20,17,1
1403,98,-1
1440,18,-1
20,11,1
1048,46,-1
1440,7070,-1
20,21,1
1279,42,-1
565,1012,1
20,185,-1
1433,28337,-1
1431,49,-1
20,14,1
1430,39,-1
1440,10,-1
20,7,1
1100,30,-1
1438,18994,-1
20,36,1
1440,40,-1
1185,11,-1
20,8,1
1435,22794,-1
1440,32,-1
20,14,1
923,58,-1
1378,12,-1
20,7,1
1440,35,-1
1331,9,-1
20,6,1
1440,26,-1
1440,8,-1
20,5,1
1147,23,-1
566,1063,1
20,69,-1
1440,3897,-1
1440,18,-1
20,11,1
1166,43,-1
564,1455,1
20,189,-1
1440,1650,-1
1138,20,-1
20,11,1
1440,518,-1
1415,15,-1
20,8,1
1398,35,-1
20,2095,-1
563,7203,1
20,182,-1
1436,35970,-1
1440,43,-1
20,20,1
1086,54,-1
1386,19,-1
20,13,1
1440,616,-1
1274,21,-1
20,15,1
1436,235,-1
1439,17,-1
20,10,1
1383,44,-1
1440,28,-1
20,16,1
1286,38,-1
1440,6198,-1
20,24,1
1437,40,-1
1420,12,-1
20,9,1
20,115,-1
1440,14029,-1
1416,34,-1
20,10,1
1203,38,-1
1437,689,-1
20,15,1
1427,37,-1
1419,12,-1
20,8,1
1328,30,-1
1433,8,-1
20,6,1
1411,27,-1
1440,7,-1
20,6,1
767,23,-1
569,5939,1
20,111,-1
565,710,1
20,142,-1
563,2024,1
20,140,-1
438,38983,1
554,274,1
20,88,-1
1467,661,1
105,119,1
20,61,-1
767,53610,-1
544,28127,1
20,205,-1
1189,251,1
20,66,-1
505,6080,-1
560,128,1
20,145,-1
562,262,1
20,74,-1
822,164,1
20,114,-1
558,126,1
20,66,-1
353,48173,-1
569,226,1
20,140,-1
561,119,1
20,61,-1
20,8,1
1440,26,-1
1440,6,-1
20,5,1
1004,23,-1
1435,7,-1
20,5,1
1440,25,-1
1439,7,-1
20,6,1
1437,17,-1
997,6,-1
20,5,1
1440,16,-1
1440,6,-1
1427,4,-1
1110,3,-1
1440,2,-1
1156,2,-1
20,160,1
1435,1646,-1
1433,28,-1
20,10,1
1440,36,-1
20,13,1
568,481,1
20,133,-1
1440,21420,-1
1440,25,-1
20,9,1
1111,42,-1
1434,38185,-1
20,65,1
1438,47,-1
1292,12,-1
20,9,1
1440,38,-1
1039,10,-1
20,9,1
1440,38,-1
1405,9,-1
20,11,1
1436,37,-1
1440,9,-1
20,7,1
1434,30,-1
1440,9,-1
20,7,1
1432,12,-1
20,9,1
1440,35,-1
1440,10,-1
20,7,1
1440,36,-1
1440,8,-1
20,7,1
1437,28,-1
989,9,-1
20,6,1
1438,25,-1
962,9,-1
20,6,1
1440,16423,-1
1440,30,-1
20,15,1
1440,36,-1
1440,12,-1
20,6,1
1024,26,-1
1415,12,-1
20,7,1
1440,388,-1
1077,15,-1
20,10,1
1369,43,-1
1440,260,-1
20,11,1
1440,31,-1
1262,9,-1
20,5,1
1264,25,-1
1440,9,-1
1427,5,-1
1140,4,-1
20,258,1
559,3467,1
20,42,-1
1440,19154,-1
1427,35,-1
20,12,1
1430,42,-1
1383,10,-1
20,10,1
1432,230,-1
1440,9,-1
20,9,1
20,349,-1
1422,42710,-1
1414,52,-1
20,19,1
1440,62,-1
1093,17,-1
20,10,1
1370,2552,-1
570,711,1
20,129,-1
1440,2224,-1
1440,18,-1
20,9,1
1145,40,-1
1440,14198,-1
20,28,1
1440,32,-1
1235,7,-1
20,5,1
565,1113,1
20,113,-1
1437,7752,-1
1393,16,-1
20,8,1
1431,44833,-1
1440,45,-1
20,16,1
943,52,-1
1440,11,-1
20,7,1
1432,27,-1
1338,9,-1
20,10,1
1440,4222,-1
1440,17,-1
20,8,1
1422,26,-1
1440,8,-1
20,7,1
1440,26,-1
1306,8,-1
20,6,1
564,606,1
20,114,-1
1430,38783,-1
1440,49,-1
20,11,1
1376,44,-1
562,130,1
20,68,-1
1438,8597,-1
1440,23,-1
20,12,1
1423,28,-1
1436,7,-1
20,6,1
1437,25,-1
1440,8,-1
20,5,1
1439,24,-1
953,6,-1
20,7,1
1440,29,-1
1440,5,-1
20,5,1
1440,20,-1
1429,4,-1
20,4,1
1440,22,-1
1440,5,-1
20,4,1
1431,21,-1
1440,44,-1
1440,6,-1
20,5,1
1045,19,-1
1437,5,-1
20,5,1
1436,24,-1
1399,6,-1
20,4,1
1440,242,-1
1440,7,-1
20,4,1
1440,15,-1
1092,5,-1
1436,2,-1
1437,2,-1
1431,2,-1
20,3,1
1436,13,-1
1358,4,-1
20,238,1
1429,1780,-1
1440,14,-1
20,8,-1
1300,17,-1
20,640,1
565,6487,1
20,196,-1
566,583,1
20,138,-1
1431,13328,-1
1440,45,-1
20,12,1
1076,35,-1
1384,771,-1
20,23,1
1440,1629,-1
1430,17,-1
20,10,1
1440,44,-1
1423,9,-1
20,8,1
1440,86,-1
1440,6,-1
20,5,1
1080,23,-1
1440,7,-1
20,6,1
1440,33,-1
1090,7,-1
20,7,1
1440,35,-1
1440,9,-1
20,6,1
1024,27,-1
1431,30568,-1
20,56,1
1440,58,-1
1435,13,-1
20,8,1
1439,37,-1
1440,11,-1
20,8,1
1201,35,-1
1432,18176,-1
20,65,1
1438,70,-1
1080,18,-1
20,14,1
1440,48,-1
1437,13,-1
20,10,1
1415,19,-1
20,11,1
1437,47,-1
1438,10,-1
20,7,1
1409,29,-1
1435,11,-1
20,9,1
1440,33,-1
1435,10,-1
20,9,1
1440,31,-1
1440,10,-1
1389,5,-1
1440,5,-1
1201,5,-1
537,7,-1
1440,11,-1
1440,6,-1
1076,5,-1
1437,5,-1
1439,4,-1
1376,5,-1
1434,5,-1
1440,20,-1
1440,4,-1
20,3,1
1440,13,-1
975,3,-1
20,3,1
576,761,1
20,109,-1
565,334,1
20,132,-1
1440,533,-1
1420,7,-1
20,4,1
1439,16,-1
1438,5,-1
20,3,1
1440,15,-1
1389,5,-1
20,3,1
20,389,-1
1440,3073,-1
1424,17,-1
20,7,1
1406,27,-1
1440,25,-1
1438,6,-1
20,4,1
1440,19,-1
1109,5,-1
20,5,1
1440,3410,-1
1394,11,-1
20,5,1
1237,22,-1
20,840,1
559,1277,1
20,276,-1
563,1527,1
20,161,-1
1362,1307,-1
1440,1671,-1
20,24,1
1439,42,-1
1385,8,-1
20,6,1
1440,53,-1
1283,10,-1
20,7,1
20,98,-1
1434,55139,-1
1440,45,-1
20,16,1
1096,36,-1
1377,9,-1
20,7,1
1440,16099,-1
1440,22,-1
20,11,1
1160,39,-1
1424,28219,-1
20,63,1
1440,93,-1
1440,13,-1
20,8,1
843,39,-1
1440,253,-1
20,16,1
1440,29,-1
1399,7,-1
20,7,1
1440,21,-1
1403,7,-1
1434,57,-1
1359,10,-1
1440,309,-1
1428,14,-1
1437,7,-1
1414,7,-1
1437,6,-1
1436,6,-1
1439,7,-1
910,6,-1
1440,7,-1
1438,6,-1
1431,6,-1
1434,6,-1
1440,6,-1
1000,6,-1
1361,5,-1
20,297,1
452,258,1
20,80,-1
558,571,1
20,124,-1
1425,9601,-1
1440,28,-1
1440,15,-1
20,6,1
1285,30,-1
1440,7,-1
20,5,1
1440,16,-1
1437,5,-1
20,4,1
1440,19,-1
1440,6,-1
20,5,1
1439,23,-1
1440,7,-1
1433,5,-1
1429,3,-1
973,4,-1
20,224,1
565,778,1
20,132,-1
1440,4244,-1
1440,26,-1
20,10,1
1355,36,-1
1437,8,-1
1440,41,-1
1436,6,-1
20,4,1
1341,19,-1
1436,75,-1
20,8,1
1440,21,-1
1089,6,-1
20,4,1
1440,14,-1
1429,4,-1
20,3,1
1440,13,-1
1440,3,-1
20,3,1
1440,12,-1
1160,4,-1
20,183,1
559,2568,1
20,112,-1
1440,13167,-1
1190,36,-1
20,10,1
552,1650,1
20,11,1
1203,18,-1
1440,2217,-1
20,9,1
1428,16,-1
1440,2,-1
20,2,1
1440,10,-1
1038,4,-1
20,2,1
564,1022,1
20,150,-1
567,325,1
20,172,-1
565,767,1
20,119,-1
1440,55605,-1
1433,41,-1
20,15,1
1438,45,-1
1431,11,-1
20,7,1
1072,28,-1
529,593,1
20,135,-1
1420,61826,-1
1371,55,-1
20,18,1
1253,57,-1
20,45628,1
1440,1895,-1
1434,23,-1
20,11,1
1440,42,-1
1153,14,-1
20,13,1
1430,36083,-1
1412,41,-1
20,14,1
1437,41,-1
1390,9,-1
20,7,1
1260,30,-1
574,3877,1
20,140,-1
1425,54009,-1
1381,51,-1
20,14,1
1440,67,-1
1440,8,-1
20,5,1
1179,24,-1
568,3234,1
20,149,-1
563,682,1
20,50,-1
1434,20730,-1
1440,47,-1
20,17,1
1440,56,-1
1111,12,-1
20,9,1
1440,35,-1
1146,9,-1
20,9,1
1440,151,-1
1440,16,-1
20,12,1
1153,34,-1
1440,503,-1
20,18,1
1423,37,-1
565,622,1
20,47,-1
1440,24033,-1
1440,31,-1
20,15,1
1440,51,-1
966,14,-1
20,9,1
1440,1244,-1
1437,17,-1
20,14,1
1180,45,-1
1440,559,-1
20,16,1
1439,42,-1
1402,9,-1
20,7,1
1440,141,-1
1204,15,-1
20,7,1
566,2714,1
20,160,-1
1438,4261,-1
1405,24,-1
1401,7,-1
1395,6,-1
1389,5,-1
1418,6,-1
1409,4,-1
1405,6,-1
1414,6,-1
1422,4,-1
1348,5,-1
1428,7,-1
1420,5,-1
1056,8,-1
1439,8,-1
1434,6,-1
1099,6,-1
1418,9,-1
1229,8,-1
1087,18,-1
1414,17,-1
1185,17,-1
1204,17,-1
1320,11,-1
1269,79,-1
1192,16,-1
1440,9,-1
20,6,1
1076,22,-1
1439,24686,-1
20,54,1
1440,50,-1
1440,9,-1
20,5,1
1098,18,-1
1440,6,-1
20,5,1
1100,22,-1
1440,6,-1
20,5,1
1440,33,-1
1440,10,-1
20,7,1
1440,28,-1
1302,9,-1
20,8,1
1438,39121,-1
1440,42,-1
20,14,1
1215,52,-1
20,18,1
1440,4751,-1
1440,19,-1
20,11,1
1104,40,-1
1436,11680,-1
20,31,1
1437,50,-1
1245,10,-1
20,7,1
1437,7846,-1
1433,21,-1
20,11,1
1248,41,-1
1218,2180,-1
20,15,1
1440,1200,-1
1407,20,-1
20,14,1
1319,52,-1
564,619,1
20,221,-1
1440,2680,-1
1391,20,-1
20,21,1
1440,47,-1
1378,12,-1
20,8,1
1440,787,-1
1392,14,-1
20,43,1
1440,316,-1
1440,15,-1
20,14,1
1440,48,-1
1033,10,-1
20,8,1
1440,36,-1
1440,9,-1
20,9,1
885,39,-1
1440,12,-1
20,10,1
1440,47,-1
1438,11,-1
1378,4,-1
1416,4,-1
1424,4,-1
1440,60,-1
1440,12,-1
20,9,1
1438,41,-1
853,10,-1
20,9,1
1440,49,-1
1020,9,-1
20,8,1
1440,30,-1
1440,8,-1
20,7,1
1440,32,-1
1440,9,-1
20,7,1
1431,38,-1
1440,7,-1
1397,5,-1
1439,5,-1
1000,4,-1
1435,4,-1
1431,4,-1
1393,3,-1
1412,4,-1
1440,46,-1
1433,13,-1
20,11,1
1440,46,-1
1229,13,-1
20,9,1
1438,40,-1
1290,16,-1
20,12,1
1439,37,-1
1440,11,-1
20,10,1
1437,36,-1
898,14,-1
20,11,1
564,6932,1
20,133,-1
1439,59652,-1
1440,48,-1
20,20,1
1433,51,-1
1433,11,-1
20,8,1
1326,27,-1
20,8,1
1440,32,-1
1011,16,-1
20,8,1
1437,2719,-1
1432,31,-1
20,13,1
1437,34,-1
1439,11,-1
20,9,1
1440,24,-1
978,10,-1
20,7,1
573,1939,1
20,183,-1
566,327,1
20,79,-1
1440,1529,-1
1440,10,-1
20,6,1
1440,22,-1
1431,5,-1
20,4,1
1440,12,-1
1344,30,-1
20,364,1
1440,546,-1
1437,17,-1
1419,6,-1
1271,6,-1
20,323,1
1437,1711,-1
1440,20,-1
20,13,1
1440,41,-1
981,13,-1
20,11,1
1434,589,-1
1440,14,-1
20,10,1
1197,34,-1
1435,6473,-1
20,26,1
1436,49,-1
1436,10,-1
20,10,1
1440,79,-1
938,11,-1
20,412,-1
1426,41249,-1
1429,40,-1
20,16,1
1438,103,-1
1440,15,-1
20,10,1
1131,37,-1
568,1235,1
20,212,-1
1301,9485,-1
1433,11081,-1
20,25,1
1440,62,-1
1153,15,-1
20,11,1
1437,1519,-1
1294,18,-1
20,8,1
1437,10057,-1
1440,25,-1
20,14,1
1411,37,-1
1425,9,-1
20,11,1
1336,21,-1
1440,1496,-1
20,13,1
1186,22,-1
1439,7,-1
20,4,1
1437,18,-1
1432,6,-1
20,5,1
1356,18,-1
1439,219,-1
20,10,1
1440,25,-1
1428,5,-1
20,5,1
1440,22,-1
1201,6,-1
20,4,1
1440,291,-1
1440,8,-1
20,4,1
1428,17,-1
1000,5,-1
1422,22,-1
20,12,1
1069,53,-1
1435,288,-1
20,23,1
1438,43,-1
1313,11,-1
20,8,1
571,375,1
20,163,-1
402,42448,-1
20,39041,1
1440,37369,-1
1415,48,-1
20,22,1
1437,70,-1
1251,16,-1
20,14,1
1440,51,-1
1110,14,-1
20,14,1
1440,43,-1
1079,14,-1
20,11,1
1440,55,-1
1044,10,-1
20,10,1
1440,41,-1
1440,11,-1
20,8,1
1440,38,-1
1430,11,-1
20,9,1
1439,30,-1
1437,7,-1
20,8,1
1440,31,-1
1440,9,-1
1435,4,-1
1154,4,-1
1440,4,-1
1438,4,-1
1431,4,-1
639,5,-1
190,123,1
20,158,-1
1334,3855,-1
439,1629,1
1341,45,-1
565,1015,1
20,85,-1
565,9285,1
20,126,-1
1431,39598,-1
1437,39,-1
20,17,1
1439,49,-1
1025,11,-1
20,9,1
1440,40,-1
1440,10,-1
20,8,1
973,25,-1
1440,10587,-1
20,34,1
1440,40,-1
1440,8,-1
20,8,1
1436,30,-1
1427,7,-1
20,7,1
1358,35,-1
20,38,1
1439,52,-1
1439,16,-1
20,10,1
1440,50,-1
1185,12,-1
20,10,1
1440,6019,-1
1440,20,-1
20,11,1
1153,40,-1
1440,11,-1
20,9,1
1431,39,-1
1439,9,-1
20,8,1
1430,36,-1
1434,13,-1
20,10,1
1440,37,-1
1203,12,-1
20,9,1
1421,40,-1
1399,57,-1
560,63461,1
20,226,-1
734,64531,-1
562,2588,1
20,130,-1
857,58471,-1
560,2738,1
20,168,-1
564,9264,1
20,181,-1
750,60324,-1
20,42531,1
633,61432,-1
20,50,1
566,37520,1
20,210,-1
564,462,1
20,117,-1
568,5509,1
20,155,-1
582,64531,-1
20,44081,1
559,48443,1
20,235,1
564,662,1
20,141,-1
572,204,1
20,125,-1
568,1620,1
20,141,-1
570,124,1
20,103,-1
1414,290,1
342,112,1
20,215,-1
562,8517,1
20,166,-1
560,676,1
20,91,-1
529,64531,-1
20,40525,1
268,60750,-1
74,45167,-1
547,56833,1
20,379,-1
554,189,1
20,148,-1
413,64531,-1
20,11,1
1423,40,-1
20,13,-1
20,14,1
572,2296,1
20,160,-1
831,37984,-1
1439,32978,-1
20,54,1
1426,60,-1
1435,13,-1
20,10,1
1085,54,-1
1440,12,-1
20,8,1
1251,31,-1
1437,26510,-1
20,37,1
1437,60,-1
1440,13,-1
20,10,1
1421,38,-1
1437,12,-1
20,9,1
1288,33508,-1
556,8219,1
20,281,-1
569,63771,-1
20,38326,1
454,43105,-1
20,206,1
568,3561,1
20,189,-1
562,478,1
20,155,-1
1343,59183,-1
1440,554,-1
20,42,1
1436,62,-1
1399,12,-1
20,10,1
1440,42,-1
1304,11,-1
20,11,1
1427,39,-1
1418,10,-1
20,10,1
1410,45,-1
20,11,1
1440,14498,-1
1440,22,-1
20,8,1
1440,30,-1
1440,8,-1
20,5,1
1180,24,-1
1440,7,-1
20,6,1
1241,22,-1
20,949,1
565,1046,1
20,92,-1
1440,2287,-1
1438,18,-1
20,12,1
1440,38,-1
1432,10,-1
20,7,1
1440,35,-1
1151,9,-1
20,6,1
1440,22,-1
1431,10,-1
1403,5,-1
1341,5,-1
1417,5,-1
1226,4,-1
1412,140,-1
1434,10,-1
1351,5,-1
20,134,1
1433,326,-1
1440,9,-1
1335,4,-1
1421,4,-1
1439,5,-1
1349,7,-1
1371,5,-1
1429,5,-1
1406,5,-1
1421,6,-1
1430,5,-1
1400,5,-1
1434,5,-1
1409,4,-1
1353,4,-1
20,8,1
1440,38,-1
996,11,-1
20,13,1
1440,31244,-1
1440,42,-1
20,15,1
1440,48,-1
1434,15,-1
20,9,1
1439,40,-1
1440,10,-1
20,9,1
1040,34,-1
1440,12,-1
20,9,1
1440,39,-1
1440,11,-1
20,9,1
1440,33,-1
1154,12,-1
20,11,1
577,2647,1
20,151,-1
20,7,1
1122,32,-1
1440,9,-1
20,7,1
1438,32,-1
1440,12,-1
20,8,1
1440,26,-1
843,7,-1
20,7,1
1440,37,-1
1440,12,-1
20,9,1
1440,37,-1
1440,12,-1
20,9,1
1440,39,-1
832,12,-1
20,28,1
1440,53,-1
1359,10,-1
1439,7,-1
1433,4,-1
1421,5,-1
1440,38,-1
1440,8,-1
20,7,1
1440,31,-1
1054,9,-1
20,9,1
1440,37,-1
1440,10,-1
20,8,1
1439,30,-1
1440,11,-1
20,7,1
1438,29,-1
1440,9,-1
1439,5,-1
1149,5,-1
1440,5,-1
930,7,-1
1440,6,-1
1351,5,-1
20,331,1
569,840,1
20,98,-1
571,3504,1
1248,24,-1
1348,9,-1
20,7,1
1320,7411,-1
574,3056,1
20,66,-1
291,5762,-1
1440,13151,-1
20,43,1
1440,67,-1
1226,14,-1
20,11,1
1437,42,-1
1261,11,-1
20,9,1
1439,2152,-1
1440,20,-1
20,11,1
1440,48,-1
1324,11,-1
20,10,1
1432,42,-1
1407,9,-1
20,7,1
1440,64,-1
1437,5,-1
20,4,1
1433,16,-1
1437,4,-1
20,4,1
1440,18,-1
1437,4,-1
20,3,1
1437,15,-1
1439,4,-1
20,4,1
1440,14,-1
1440,4,-1
20,2,1
991,9,-1
562,1034,1
20,73,-1
1440,8924,-1
1439,23,-1
20,11,1
1437,38,-1
1390,13,-1
20,9,1
559,149,1
20,95,-1
1439,18192,-1
1440,32,-1
20,11,1
1433,44,-1
1440,11,-1
20,8,1
1007,43,-1
1440,10,-1
20,7,1
1440,29,-1
1440,9,-1
1236,6,-1
1330,4,-1
20,206,1
1439,3401,-1
1440,12,-1
20,6,1
1432,40,-1
1440,10,-1
20,6,1
1176,26,-1
1207,8,-1
1438,12,-1
20,9,1
1106,42,-1
1440,9,-1
1440,5,-1
1068,4,-1
20,517,1
1436,6716,-1
1438,19,-1
20,10,1
1440,37,-1
1419,11,-1
20,11,1
1289,37,-1
564,1558,1
20,146,-1
1439,8957,-1
1339,38,-1
20,14,1
1440,43,-1
1440,13,-1
20,10,1
1440,36,-1
1276,9,-1
1432,17,-1
1386,8,-1
20,10,1
1440,123,-1
1440,11,-1
1410,8,-1
1440,8,-1
1384,5,-1
1110,6,-1
1440,6,-1
1440,5,-1
1101,6,-1
1440,8,-1
1421,6,-1
1388,7,-1
1410,7,-1
1318,8,-1
1367,10,-1
1429,9,-1
1297,8,-1
1425,11,-1
1435,13,-1
1139,8,-1
1411,10,-1
1440,86,-1
1143,13,-1
20,10,1
1215,45,-1
569,3545,1
20,100,-1
1437,58778,-1
1433,42,-1
20,14,1
1432,46,-1
1440,10,-1
20,7,1
1440,29,-1
910,9,-1
20,8,1
1440,29,-1
1314,8,-1
20,6,1
1363,28,-1
570,825,1
20,124,-1
1440,3237,-1
1406,19,-1
20,10,1
1152,35,-1
1433,488,-1
20,16,1
1281,39,-1
1403,545,-1
20,17,1
1440,246,-1
1315,9,-1
20,6,1
1344,2471,-1
1432,3919,-1
20,13,1
1434,23,-1
1439,5,-1
20,3,1
1151,9,-1
1439,256,-1
20,4,1
1418,9,-1
1415,1,-1
20,1,1
1418,5,-1
1211,1,-1
20,1,-1
1231,23,-1
20,889,1
1440,53765,-1
1406,45,-1
20,14,1
1436,48,-1
1440,15,-1
20,11,1
1437,48,-1
1416,10,-1
20,10,1
1439,46,-1
847,13,-1
20,10,1
1440,1179,-1
1440,15,-1
20,9,1
1440,32,-1
1436,8,-1
20,7,1
1427,30,-1
1440,8,-1
20,6,1
1387,26,-1
1440,145,-1
1440,14,-1
20,8,1
1440,49,-1
1296,13,-1
20,11,1
1439,45,-1
1420,8,-1
20,8,1
1439,51,-1
1358,10,-1
20,5,1
566,426,1
20,91,-1
1440,1104,-1
1178,15,-1
20,10,1
1361,3642,-1
1440,743,-1
20,17,1
1383,45,-1
1440,11,-1
20,7,1
1276,29,-1
1129,8,-1
20,7,1
1440,27418,-1
1439,34,-1
20,13,1
1259,53,-1
1440,11,-1
20,9,1
1440,43,-1
1202,11,-1
20,10,1
1440,48,-1
1438,14,-1
20,14,1
1440,45,-1
1440,14,-1
1439,8,-1
1425,7,-1
1390,8,-1
1440,76,-1
1119,12,-1
20,12,1
1137,47,-1
318,639,1
20,11,1
1135,39,-1
569,940,1
20,96,-1
568,2369,1
20,114,-1
1440,13431,-1
1425,34,-1
20,12,1
1399,39,-1
1428,15,-1
20,11,1
1432,50,-1
1438,11,-1
20,9,1
1127,31,-1
1431,29762,-1
20,50,1
1321,46,-1
1440,8610,-1
20,35,1
1421,47,-1
1425,12,-1
20,7,1
20,28,-1
568,3052,1
20,172,-1
528,64531,-1
20,39479,1
560,56965,1
20,204,-1
500,64531,-1
20,37950,1
1103,64531,-1
20,57,1
560,3631,1
20,179,-1
568,13768,1
20,137,-1
557,48116,1
20,164,-1
558,660,1
20,156,-1
611,64531,-1
566,8999,1
20,157,-1
566,944,1
20,143,-1
20,9,1
1421,32,-1
1440,8,-1
20,6,1
1440,26,-1
1014,11,-1
20,7,1
550,20034,1
20,181,-1
1435,23482,-1
1440,28,-1
20,15,1
1436,35,-1
1440,9,-1
20,8,1
591,27,-1
566,952,1
20,114,-1
1440,57024,-1
1440,44,-1
20,16,1
1136,49,-1
1413,22444,-1
20,44,1
1440,43,-1
1440,7,-1
20,6,1
1440,31,-1
1440,8,-1
20,7,1
1440,25,-1
1440,7,-1
20,6,1
1440,29,-1
1440,9,-1
20,6,1
1120,21,-1
1085,9,-1
20,5,1
568,1000,1
20,44,-1
1440,1707,-1
1440,12,-1
20,5,1
976,28,-1
1384,8,-1
20,5,1
1432,24849,-1
1313,12,-1
20,8,1
1397,30,-1
1440,7,-1
20,7,1
1438,42,-1
1001,10,-1
20,8,1
1440,34,-1
1440,9,-1
20,7,1
1321,31,-1
566,1084,1
20,133,-1
1427,47737,-1
1440,54,-1
20,17,1
1401,43,-1
1438,11,-1
20,10,1
1435,32,-1
1440,9,-1
20,7,1
1421,22,-1
20,24,1
974,40,-1
1440,619,-1
20,10,1
1440,34,-1
1091,8,-1
20,5,1
1440,1138,-1
1436,9,-1
20,6,1
1216,26,-1
1393,1293,-1
20,14,1
1440,447,-1
1440,19,-1
20,7,1
1229,32,-1
565,756,1
20,191,-1
1440,917,-1
1433,11,-1
20,10,1
801,34,-1
579,979,1
20,123,-1
565,1857,1
20,118,-1
1438,35435,-1
1440,47,-1
20,16,1
1058,43,-1
1440,1032,-1
20,22,1
1440,40,-1
1432,8,-1
20,7,1
1440,30,-1
1438,8,-1
20,7,1
1255,22,-1
1415,27778,-1
20,44,1
1440,303,-1
1431,15,-1
20,10,1
1130,41,-1
1440,12,-1
1399,5,-1
20,5,1
570,1705,1
20,156,-1
1439,59302,-1
1394,39,-1
20,16,1
1361,54,-1
1440,17,-1
20,14,1
1437,50,-1
931,16,-1
20,13,1
1428,44140,-1
1438,51,-1
20,17,1
1440,49,-1
1086,13,-1
20,12,1
1440,1894,-1
1197,18,-1
20,10,1
1433,52116,-1
1437,54,-1
20,19,1
1171,55,-1
1358,9558,-1
20,31,1
1440,1070,-1
1267,20,-1
20,10,1
1291,37,-1
1438,15000,-1
20,31,1
1440,49,-1
1218,11,-1
20,9,1
1348,11848,-1
1440,699,-1
20,19,1
1440,54,-1
1282,13,-1
20,14,1
563,694,1
20,271,-1
1440,515,-1
1408,12,-1
20,8,1
1427,50,-1
1435,1774,-1
1440,21,-1
20,10,1
1440,37,-1
1439,10,-1
20,7,1
1404,33,-1
1440,8,-1
20,6,1
1006,29,-1
1437,9,-1
20,8,1
1440,27,-1
1440,8,-1
20,6,1
1440,33,-1
1440,9,-1
20,7,1
1216,21,-1
20,711,1
1438,2900,-1
1440,16,-1
1085,6,-1
20,93,1
20,6,1
1437,40,-1
1079,12,-1
20,7,1
1438,42,-1
1432,12,-1
20,10,1
1431,41,-1
1303,12,-1
20,373,1
560,1699,1
20,102,-1
1440,4616,-1
1439,30,-1
20,13,1
1440,57,-1
1432,15,-1
20,10,1
1128,43,-1
1440,18,-1
20,11,1
1171,41,-1
1434,259,-1
20,84,1
20,8,1
572,1044,1
20,156,-1
1433,2477,-1
1436,45,-1
20,23,1
1436,49,-1
1371,14,-1
20,12,1
1437,80,-1
1426,13,-1
20,10,1
1430,39,-1
1439,13,-1
20,13,1
989,48,-1
1440,14,-1
20,11,1
1284,40,-1
567,2387,1
20,206,-1
1440,28185,-1
1432,39,-1
20,17,1
20,12,1
1436,32,-1
1438,9,-1
20,7,1
1440,28,-1
936,9,-1
20,5,1
572,920,1
20,110,-1
560,600,1
20,88,-1
1437,25343,-1
1435,25,-1
20,9,1
1440,16,-1
1440,3,-1
20,3,1
1440,10,-1
1435,3,-1
20,2,1
1440,7,-1
1421,2,-1
20,2,1
1440,7,-1
570,2608,1
20,140,-1
566,2401,1
20,102,-1
1435,11088,-1
1440,37,-1
20,12,1
1099,33,-1
1389,621,-1
20,17,1
1436,955,-1
1440,22,-1
20,12,1
1352,44,-1
1440,15,-1
20,8,1
1430,31,-1
1440,9,-1
20,9,1
1440,34,-1
1165,11,-1
20,7,1
1440,29,-1
1090,7,-1
20,169,-1
1437,16177,-1
1274,26,-1
20,8,1
1421,43035,-1
1440,91,-1
20,15,1
1440,30,-1
1440,8,-1
20,4,1
981,13,-1
1440,4,-1
20,4,1
1440,22,-1
1427,5,-1
20,4,1
1440,18,-1
1041,8,-1
20,5,1
1440,120,-1
1405,9,-1
20,6,1
1224,30,-1
487,2931,1
1428,21754,-1
1440,33,-1
20,11,1
1440,39,-1
1010,9,-1
20,7,1
1439,12293,-1
1433,29,-1
20,14,1
1216,44,-1
1440,7773,-1
20,19,1
1440,36,-1
1435,13,-1
20,10,1
1440,34,-1
1155,11,-1
20,8,1
565,2373,1
20,235,-1
1438,8593,-1
1214,29,-1
20,11,1
1421,1399,-1
1183,6,-1
20,8,1
1322,23491,-1
1430,21777,-1
20,43,1
1440,58,-1
1422,10,-1
20,7,1
1315,33,-1
1438,20399,-1
20,45,1
1440,44,-1
1437,8,-1
20,7,1
1440,35,-1
1440,8,-1
20,6,1
1034,27,-1
1372,9,-1
20,6,1
1047,27,-1
1440,502,-1
20,18,1
1440,38,-1
1428,27984,-1
1440,40,-1
20,14,1
1063,49,-1
1440,3052,-1
20,33,1
1438,58,-1
1439,14,-1
20,10,1
1404,58,-1
1440,18,-1
20,10,1
1440,42,-1
984,11,-1
20,9,1
1440,1444,-1
1440,20,-1
20,10,1
1071,35,-1
1440,11,-1
20,7,1
1440,35,-1
1324,10,-1
20,9,1
20,6,1
1437,22,-1
1440,9,-1
20,7,1
1439,23,-1
1434,8,-1
20,5,1
1435,20,-1
1437,6,-1
20,5,1
1436,20,-1
1428,5,-1
20,4,1
1440,14,-1
1367,6,-1
1410,4,-1
1440,3,-1
1134,4,-1
20,218,1
575,681,1
20,79,-1
561,1306,1
20,143,-1
539,1963,1
1440,19,-1
20,10,1
1115,34,-1
568,1935,1
20,102,-1
1440,6970,-1
1437,22,-1
20,11,1
1438,48,-1
1440,9,-1
20,6,1
1429,22,-1
1382,7,-1
20,4,1
1439,466,-1
1440,10,-1
20,6,1
1440,20,-1
1440,3,-1
20,2,1
810,9,-1
1432,2,-1
20,2,1
1440,13,-1
20,14,1
1233,39,-1
1440,1203,-1
20,17,1
1440,37,-1
1332,12,-1
20,8,1
1440,722,-1
1440,13,-1
20,8,1
961,27,-1
1440,1122,-1
20,15,1
1440,36,-1
1438,8,-1
20,6,1
1440,22,-1
1093,9,-1
20,5,1
1440,943,-1
1440,9,-1
20,7,1
1256,36,-1
1372,8,-1
20,152,-1
572,5156,1
20,111,-1
569,43941,1
20,75,-1
566,21883,1
20,179,-1
618,64531,-1
564,2666,1
20,82,-1
565,15323,1
20,89,-1
581,64531,-1
20,41324,1
670,64531,-1
20,30,1
559,2420,1
20,131,-1
568,1399,1
20,174,-1
585,64531,-1
20,39947,1
666,64531,-1
20,55,1
20,13,1
1440,33,-1
1440,8,-1
20,6,1
1437,31,-1
1440,8,-1
20,7,1
785,29,-1
564,940,1
20,108,-1
1440,46362,-1
1440,39,-1
20,15,1
1440,46,-1
1246,11,-1
20,9,1
1440,50,-1
1159,13,-1
20,12,1
1440,96,-1
1440,13,-1
20,10,1
1439,40,-1
1403,13,-1
544,268,1
20,123,-1
564,655,1
20,59,-1
561,2792,1
20,126,-1
1428,50954,-1
1435,52,-1
20,18,1
1433,50,-1
1435,11,-1
20,7,1
1440,26,-1
983,5,-1
20,4,1
1440,35,-1
1440,5,-1
20,4,1
1440,11,-1
1439,3,-1
20,2,1
1431,7,-1
1437,2,-1
20,4,1
1432,19,-1
1440,10,-1
1298,6,-1
1387,5,-1
1421,7,-1
1347,5,-1
20,549,1
1432,2760,-1
1439,25,-1
20,13,1
1422,48,-1
1433,11,-1
20,10,1
1404,56,-1
1439,11,-1
20,10,1
1440,41,-1
1388,15,-1
20,9,1
1440,38,-1
1435,10,-1
20,10,1
1440,40,-1
935,9,-1
20,25,1
1440,8522,-1
1440,25,-1
20,13,1
1060,48,-1
569,1507,1
20,212,-1
1438,592,-1
1338,20,-1
20,13,1
1437,55,-1
1413,15,-1
20,15,1
1323,42,-1
1426,15,-1
20,14,1
1235,34,-1
1436,428,-1
20,20,1
1311,40,-1
570,4229,1
20,106,-1
221,58578,-1
209,51580,1
20,461,-1
566,1004,1
20,195,-1
567,6527,1
20,111,-1
1440,2667,-1
1433,13,-1
20,8,1
1174,33,-1
1438,366,-1
20,12,1
1437,38,-1
1428,14,-1
20,10,1
1440,26,-1
1404,7,-1
20,6,1
1440,38,-1
1355,7,-1
20,7,1
1426,26,-1
1429,8,-1
20,6,1
1421,31,-1
1416,8,-1
20,6,1
1398,23,-1
1440,5,-1
20,4,1
1427,20,-1
1363,5,-1
364,361,-1
20,22,1
566,1830,1
20,158,-1
419,47606,-1
1437,32149,-1
20,56,1
1438,53,-1
1424,10,-1
20,7,1
1440,38,-1
1378,9,-1
20,8,1
1440,27,-1
1081,8,-1
20,8,1
578,1210,1
1428,5,-1
1427,6,-1
1256,3,-1
1293,334,-1
1431,9,-1
1420,4,-1
1436,3,-1
1053,2,-1
1408,317,-1
1436,9,-1
1420,4,-1
1410,4,-1
1438,4,-1
1177,3,-1
1415,333,-1
1299,14,-1
1440,6,-1
1302,6,-1
1434,6,-1
1436,6,-1
1061,7,-1
20,315,1
552,1414,1
20,144,-1
552,93,1
20,133,-1
784,64531,-1
570,2446,1
20,144,-1
1439,64531,-1
20,63,1
1440,54,-1
20,10,1
20,11,1
565,580,1
20,162,-1
565,599,1
20,129,-1
559,787,1
20,125,-1
1439,33743,-1
1427,43,-1
20,15,1
1440,53,-1
848,17,-1
20,14,1
1436,2949,-1
1409,21,-1
567,26389,1
20,191,-1
1380,2801,-1
1440,236,-1
20,23,1
1434,50,-1
1146,13,-1
20,10,1
1440,1215,-1
1425,15,-1
20,13,1
1328,39,-1
20,475,1
456,8935,-1
20,145,1
559,301,1
20,115,-1
1439,15352,-1
1433,28,-1
20,13,1
1164,32,-1
1378,1281,-1
20,17,1
1429,6454,-1
20,9,1
1438,593,-1
1440,22,-1
1381,6,-1
1380,5,-1
20,11,1
20,229,-1
568,423,1
20,112,-1
1226,59647,-1
1440,1726,-1
20,23,1
1438,59,-1
1403,11,-1
20,10,1
1236,34,-1
1429,28560,-1
20,45,1
1436,42,-1
1366,10,-1
20,7,1
1287,29,-1
1427,31062,-1
20,41,1
20,11,1
1234,46,-1
1396,10459,-1
20,45,1
1347,189,-1
1431,4441,-1
20,32,1
1291,47,-1
1434,2808,-1
20,22,1
1436,48,-1
1393,14,-1
20,9,1
1288,41,-1
1433,1299,-1
20,30,1
1311,52,-1
1376,406,-1
20,20,1
1436,1460,-1
1413,18,-1
20,9,1
1415,35,-1
1358,10,-1
1440,42,-1
1432,9,-1
20,6,1
1440,58,-1
1058,12,-1
20,55,1
565,1061,1
20,134,-1
1440,4517,-1
1440,21,-1
20,11,1
1111,53,-1
1440,11,-1
20,11,1
1440,43,-1
1135,11,-1
20,8,1
1440,599,-1
1438,16,-1
20,10,1
1440,49,-1
1136,13,-1
20,10,1
1440,42,-1
1435,55,-1
1429,12,-1
20,9,1
1440,53,-1
1431,14,-1
20,9,1
1002,32,-1
1401,967,-1
20,13,1
1440,415,-1
1180,15,-1
20,11,1
1428,30433,-1
1421,41,-1
20,21,1
1333,59,-1
1440,447,-1
20,21,1
1438,44,-1
1227,16,-1
20,11,1
1348,53,-1
1430,3509,-1
20,27,1
1440,25,-1
1440,11,-1
20,7,1
1440,36,-1
1101,9,-1
20,7,1
1330,26,-1
1439,18059,-1
20,34,1
1439,39,-1
1438,8,-1
20,5,1
1421,25,-1
1358,6,-1
20,6,1
564,909,1
20,138,-1
1440,862,-1
1439,12,-1
20,7,1
1438,36,-1
1430,9,-1
20,8,1
1042,52,-1
1440,27,-1
1437,6,-1
20,5,1
1440,34,-1
1038,7,-1
20,6,1
1309,29,-1
1440,6,-1
20,7,1
1437,29,-1
1371,7,-1
20,6,1
1440,25,-1
1427,8,-1
20,6,1
1440,86,-1
1440,9,-1
20,5,1
1440,24,-1
1440,7,-1
20,6,1
877,19,-1
573,1037,1
20,140,-1
20,1,1
575,841,1
20,196,-1
1366,28,-1
1185,429,1
20,80,-1
1373,448,-1
1436,480,-1
20,12,1
1438,28,-1
1127,8,-1
20,5,1
1440,829,-1
1413,10,-1
20,7,1
1325,24,-1
1440,541,-1
20,15,1
1439,25,-1
1440,7,-1
20,5,1
1420,21,-1
1439,6,-1
20,5,1
1440,27,-1
1042,7,-1
20,7,1
1440,36,-1
1437,10,-1
20,8,1
1440,25,-1
1437,7,-1
20,7,1
1440,25,-1
904,7,-1
20,5,1
1440,19,-1
1440,6,-1
20,5,1
1100,20,-1
565,1114,1
20,120,-1
565,2393,1
20,126,-1
563,818,1
20,100,-1
1435,35437,-1
1418,40,-1
20,6,1
571,2637,1
20,124,-1
1440,13703,-1
1439,27,-1
20,12,1
1428,36,-1
1440,9,-1
20,9,1
1440,29,-1
946,6,-1
20,7,1
1440,21,-1
1440,5,-1
20,4,1
1440,16,-1
1428,6,-1
1438,5,-1
1431,4,-1
1436,3,-1
20,5,1
1439,15,-1
1434,5,-1
1320,3,-1
1167,33,-1
20,13,1
1433,44348,-1
1418,39,-1
20,14,1
1407,43,-1
1433,11,-1
20,12,1
1298,27,-1
566,686,1
20,93,-1
1440,15740,-1
1314,23,-1
20,8,1
561,301,1
20,225,-1
1440,2131,-1
1440,15,-1
20,10,1
1166,35,-1
569,1450,1
20,140,-1
1438,27479,-1
1347,27,-1
1093,21,-1
20,10,1
1439,46,-1
1440,13,-1
20,10,1
1440,38,-1
1363,12,-1
20,10,1
1434,42,-1
1304,11,-1
20,327,1
1359,3148,-1
567,1325,1
20,191,-1
1437,10810,-1
1440,36,-1
20,12,1
990,43,-1
1440,10,-1
20,7,1
1440,36,-1
1440,10,-1
20,9,1
1045,47,-1
20,4,1
1440,26,-1
1384,8,-1
20,6,1
1340,24,-1
558,572,1
20,173,-1
1440,912,-1
1440,13,-1
20,9,1
1440,24,-1
1101,7,-1
20,5,1
1440,18425,-1
1440,21,-1
20,8,1
1003,27,-1
1440,7,-1
20,4,1
1440,18,-1
1440,7,-1
20,5,1
1440,22,-1
1368,6,-1
20,21,1
20,52,1
1382,3701,-1
1402,437,-1
20,15,1
316,1525,1
1440,90,-1
1440,10,-1
20,10,1
922,32,-1
562,625,1
20,238,-1
1408,38041,-1
1440,98,-1
20,19,1
1255,46,-1
1440,9,-1
20,8,1
1416,33,-1
1440,7,-1
20,7,1
1364,27,-1
1440,8,-1
20,7,1
20,248,-1
1440,1866,-1
1437,12,-1
20,6,1
1440,30,-1
1171,9,-1
20,7,1
1430,40,-1
1431,8,-1
20,5,1
1440,29,-1
1440,8,-1
20,6,1
1440,24,-1
1438,7,-1
20,5,1
885,21,-1
1436,20147,-1
20,35,1
1425,55,-1
1328,10,-1
20,8,1
1439,3284,-1
1420,22,-1
20,61,-1
720,64531,-1
566,7190,1
20,123,-1
566,10806,1
20,151,-1
621,64531,-1
559,3660,1
20,211,-1
455,64531,-1
560,5645,1
20,176,-1
564,3810,1
20,154,-1
561,1046,1
20,153,-1
561,4599,1
20,117,-1
569,347,1
20,83,-1
563,60055,1
20,203,-1
751,64531,-1
20,41,1
1024,5,-1
20,5,1
1438,3844,-1
1432,27,-1
20,16,1
1220,43,-1
563,1353,1
20,181,-1
555,40801,1
20,133,-1
561,494,1
20,197,-1
1433,51048,-1
1437,49,-1
20,16,1
1050,40,-1
1438,657,-1
20,27,1
1435,38,-1
1428,10,-1
20,9,1
1422,33,-1
1415,8,-1
20,7,1
1437,96,-1
20,13,1
1440,30,-1
1438,8,-1
20,5,1
1440,23,-1
1440,7,-1
1209,3,-1
20,207,1
1436,423,-1
1433,6,-1
1440,2,-1
1418,3,-1
1407,3,-1
1440,3,-1
1096,3,-1
1429,2,-1
1440,3,-1
1429,4,-1
1018,5,-1
20,279,1
561,2803,1
20,92,-1
526,2459,1
20,21,1
1438,41,-1
1440,10,-1
20,8,1
1440,34,-1
937,11,-1
20,6,1
569,6655,1
20,38,-1
1440,6458,-1
1425,21,-1
20,13,1
1440,49,-1
1099,11,-1
20,7,1
1323,3249,-1
1440,15599,-1
20,28,1
1440,34,-1
1185,8,-1
20,7,1
564,1644,1
20,116,-1
1416,13357,-1
1433,6,-1
20,8,1
1352,21,-1
1434,1770,-1
20,17,1
1440,33,-1
1434,8,-1
20,5,1
1440,17,-1
973,7,-1
1440,3,-1
1240,3,-1
1433,4,-1
1283,2,-1
20,198,1
1437,291,-1
1434,6,-1
20,5,1
1440,17,-1
1392,5,-1
1424,3,-1
1436,2,-1
794,2,-1
1434,3,-1
1310,3,-1
20,5,1
1312,2103,-1
1440,374,-1
20,18,1
1117,34,-1
1335,6,-1
20,4,1
1355,1777,-1
1369,697,-1
20,19,1
1440,3496,-1
1412,24,-1
20,12,1
1230,41,-1
1435,300,-1
20,23,1
1317,37,-1
1436,3181,-1
20,24,1
1436,35,-1
1182,8,-1
20,6,1
1440,1027,-1
20,9,1
1440,41,-1
1187,11,-1
20,8,1
1440,2865,-1
1436,22,-1
20,11,1
1440,37,-1
1420,10,-1
20,9,1
1440,33,-1
1440,11,-1
20,8,1
1440,28,-1
1168,9,-1
20,7,1
562,1649,1
20,145,-1
1440,7907,-1
1440,22,-1
20,11,1
1440,37,-1
1022,13,-1
20,8,1
1204,6,-1
20,6,1
1340,40,-1
562,1659,1
20,128,-1
1440,16324,-1
1356,29,-1
20,10,1
1440,747,-1
1440,11,-1
20,8,1
1431,27,-1
1440,7,-1
20,5,1
1440,21,-1
1440,6,-1
20,6,1
948,24,-1
1437,10,-1
20,8,1
1440,28,-1
1439,6,-1
20,6,1
1386,25,-1
1400,25,-1
1440,17,-1
20,10,1
1106,38,-1
1417,11,-1
1315,6,-1
20,250,1
564,564,1
20,181,-1
567,534,1
20,89,-1
572,235,1
20,112,-1
560,382,1
20,165,-1
1239,46521,-1
20,35855,1
718,62978,-1
20,87,1
478,54378,-1
20,48,1
550,23896,1
20,189,-1
1304,259,1
1435,16,-1
20,12,1
1440,41,-1
1052,10,-1
20,7,1
1440,23,-1
1437,8,-1
20,8,1
1440,41,-1
1429,11,-1
20,8,1
1440,31,-1
1440,8,-1
20,7,1
1440,39,-1
1431,10,-1
20,9,1
1012,29,-1
20,38124,1
1438,26953,-1
1057,52,-1
20,20,1
574,1370,1
20,118,-1
1435,1273,-1
20,35,1
1213,56,-1
1433,1034,-1
20,38,1
1364,80,-1
1384,287,-1
20,16,1
1439,761,-1
1434,26,-1
20,11,1
1031,37,-1
1440,493,-1
20,15,1
1440,32,-1
1135,10,-1
20,11,1
1440,40,-1
1434,9,-1
20,7,1
1426,31,-1
1345,10,-1
20,7,1
1425,1083,-1
20,8,1
1440,34,-1
1440,10,-1
20,7,1
1440,37,-1
1440,10,-1
20,7,1
1029,31,-1
1438,9,-1
20,8,1
1440,34,-1
1440,11,-1
1406,6,-1
1342,6,-1
20,321,1
557,4807,1
20,112,-1
1426,46309,-1
1437,47,-1
20,19,1
1440,97,-1
1002,12,-1
20,7,1
1440,43,-1
1440,36,-1
20,14,1
1058,34,-1
1440,8,-1
20,7,1
1292,27,-1
1431,29196,-1
20,56,1
1438,54,-1
1440,13,-1
20,10,1
1440,42,-1
1260,11,-1
20,10,1
1440,41,-1
1440,9,-1
20,7,1
1440,35,-1
1440,8,-1
20,7,1
905,41,-1
1440,11,-1
20,8,1
1440,36,-1
1232,24,-1
20,8,1
1437,26,-1
1426,8,-1
20,6,1
1333,34,-1
564,1622,1
20,224,-1
514,10527,-1
1438,19900,-1
20,25,1
1440,43,-1
1102,12,-1
20,9,1
1440,21804,-1
1387,30,-1
20,10,1
1348,42,-1
1430,12,-1
20,7,1
1326,40,-1
562,1589,1
20,215,-1
1421,3343,-1
20,12,1
1338,403,-1
573,1690,1
20,242,-1
566,49344,1
20,250,-1
122,2941,-1
1415,10845,-1
20,46,1
1437,210,-1
1426,21,-1
20,13,1
1057,43,-1
1440,398,-1
20,18,1
1419,33,-1
1338,8,-1
20,6,1
561,480,1
20,189,-1
1433,26788,-1
1440,34,-1
20,14,1
1358,48,-1
20,98,-1
1386,64531,-1
1440,159,-1
20,25,1
1439,63,-1
1438,13,-1
20,11,1
1405,31,-1
1431,8,-1
20,7,1
1438,31,-1
1440,8,-1
20,7,1
864,28,-1
1437,405,-1
20,13,1
1336,31,-1
1439,3689,-1
20,15,1
1427,29,-1
1313,8,-1
20,7,1
1437,33,-1
1427,10,-1
1299,13,-1
20,35569,-1
20,1193,-1
1434,1395,-1
1406,15,-1
20,9,1
1423,46,-1
1440,13,-1
1319,6,-1
1434,226,-1
1440,13,-1
1436,6,-1
1108,5,-1
20,162,1
1439,230,-1
1439,10,-1
20,6,1
1438,24,-1
1439,9,-1
1123,5,-1
20,176,1
561,1356,1
20,84,-1
1427,47470,-1
570,787,1
20,144,-1
1436,26269,-1
1440,43,-1
20,13,1
1413,54,-1
1438,10,-1
20,7,1
1439,33,-1
1080,12,-1
20,9,1
1440,34,-1
1440,9,-1
20,7,1
1440,37,-1
1440,9,-1
20,7,1
827,32,-1
570,2155,1
20,184,-1
1434,51068,-1
1438,52,-1
20,16,1
1382,44,-1
1440,54,-1
1339,10,-1
20,8,1
1317,38,-1
1343,10123,-1
20,29,1
1430,20419,-1
1435,42,-1
20,17,1
1221,56,-1
1380,4904,-1
20,26,1
1440,621,-1
1234,22,-1
20,11,1
1304,60,-1
562,733,1
20,174,-1
1435,7019,-1
1440,36,-1
20,15,1
1100,44,-1
1429,10759,-1
20,39,1
1436,501,-1
1430,20,-1
20,8,1
1174,34,-1
1376,4502,-1
20,25,1
1440,647,-1
1429,19,-1
20,12,1
1259,38,-1
1440,1660,-1
20,20,1
1201,41,-1
1440,650,-1
20,12,1
1317,26,-1
1303,7,-1
20,7,1
1346,7459,-1
1435,12402,-1
20,29,1
1440,56,-1
1343,13,-1
20,8,1
1429,10,-1
20,6,1
1020,28,-1
1440,8410,-1
20,24,1
1440,31,-1
1179,9,-1
20,7,1
1440,8881,-1
1437,20,-1
20,7,1
1437,27,-1
1266,9,-1
20,9,1
561,871,1
20,130,-1
1360,10284,-1
1440,781,-1
20,28,1
1309,52,-1
1433,5019,-1
20,33,1
1440,59,-1
645,17,-1
1409,9,-1
20,8,1
1234,35,-1
1436,23469,-1
20,43,1
1440,61,-1
1239,15,-1
20,9,1
1435,32350,-1
1440,45,-1
20,19,1
1105,54,-1
20,40593,1
1440,23401,-1
1436,40,-1
20,13,1
1228,50,-1
498,1698,-1
20,17,1
562,3175,1
20,149,-1
1153,44328,-1
563,18662,1
20,220,-1
639,2436,1
20,191,-1
1438,34069,-1
1440,41,-1
20,14,1
1440,40,-1
1434,10,-1
20,7,1
1440,42,-1
1440,8,-1
20,5,1
1440,22,-1
1440,6,-1
20,6,1
1440,18,-1
1114,5,-1
20,4,1
1440,17,-1
1440,6,-1
20,4,1
1009,17,-1
1437,5,-1
20,4,1
1440,29,-1
1440,297,-1
1440,14,-1
20,8,1
1117,29,-1
1420,310,-1
20,17,1
1440,154,-1
1417,10,-1
20,8,1
1440,29,-1
1203,9,-1
20,14,1
1440,31,-1
1440,8,-1
20,5,1
1119,17,-1
1428,22733,-1
20,52,1
1438,46,-1
1440,11,-1
20,6,1
1434,26,-1
1311,7,-1
20,6,1
1440,63,-1
1018,9,-1
20,9,1
1440,49,-1
1440,8,-1
20,7,1
1440,27,-1
1420,9,-1
20,6,1
1440,148,-1
1440,14,-1
20,9,1
1440,42,-1
1440,10,-1
20,6,1
1428,28,-1
1440,7,-1
20,7,1
1138,32,-1
1213,9,-1
1298,7,-1
20,323,1
580,589,1
20,41,-1
1428,6350,-1
20,30,1
1440,59,-1
1086,12,-1
20,8,1
1440,4149,-1
1404,18,-1
20,11,1
1239,40,-1
1440,1376,-1
20,28,1
1440,40,-1
1436,9,-1
20,8,1
1289,31,-1
1430,13163,-1
20,45,1
1434,50,-1
1335,11,-1
20,7,1
1350,316,-1
1440,349,-1
20,22,1
1141,45,-1
1305,16,-1
20,26,1
563,9920,1
20,129,-1
554,409,1
20,123,-1
1217,4968,1
20,154,1
20,108,-1
536,52,1
20,162,-1
1426,461,-1
1326,6,-1
20,5,1
556,969,1
20,183,-1
1480,253,1
1333,106,1
20,82,-1
565,16293,1
20,271,-1
552,212,1
20,148,-1
560,217,1
1427,7,-1
20,7,1
1440,35,-1
1440,8,-1
20,6,1
1433,26,-1
1440,7,-1
20,6,1
1440,20,-1
1428,7,-1
1415,5,-1
1440,5,-1
964,4,-1
20,167,1
564,825,1
20,125,-1
1440,17232,-1
1440,34,-1
20,18,1
1428,72,-1
1426,13,-1
20,11,1
1440,36,-1
1238,15,-1
20,35,1
1440,58,-1
1440,13,-1
20,10,1
1243,43,-1
1436,16,-1
20,12,1
1440,72,-1
937,14,-1
20,7,1
1440,2272,-1
1431,18,-1
20,13,1
1429,50,-1
1385,14,-1
20,10,1
1440,748,-1
1440,17,-1
20,10,1
1440,44,-1
1423,14,-1
20,14,1
1436,60,-1
1293,15,-1
1430,8831,-1
1440,37,-1
20,18,1
1440,60,-1
925,12,-1
20,10,1
1425,34,-1
1428,10,-1
20,9,1
1225,42,-1
1429,242,-1
20,32,1
1339,48,-1
1369,988,-1
20,13,1
562,1245,1
20,97,-1
1437,32027,-1
1426,47,-1
20,17,1
1243,49,-1
566,3918,1
20,184,-1
572,806,1
20,12,1
1440,38,-1
1440,7,-1
20,5,1
1440,21,-1
1039,7,-1
20,5,1
1440,25,-1
1440,6,-1
20,5,1
1440,23,-1
1262,7,-1
20,5,1
1440,15,-1
1242,7,-1
20,205,1
557,1671,1
20,139,-1
1429,56691,-1
1440,52,-1
20,17,1
1377,52,-1
1440,10,-1
20,6,1
1439,36,-1
1440,12,-1
1440,8,-1
1413,7,-1
1395,5,-1
1427,6,-1
1325,6,-1
172,669,-1
20,20,1
1438,395,-1
338,11,-1
20,2,1
567,7320,1
20,55,-1
564,6024,1
20,100,-1
1079,5229,1
20,113,-1
1440,8502,-1
1440,28,-1
20,16,1
1440,47,-1
1258,11,-1
20,8,1
1398,27,-1
1083,5,-1
20,3,1
1389,1207,-1
1440,376,-1
20,20,1
1440,40,-1
1082,8,-1
20,5,1
1440,477,-1
1440,8,-1
20,5,1
1263,26,-1
563,1222,1
20,95,-1
1440,949,-1
1440,14,-1
20,6,1
1110,27,-1
1440,371,-1
20,16,1
1347,26,-1
572,222,1
20,59,-1
1440,33,-1
1435,7,-1
20,6,1
1440,32,-1
1433,9,-1
20,5,1
1147,26,-1
1440,5,-1
20,5,1
1440,27,-1
1438,7,-1
20,5,1
1437,19,-1
1439,5,-1
20,4,1
1440,23,-1
1437,6,-1
20,6,1
1440,25,-1
1079,9,-1
20,205,1
1440,1797,-1
1440,14,-1
20,11,1
1295,16,-1
1377,5,-1
20,6,1
1436,10341,-1
1438,30,-1
20,12,1
1440,30,-1
1050,6,-1
20,6,1
1440,21,-1
1439,7,-1
20,5,1
1440,21,-1
1440,5,-1
20,4,1
1439,13,-1
1440,4,-1
20,5,1
1435,20,-1
1433,5,-1
20,4,1
1435,16,-1
1440,5,-1
20,5,1
1440,21,-1
1435,6,-1
20,6,1
1439,36,-1
992,7,-1
20,6,1
1440,29,-1
1436,7,-1
20,6,1
1440,33,-1
1432,8,-1
20,5,1
1440,32,-1
1440,8,-1
20,5,1
1029,27,-1
1440,8,-1
20,6,1
1440,32,-1
1440,7,-1
20,6,1
1437,31,-1
1227,8,-1
106,326,1
20,7,1
1440,33,-1
966,10,-1
20,5,1
570,1563,1
20,56,-1
1432,24189,-1
1406,35,-1
20,11,1
1430,48,-1
1437,13,-1
20,9,1
1439,37,-1
1440,9,-1
20,6,1
1247,28,-1
1438,21674,-1
20,42,1
1438,49,-1
1440,11,-1
20,9,1
1440,52,-1
1036,11,-1
20,11,1
20,205,-1
402,115,1
20,166,-1
554,251,1
20,204,-1
1440,1484,-1
1382,14,-1
20,11,1
1434,139,-1
1422,15,-1
20,12,1
1440,46,-1
1397,10,-1
20,8,1
1440,175,-1
1147,10,-1
1435,4,-1
981,4,-1
1419,323,-1
1356,23,-1
1427,359,-1
1115,12,-1
20,184,1
1439,218,-1
20,23,1
1440,41,-1
1440,11,-1
20,10,1
972,42,-1
1437,13,-1
20,9,1
1438,37,-1
1440,10,-1
20,7,1
1048,20,-1
1432,17866,-1
20,47,1
1431,40,-1
1440,20,-1
20,8,1
1440,42,-1
1440,11,-1
20,8,1
1437,31,-1
1440,12,-1
20,6,1
1039,23,-1
1440,8,-1
1436,4,-1
20,5,1
1440,25,-1
1417,6,-1
1402,4,-1
1440,4,-1
874,4,-1
20,175,1
1367,135,-1
563,1131,1
20,124,-1
565,5021,1
20,125,-1
562,1143,1
20,128,-1
1440,5228,-1
1439,15,-1
20,9,1
1435,18,-1
1435,4,-1
20,3,1
1394,10,-1
1438,3,-1
20,3,1
1440,3,-1
20,5,1
999,23,-1
1390,5,-1
20,4,1
567,2522,1
20,94,-1
1424,32980,-1
1440,72,-1
20,17,1
1439,37,-1
1189,11,-1
20,6,1
1440,35,-1
1429,10,-1
20,6,1
1440,27,-1
1439,7,-1
20,7,1
1440,29,-1
1348,9,-1
20,6,1
1440,34,-1
235,10,-1
1305,47,-1
20,37857,1
1440,1361,-1
1306,20,-1
20,11,1
567,718,1
20,194,-1
567,958,1
20,161,-1
1440,5292,-1
1399,22,-1
20,11,1
1336,76,-1
1437,269,-1
20,23,1
1414,36,-1
1431,6,-1
20,6,1
1440,29,-1
1004,9,-1
20,9,1
63,1935,-1
1430,51705,-1
1425,44,-1
531,53637,1
20,203,-1
1440,51356,-1
1228,43,-1
20,16,1
1438,46234,-1
1440,46,-1
20,16,1
799,56,-1
1440,18965,-1
20,52,1
1440,55,-1
1431,14,-1
20,10,1
1440,43,-1
1238,15,-1
20,11,1
1440,1537,-1
1429,18,-1
20,14,1
1357,53,-1
1439,19,-1
20,12,1
1428,47,-1
1317,7,-1
20,5,1
1435,617,-1
1394,8,-1
20,5,1
1432,36,-1
1439,7,-1
20,6,1
1440,27,-1
1162,7,-1
20,6,1
1440,25,-1
1346,8,-1
20,318,1
1437,16429,-1
1429,25,-1
20,12,1
1437,26,-1
1376,6,-1
20,5,1
1312,22,-1
559,631,1
20,144,-1
1435,27155,-1
1440,43,-1
1213,8,-1
20,7,1
1440,28,-1
1426,7,-1
20,5,1
1440,29,-1
1440,8,-1
20,6,1
1438,24,-1
1440,8,-1
20,8,1
1437,29,-1
823,8,-1
20,4,1
1436,52056,-1
1440,45,-1
20,18,1
1440,48,-1
1179,9,-1
20,9,1
1439,37,-1
1440,10,-1
20,10,1
20,16,1
1440,38,-1
1175,10,-1
20,5,1
565,792,1
20,100,-1
1431,39175,-1
1437,43,-1
20,16,1
1438,50,-1
982,14,-1
20,8,1
1436,27543,-1
1440,39,-1
20,14,1
1264,41,-1
1440,762,-1
20,17,1
1431,40,-1
1226,11,-1
20,9,1
565,2209,1
20,169,-1
580,725,1
1438,241,-1
1440,9,-1
1400,5,-1
1440,6,-1
1440,6,-1
1044,5,-1
1440,6,-1
1439,5,-1
1110,3,-1
20,285,1
1433,250,-1
1205,11,-1
20,8,1
1439,27,-1
1436,7,-1
20,6,1
1357,14,-1
20,443,1
562,2714,1
20,118,-1
1404,12560,-1
1429,79,-1
20,28,1
1430,43,-1
1157,37,-1
20,36753,1
1438,18642,-1
1425,32,-1
20,14,1
1440,54,-1
1420,16,-1
20,11,1
1440,55,-1
961,10,-1
20,8,1
1437,27605,-1
1440,34,-1
20,16,1
1040,40,-1
1437,19291,-1
20,28,1
1440,40,-1
1343,11,-1
20,7,1
1432,3791,-1
1440,25,-1
20,12,1
1355,47,-1
20,18,1
1431,59,-1
1332,19,-1
20,10,1
1437,1162,-1
1425,27,-1
20,14,1
1436,60,-1
1437,17,-1
20,11,1
1060,51,-1
1440,10,-1
1440,5,-1
445,5,-1
1440,25,-1
1435,9,-1
1121,7,-1
20,246,1
568,1785,1
20,145,-1
567,2102,1
20,112,-1
1430,46575,-1
1433,40,-1
20,21,1
1440,36,-1
1408,7,-1
20,5,1
1282,34,-1
1440,1618,-1
20,18,1
1440,40,-1
1182,11,-1
20,8,1
1434,18136,-1
1297,48,-1
20,12,1
563,2936,1
20,225,-1
1440,1208,-1
1432,25,-1
20,15,1
1036,52,-1
1393,1021,-1
20,20,1
1431,34293,-1
1426,52,-1
20,16,1
955,58,-1
1412,9,-1
20,7,1
1440,201,-1
1437,13,-1
20,9,1
1440,49,-1
1432,11,-1
20,9,1
1440,36,-1
1344,10,-1
20,9,1
1438,32,-1
840,11,-1
20,5,1
1435,33063,-1
1431,41,-1
20,12,1
1438,36,-1
1440,11,-1
20,9,1
1231,29,-1
574,1548,1
20,60,-1
20,25,1
567,5848,1
20,109,-1
1439,27349,-1
1440,35,-1
20,16,1
1140,49,-1
1440,14,-1
20,9,1
1440,37,-1
1002,10,-1
20,8,1
1439,39,-1
1440,13,-1
20,10,1
1440,32,-1
1424,10,-1
20,10,1
1440,30,-1
1128,8,-1
20,7,1
571,3179,1
20,82,-1
1373,4452,-1
1439,25,-1
20,13,1
1440,36,-1
1134,16,-1
20,8,1
709,15463,-1
20,45990,1
1436,23031,-1
1440,46,-1
20,16,1
1015,51,-1
1438,649,-1
20,18,1
1440,50,-1
1440,11,-1
20,11,1
1000,40,-1
1440,14,-1
20,9,1
1440,41,-1
1440,11,-1
20,11,1
1440,39,-1
1018,15,-1
1105,12,-1
20,10,1
1440,57,-1
1429,12,-1
20,8,1
1440,46,-1
1429,11,-1
20,10,1
1440,50,-1
1434,10,-1
20,7,1
1303,35,-1
20,42465,1
1419,11209,-1
1422,62,-1
20,17,1
908,48,-1
1438,284,-1
20,22,1
1437,51,-1
1316,15,-1
20,19,1
1436,32522,-1
1436,54,-1
20,11,1
1440,30,-1
1081,7,-1
20,6,1
1440,8298,-1
1440,32,-1
20,13,1
1440,44,-1
1348,10,-1
20,8,1
1439,37,-1
1440,11,-1
20,8,1
1038,31,-1
1440,13,-1
20,10,1
1227,36,-1
1440,282,-1
20,10,1
1440,50,-1
1440,9,-1
20,6,1
1204,25,-1
1431,9,-1
568,55711,1
20,120,-1
831,24583,-1
1355,23106,-1
20,46,1
1440,29599,-1
1440,30,-1
20,12,1
1162,35,-1
1440,9,-1
20,7,1
1440,24,-1
907,10,-1
20,7,1
1440,1995,-1
1440,15,-1
20,9,1
1259,36,-1
569,1304,1
20,190,-1
1440,29160,-1
1422,37,-1
20,14,1
1409,49,-1
20,15,1
1269,38,-1
1440,352,-1
20,17,1
1440,34,-1
1224,8,-1
20,6,1
564,1290,1
20,163,-1
1440,5788,-1
1440,30,-1
20,17,1
1085,38,-1
1440,1410,-1
20,17,1
1440,38,-1
1106,11,-1
20,9,1
1440,413,-1
1440,12,-1
20,8,1
1440,36,-1
1148,11,-1
20,6,1
20,25,1
1440,293,-1
1426,12,-1
20,9,1
1440,37,-1
1252,13,-1
20,12,1
1440,46,-1
1027,11,-1
20,9,1
1402,1300,-1
1440,164,-1
20,20,1
1440,66,-1
1440,11,-1
20,9,1
1170,28,-1
1440,10,-1
20,9,1
1440,33,-1
1105,12,-1
20,12,1
1439,36,-1
1437,15,-1
20,8,1
1413,26,-1
1336,6,-1
20,4,1
561,652,1
20,113,-1
566,5958,1
20,115,-1
572,3604,1
20,103,-1
92,294,-1
571,90,1
20,106,-1
561,1062,1
20,128,-1
559,751,1
20,77,-1
557,853,1
20,108,-1
1213,64389,-1
563,2185,1
20,182,-1
554,64531,1
20,141,1
1392,7,-1
20,5,1
1440,45,-1
1440,8,-1
20,6,1
1431,16,-1
1045,5,-1
20,5,1
1437,707,-1
1440,11,-1
20,5,1
926,22,-1
20,39750,1
1438,5986,-1
1440,22,-1
20,9,1
1437,26,-1
1289,11,-1
20,5,1
569,388,1
20,180,-1
1426,4051,-1
1353,47,-1
20,9,1
1384,30,-1
1429,7,-1
20,6,1
1440,30,-1
1430,8,-1
20,5,1
1440,23,-1
1409,6,-1
20,8,1
1030,24,-1
564,528,1
20,101,-1
1437,8576,-1
1425,20,-1
20,6,1
1440,28,-1
1437,4,-1
20,3,1
1346,6,-1
1438,158,-1
1419,3,-1
1412,1,-1
20,2,1
20,17,-1
20,110,-1
1432,36279,-1
1416,49,-1
20,19,1
1437,49,-1
1431,14,-1
20,12,1
1439,62,-1
1440,12,-1
20,9,1
1060,38,-1
566,908,1
20,171,-1
1440,26225,-1
1405,36,-1
20,21,1
1417,72,-1
1430,18,-1
20,11,1
1440,55,-1
1440,10,-1
20,8,1
1440,31,-1
936,12,-1
20,12,1
1440,47,-1
1005,11,-1
20,11,1
1337,40,-1
1428,20266,-1
20,43,1
1437,47,-1
1415,16,-1
20,13,1
1440,52,-1
1358,11,-1
20,7,1
1263,26,-1
1440,5969,-1
20,25,1
1438,32,-1
1281,9,-1
20,7,1
568,1447,1
20,123,-1
1440,3623,-1
1422,23,-1
20,7,1
1433,17,-1
20,9,1
1440,31,-1
1394,7,-1
20,5,1
1440,20,-1
886,6,-1
20,5,1
571,649,1
20,59,-1
1333,6474,-1
1440,7166,-1
20,23,1
1439,34,-1
1440,9,-1
20,8,1
1440,27,-1
992,9,-1
20,6,1
1440,271,-1
1440,11,-1
20,8,1
1260,38,-1
1435,20744,-1
1440,47,-1
1203,11,-1
20,7,1
1353,2977,-1
1440,1948,-1
20,19,1
1439,49,-1
1155,15,-1
20,9,1
1440,8282,-1
1437,20,-1
20,10,1
1146,33,-1
563,1067,1
20,110,-1
1440,7504,-1
1429,13,-1
20,8,1
1440,24,-1
1083,8,-1
20,5,1
1315,25916,-1
580,1710,1
20,212,-1
905,24,-1
1440,337,-1
20,12,1
1440,35,-1
1432,9,-1
20,6,1
1440,26,-1
1388,8,-1
20,6,1
1426,29,-1
1434,7,-1
20,7,1
1440,54,-1
1439,10,-1
20,8,1
1429,28,-1
1183,7,-1
1427,4,-1
930,2,-1
1358,171,-1
20,210,1
566,2466,1
20,73,-1
565,1518,1
969,74,-1
1430,11,-1
20,7,1
1440,57,-1
1415,11,-1
20,8,1
1440,248,-1
1440,9,-1
20,7,1
1062,22,-1
1436,5,-1
20,5,1
1440,31,-1
1438,6,-1
20,3,1
1078,18,-1
1438,5,-1
20,5,1
1440,17,-1
1440,6,-1
1416,4,-1
1432,3,-1
1046,3,-1
1440,5,-1
1437,23,-1
1433,4,-1
20,3,1
1440,13,-1
539,4,-1
20,2,1
565,10117,1
20,99,-1
1436,52930,-1
1434,54,-1
20,19,1
1268,68,-1
568,1891,1
20,99,-1
1436,64531,-1
1440,68,-1
20,20,1
911,43,-1
1440,11,-1
20,9,1
1440,31,-1
1010,8,-1
20,7,1
486,12113,1
1430,30738,-1
1440,38,-1
20,15,1
1440,50,-1
1395,8,-1
20,8,1
1440,36,-1
846,11,-1
20,8,1
1440,2613,-1
1437,16,-1
20,11,1
1366,44,-1
1440,274,-1
20,11,1
1435,23,-1
1427,5,-1
20,5,1
1432,22,-1
1093,6,-1
20,4,1
568,1169,1
20,187,-1
1166,340,1
20,42861,-1
604,64531,-1
20,41,1
583,28633,1
20,321,-1
571,148,1
20,143,-1
572,64531,-1
20,39409,1
567,64531,-1
20,36,1
527,64531,-1
20,47,1
589,64531,-1
20,58,1
623,64531,-1
20,60,1
567,11256,1
20,242,-1
563,231,1
20,128,-1
622,64531,-1
20,40626,1
555,64531,-1
1424,12,-1
20,8,1
1440,29,-1
1381,9,-1
20,6,1
1252,32,-1
1440,4424,-1
20,31,1
1435,44,-1
1044,11,-1
20,7,1
1440,31,-1
1409,7,-1
20,5,1
1228,19,-1
1434,14008,-1
20,42,1
1440,47,-1
1135,10,-1
20,8,1
1383,20854,-1
1440,200,-1
20,24,1
1398,55,-1
1440,20,-1
20,10,1
1143,37,-1
565,3724,1
20,156,-1
1437,17880,-1
1440,33,-1
20,12,1
1433,48,-1
1428,11,-1
20,9,1
1440,35,-1
1054,10,-1
20,6,1
1440,781,-1
1425,14,-1
20,8,1
1215,35,-1
1439,3746,-1
20,30,1
1440,35,-1
1161,10,-1
20,6,1
1439,753,-1
1440,31,-1
1440,7,-1
20,6,1
1136,24,-1
1440,6,-1
20,5,1
1440,21,-1
1438,7,-1
20,5,1
1310,36,-1
20,3331,-1
557,1004,1
20,198,-1
1440,52134,-1
1440,40,-1
20,19,1
944,45,-1
1439,14,-1
20,11,1
1440,43,-1
1440,10,-1
20,8,1
1440,37,-1
1389,10,-1
20,6,1
1440,30,-1
1438,8,-1
20,6,1
971,30,-1
569,450,1
20,95,-1
1440,7659,-1
1440,25,-1
20,12,1
1435,38,-1
1358,9,-1
20,8,1
1436,30,-1
1440,8,-1
20,8,1
1432,33,-1
1440,7,-1
20,5,1
1440,25,-1
1177,12,-1
20,6,1
580,1100,1
20,116,-1
20,93,-1
1431,40387,-1
1440,44,-1
20,17,1
1440,58,-1
1065,14,-1
20,10,1
1440,2431,-1
1312,15,-1
20,9,1
1437,978,-1
1440,14,-1
20,8,1
1440,30,-1
1224,10,-1
20,7,1
1364,28,-1
68,917,1
1440,390,-1
1440,13,-1
1435,5,-1
1423,3,-1
1025,4,-1
1440,4,-1
1440,15,-1
1423,7,-1
1423,7,-1
1440,6,-1
913,6,-1
20,225,1
568,631,1
20,58,-1
560,3768,1
20,97,-1
1436,41539,-1
1440,41,-1
20,13,1
1440,30,-1
1440,7,-1
20,7,1
943,28,-1
1440,6,-1
20,4,1
1440,19,-1
1439,5,-1
20,4,1
1440,22,-1
1225,6,-1
20,213,-1
567,17054,1
20,114,-1
567,331,1
20,148,-1
1440,17091,-1
1432,29,-1
20,16,1
1440,52,-1
1072,15,-1
20,14,1
1440,898,-1
1422,17,-1
20,12,1
1440,56,-1
1419,17,-1
20,13,1
1440,42,-1
967,13,-1
20,10,1
1440,20353,-1
1310,18,-1
20,9,1
1419,8643,-1
935,15,-1
1434,4,-1
20,3,1
1440,20,-1
1424,7,-1
20,6,1
1440,30,-1
1437,8,-1
20,5,1
1324,14,-1
1440,3688,-1
20,25,1
1440,28,-1
1228,7,-1
20,6,1
1440,2952,-1
1440,14,-1
20,10,1
1076,41,-1
1440,11,-1
20,7,1
1439,57,-1
1424,10,-1
20,9,1
1428,55224,-1
1440,51,-1
20,16,1
1215,57,-1
1435,11,-1
20,10,1
1440,56,-1
1439,12,-1
20,8,1
1000,37,-1
567,2191,1
20,141,-1
1437,53933,-1
1440,48,-1
20,17,1
1440,48,-1
1440,13,-1
20,12,1
1002,42,-1
1440,11,-1
20,10,1
1394,46,-1
1440,10,-1
20,7,1
1438,8,-1
20,10,1
1440,37,-1
1440,10,-1
20,9,1
1437,33,-1
1037,10,-1
20,329,1
1440,2924,-1
1440,19,-1
20,12,1
1440,39,-1
1440,11,-1
20,9,1
1081,32,-1
1440,9,-1
20,7,1
1440,37,-1
1422,10,-1
1412,6,-1
1413,5,-1
1284,4,-1
20,214,1
1440,14067,-1
20,16,1
1440,55,-1
1436,12,-1
20,10,1
1438,41,-1
1113,12,-1
20,8,1
1440,33,-1
1418,11,-1
20,9,1
1338,49,-1
561,1591,1
20,161,-1
1440,10611,-1
1425,23,-1
20,11,1
1440,41,-1
1440,12,-1
20,8,1
1439,33,-1
1114,11,-1
20,7,1
1440,9287,-1
1419,18,-1
1423,10,-1
20,7,1
1192,30,-1
1397,1927,-1
20,20,1
567,820,1
20,140,-1
566,6959,1
20,193,-1
562,2604,1
20,196,-1
1440,25998,-1
1433,28,-1
20,14,1
1398,38,-1
1429,9,-1
20,8,1
1439,29,-1
1375,8,-1
20,6,1
876,21,-1
1440,9300,-1
20,34,1
1432,35,-1
1414,23,-1
20,13,1
1333,47,-1
20,20,1
568,9306,1
20,238,-1
607,55976,-1
562,2313,1
20,178,-1
556,64531,1
20,230,-1
558,1121,1
20,189,-1
1112,179,1
20,154,-1
704,53686,-1
20,62,1
536,64531,-1
20,40,1
560,3995,1
20,218,-1
675,64531,-1
20,36935,1
517,53918,-1
1431,1701,-1
1225,7,-1
20,4,1
1299,2106,-1
1440,10321,-1
20,32,1
1414,27,-1
1307,3,-1
20,4,1
334,3468,-1
1164,303,1
20,168,-1
1440,3488,-1
1099,24,-1
20,7,1
1440,3851,-1
1436,13,-1
20,6,1
1240,35,-1
1380,1157,-1
20,14,1
1430,354,-1
1387,13,-1
20,7,1
1434,30,-1
20,15,1
1437,68,-1
1439,13,-1
20,10,1
1440,49,-1
1198,11,-1
20,10,1
1325,25,-1
1374,8881,-1
20,30,1
1440,11080,-1
1434,32,-1
20,9,1
1146,33,-1
1440,123,-1
20,14,1
1438,41,-1
972,9,-1
20,7,1
1440,31,-1
1440,8,-1
20,6,1
1175,22,-1
1440,12,-1
1440,8,-1
1015,7,-1
1440,7,-1
1440,6,-1
1143,5,-1
20,334,1
560,2626,1
20,111,-1
1440,10312,-1
1440,33,-1
20,16,1
1439,53,-1
1107,12,-1
20,9,1
960,32,-1
1438,8,-1
20,6,1
1440,37,-1
1440,8,-1
20,6,1
1439,28,-1
1440,7,-1
20,7,1
114,22174,1
1440,118,-1
1374,14,-1
20,5,1
20,572,-1
1421,10607,-1
1360,96,-1
20,19,1
1434,76,-1
1434,13,-1
20,7,1
1134,30,-1
1434,18310,-1
20,33,1
1425,42,-1
1271,12,-1
20,6,1
1280,39912,-1
564,1171,1
20,269,-1
561,1482,1
20,98,-1
481,31810,-1
571,7422,1
1430,6,-1
20,4,1
1440,18,-1
1437,4,-1
20,3,1
1440,12,-1
1439,3,-1
20,3,1
1440,10,-1
1439,4,-1
20,3,1
1440,12,-1
1085,3,-1
1420,2,-1
1440,2,-1
1410,3,-1
1289,3,-1
20,209,1
556,697,1
20,48,-1
1420,44681,-1
1440,66,-1
20,17,1
1343,42,-1
20,10,1
1440,43,-1
1431,11,-1
20,10,1
1438,58,-1
1043,12,-1
20,12,1
1440,36,-1
1440,11,-1
20,7,1
1421,28,-1
1440,16,-1
20,10,1
1416,28,-1
1438,8,-1
20,6,1
1439,33,-1
1435,8,-1
20,7,1
1440,29,-1
1440,9,-1
20,5,1
1440,16,-1
1364,7,-1
1440,22,-1
1413,6,-1
20,7,1
1440,25,-1
1434,7,-1
20,7,1
1440,20,-1
1425,8,-1
1423,4,-1
1200,3,-1
20,303,1
1438,705,-1
1433,10,-1
20,7,1
1440,24,-1
1440,7,-1
20,5,1
1440,18,-1
1198,6,-1
1439,4,-1
1293,2,-1
20,142,1
1434,242,-1
1418,8,-1
20,10,1
1312,42,-1
1365,11989,-1
20,31,1
1440,1111,-1
169,14,-1
20,6,1
579,2909,1
20,191,-1
1440,48,-1
1429,20,-1
1272,2,-1
20,2,1
568,480,1
20,56,-1
566,521,1
20,99,-1
564,3999,1
20,132,-1
563,870,1
20,73,-1
852,479,1
20,158,-1
1355,9785,-1
1420,13,-1
20,20,1
745,74,-1
1381,297,-1
556,1092,1
20,169,-1
1376,2546,-1
1440,485,-1
20,8,1
1440,11,-1
1434,2,-1
20,2,1
1227,5,-1
1435,2,-1
20,2,1
1437,5,-1
1431,1,-1
20,2,1
1439,10,-1
1434,2,-1
20,2,1
1436,8,-1
1138,1,-1
20,2,1
1400,9,-1
20,7,1
1407,34,-1
1266,10,-1
20,6,1
1440,27398,-1
1371,28,-1
20,12,1
1275,43,-1
101,47573,1
1364,204,-1
20,112,1
1387,832,-1
1440,250,-1
1437,12,-1
20,7,1
1040,30,-1
20,3009,1
561,23688,1
20,339,-1
1267,27689,1
68,212,1
20,154,-1
462,45954,1
20,18,1
1410,69,-1
1440,17,-1
20,9,1
1355,34,-1
1438,10,-1
20,7,1
1418,33,-1
1432,9,-1
20,8,1
20,65,-1
561,2895,1
20,69,-1
1440,26645,-1
1317,26,-1
20,11,1
1438,8113,-1
1439,25,-1
20,12,1
1436,45,-1
1435,10,-1
20,6,1
1435,29,-1
1417,10,-1
20,19,1
1252,31,-1
20,36690,1
1440,4148,-1
1421,26,-1
20,14,1
1428,53,-1
1405,13,-1
20,12,1
1232,36,-1
1440,1535,-1
20,19,1
1440,45,-1
550,12,-1
20,8,1
567,5965,1
20,188,-1
566,1456,1
20,165,-1
561,260,1
20,177,-1
1407,35207,1
245,137,1
20,108,1
1432,27963,-1
20,49,1
1437,64,-1
1439,11,-1
20,10,1
1440,34,-1
1007,9,-1
20,8,1
1440,15425,-1
1300,25,-1
20,16,1
1440,1069,-1
1192,18,-1
20,13,1
1440,217,-1
1440,16,-1
20,10,1
1440,38,-1
1307,11,-1
20,7,1
1432,34,-1
1374,13,-1
20,8,1
588,1266,1
1175,10,-1
20,646,1
563,3940,1
20,149,-1
1440,14406,-1
1440,34,-1
20,20,1
994,49,-1
1440,11,-1
20,10,1
1438,43,-1
1440,11,-1
20,10,1
1440,46,-1
1100,12,-1
20,12,1
1440,46,-1
1440,10,-1
20,9,1
1440,30,-1
1190,10,-1
1440,6,-1
1434,6,-1
1173,4,-1
20,186,-1
567,1859,1
20,74,-1
1440,1000,-1
1440,16,-1
20,9,1
1030,31,-1
1440,1082,-1
20,19,1
1415,29,-1
1309,8,-1
20,7,1
1440,316,-1
1391,12,-1
20,8,1
1440,74,-1
1440,10,-1
20,8,1
1222,24,-1
1438,12701,-1
20,34,1
1439,39,-1
1399,6,-1
20,6,1
1440,243,-1
1119,17,-1
20,10,1
1372,36,-1
1433,215,-1
20,21,1
1437,47,-1
1425,12,-1
20,12,1
1437,48,-1
1300,16,-1
20,11,1
1122,47,-1
85,44273,-1
573,774,1
20,239,-1
1435,33905,-1
1440,39,-1
20,14,1
1440,41,-1
1379,11,-1
20,8,1
1439,36,-1
1393,8,-1
503,114,1
20,31,-1
1423,44093,-1
1286,49,-1
20,560,1
561,2540,1
20,129,-1
1436,19682,-1
1440,33,-1
20,12,1
1432,35,-1
1440,9,-1
20,7,1
1440,27,-1
1439,7,-1
20,6,1
1440,24,-1
1065,7,-1
20,5,1
1440,18,-1
1430,6,-1
20,6,1
1440,25,-1
1371,8,-1
1440,11,-1
20,9,1
1440,37,-1
1418,9,-1
20,9,1
1440,69,-1
1440,13,-1
20,10,1
996,33,-1
1440,10,-1
20,9,1
1440,32,-1
1440,9,-1
20,8,1
1082,24,-1
564,751,1
20,171,-1
1433,17302,-1
1440,48,-1
20,18,1
1431,57,-1
1357,13,-1
20,10,1
1432,54,-1
1425,5,-1
1417,6,-1
1318,4,-1
1403,252,-1
1433,8,-1
1434,5,-1
1374,5,-1
1432,5,-1
1426,4,-1
1423,4,-1
1423,5,-1
1426,4,-1
1418,6,-1
1420,6,-1
1436,5,-1
1324,5,-1
20,283,1
20,557,1
556,3497,1
20,126,-1
560,4255,1
20,158,-1
1418,8991,-1
1439,28,-1
20,28,1
568,1377,1
20,45,-1
1370,5243,-1
1367,455,-1
20,13,1
1439,934,-1
1419,18,-1
20,10,1
1436,28,-1
1322,9,-1
20,7,1
1420,22,-1
1421,7,-1
20,5,1
1435,20,-1
1402,5,-1
20,5,1
1328,18,-1
1440,9912,-1
20,29,1
1318,37,-1
576,854,1
20,43,-1
20,21,1
1440,46,-1
1440,11,-1
20,8,1
1440,28,-1
1440,7,-1
20,6,1
1440,25,-1
1255,7,-1
20,5,1
1109,28,-1
1439,8,-1
20,14,1
1440,31,-1
1431,10,-1
1438,4,-1
1432,3,-1
1237,3,-1
20,226,1
558,2296,1
20,73,-1
1435,29554,-1
1437,41,-1
20,13,1
1344,29,-1
1440,9,-1
20,7,1
1437,45,-1
1410,9,-1
20,7,1
1202,29,-1
1440,9,-1
20,9,1
1420,25,-1
1409,11,-1
20,7,1
1438,162,-1
1122,11,-1
20,7,1
565,1784,1
20,60,-1
567,3877,1
20,93,-1
562,423,1
20,129,-1
561,5721,1
20,130,-1
570,2232,1
20,46,1
1433,51,-1
1433,16,-1
20,8,1
1440,38,-1
1192,10,-1
20,7,1
1285,30,-1
560,1599,1
20,257,-1
1437,23711,-1
1432,32,-1
20,12,1
1440,38,-1
1440,8,-1
20,5,1
1440,19,-1
1440,6,-1
20,5,1
1440,28,-1
926,8,-1
20,5,1
580,926,1
20,111,-1
1440,50,-1
1161,13,-1
20,6,1
564,900,1
20,114,-1
1440,5482,-1
1350,34,-1
20,13,1
1438,21522,-1
1439,36,-1
20,11,1
1439,34,-1
922,9,-1
20,5,1
1480,8174,1
213,146,1
20,200,-1
1376,7179,-1
1440,736,-1
20,24,1
1439,49,-1
1137,11,-1
20,8,1
1414,18658,-1
1440,25,-1
1440,7,-1
20,6,1
1440,33,-1
1440,7,-1
20,6,1
1440,22,-1
948,6,-1
20,5,1
1440,24,-1
1407,6,-1
1440,4,-1
1440,3,-1
1440,2,-1
870,4,-1
1440,3,-1
1102,4,-1
1440,5,-1
1440,4,-1
1304,4,-1
20,183,1
554,754,1
20,84,-1
1440,22,-1
1440,58,-1
1433,9,-1
20,6,1
1357,25,-1
1438,8,-1
20,6,1
1434,21,-1
1437,7,-1
20,6,1
1440,30,-1
1402,9,-1
20,7,1
1312,24,-1
561,884,1
20,47,-1
1438,35521,-1
1435,46,-1
20,24,1
1440,73,-1
1440,18,-1
20,15,1
878,53,-1
1440,181,-1
20,22,1
564,1630,1
20,149,-1
1440,2532,-1
1435,20,-1
20,9,1
1435,41,-1
1419,11,-1
20,6,1
1330,35,-1
1238,11,-1
20,6,1
562,720,1
20,59,-1
1440,3026,-1
1430,12,-1
20,7,1
1290,28,-1
1440,643,-1
20,14,1
1269,28,-1
575,549,1
20,181,-1
571,238,1
20,174,1
1440,24,-1
20,11,1
1440,36,-1
1428,8,-1
20,8,1
1440,38,-1
1104,9,-1
20,6,1
1440,241,-1
1342,11,-1
20,11,1
1440,38,-1
1440,9,-1
20,7,1
1440,35,-1
953,7,-1
20,5,1
1440,31,-1
1381,8,-1
20,6,1
1440,718,-1
1440,14,-1
20,10,1
1438,47,-1
574,6489,1
20,35,-1
221,50478,-1
1354,14852,-1
20,37,1
1434,53989,-1
1421,58,-1
20,17,1
1428,67,-1
1416,14,-1
20,13,1
1428,52,-1
1440,16,-1
20,11,1
1440,43,-1
1105,12,-1
20,13,1
564,1112,1
20,190,-1
1440,21799,-1
1440,38,-1
20,16,1
1379,46,-1
1427,14,-1
1433,4,-1
20,5,1
1434,16,-1
1243,7,-1
20,378,1
569,723,1
20,147,-1
564,8629,1
20,81,-1
870,5653,-1
20,36172,1
1440,41707,-1
1402,38,-1
20,14,1
1440,40,-1
1326,9,-1
20,9,1
1439,58,-1
1440,14,-1
20,10,1
1038,34,-1
1440,8,-1
20,8,1
1437,36,-1
20,134,-1
1439,3080,-1
1368,28,-1
20,11,1
1440,403,-1
1437,10,-1
20,8,1
1440,52,-1
930,8,-1
20,5,1
1440,31,-1
1440,7,-1
20,5,1
1204,19,-1
1440,5,-1
20,4,1
1403,14,-1
1440,4,-1
20,3,1
1440,9,-1
1431,3,-1
20,2,1
1434,5,-1
1422,2,-1
1431,10,-1
20,7,1
1223,26,-1
1440,11785,-1
20,25,1
1440,35,-1
986,7,-1
20,6,1
1440,7956,-1
1438,20,-1
20,9,1
1435,31,-1
1426,8,-1
20,5,1
1320,27,-1
567,848,1
20,148,-1
560,344,1
20,168,-1
1440,9672,-1
1438,20,-1
20,9,1
1440,34,-1
1092,10,-1
971,32,-1
20,12,1
1434,46,-1
20,17,1
1440,28,-1
1430,9,-1
1085,8,-1
20,220,1
564,4379,1
20,137,-1
1091,38248,-1
20,39656,1
1432,27640,-1
1362,55,-1
20,19,1
1428,44,-1
1439,11,-1
20,11,1
1427,29,-1
1425,10,-1
20,7,1
1301,41,-1
356,40188,-1
20,106,1
20,34,-1
1440,31169,-1
1334,45,-1
20,18,1
1295,63,-1
1440,983,-1
20,25,1
1245,50,-1
568,2101,1
20,191,-1
1427,54247,-1
1430,61,-1
20,17,1
1431,39,-1
1419,12,-1
20,9,1
1428,36,-1
1401,12,-1
20,8,1
1431,30,-1
1296,10,-1
20,8,1
580,641,1
20,167,-1
1439,1545,-1
1416,18,-1
20,10,1
1440,41,-1
1433,12,-1
20,9,1
1440,33,-1
1440,8,-1
20,7,1
1084,24,-1
1399,8,-1
20,6,1
1440,281,-1
1385,9,-1
20,7,1
564,2820,1
20,60,-1
1439,5707,-1
1418,31,-1
20,18,1
1440,130,-1
1263,16,-1
20,9,1
1432,44,-1
20,33944,-1
1438,22900,-1
20,42,1
1440,46,-1
1433,9,-1
20,6,1
1440,24,-1
1431,7,-1
20,6,1
1432,21,-1
1430,6,-1
20,6,1
1440,24,-1
1100,6,-1
20,5,1
1101,39,-1
572,3523,1
20,254,-1
565,1019,1
20,149,-1
1440,4582,-1
1440,21,-1
20,9,1
1061,35,-1
1429,19,-1
20,11,1
1440,40,-1
1440,11,-1
20,9,1
1440,38,-1
1440,9,-1
20,7,1
1440,29,-1
1065,11,-1
1440,6,-1
1440,5,-1
1040,7,-1
741,7,-1
1440,7,-1
1440,6,-1
1438,5,-1
1440,6,-1
1440,5,-1
1412,4,-1
1432,5,-1
1308,3,-1
20,543,1
537,2070,1
1440,195,-1
20,17,1
1440,35,-1
1198,11,-1
20,127,1
335,35397,-1
20,44111,1
1430,44655,-1
1404,55,-1
20,16,1
1439,37,-1
1339,10,-1
20,8,1
1438,26,-1
1437,12,-1
20,7,1
1433,29,-1
1440,9,-1
20,6,1
1287,28,-1
1440,7,-1
20,5,1
1440,20,-1
933,8,-1
570,13780,1
20,177,-1
569,653,1
20,98,-1
561,887,1
20,133,-1
564,985,1
20,104,-1
562,688,1
20,94,-1
561,549,1
20,67,-1
562,40402,1
20,145,-1
558,42763,1
20,166,-1
556,2255,1
20,106,-1
562,507,1
20,94,-1
704,64017,-1
554,1498,1
20,103,-1
1115,34476,-1
1427,15,-1
20,10,1
1283,61,-1
564,1363,1
20,141,-1
1428,43264,-1
1438,44,-1
20,18,1
1440,46,-1
1340,11,-1
20,8,1
1440,31,-1
1440,8,-1
20,7,1
1439,36,-1
1120,11,-1
20,8,1
1439,25,-1
1127,7,-1
20,6,1
1440,24,-1
1440,9,-1
1011,5,-1
1440,5,-1
1436,17,-1
20,12,1
1198,47,-1
566,2242,1
20,158,-1
1435,19625,-1
1440,39,-1
20,24,1
1434,51,-1
1389,16,-1
20,12,1
1440,42,-1
1274,15,-1
20,9,1
1253,45,-1
1440,380,-1
20,17,1
1424,35,-1
1439,8,-1
20,10,1
1440,38,-1
1166,11,-1
20,9,1
1297,46,-1
1440,6679,-1
20,26,1
1431,47,-1
1251,12,-1
20,7,1
1438,16513,-1
1427,29,-1
20,12,1
1127,39,-1
1384,3089,-1
20,20,1
1440,1500,-1
1424,20,-1
20,9,1
1032,34,-1
1432,863,-1
20,22,1
1363,102,-1
571,467,1
20,147,-1
575,364,1
20,155,-1
571,386,1
20,81,-1
1435,20,-1
20,11,1
1197,33,-1
1435,26766,-1
20,49,1
1440,63,-1
1421,14,-1
20,8,1
1440,43,-1
934,13,-1
20,10,1
1438,35771,-1
1440,38,-1
20,14,1
1152,44,-1
1433,28530,-1
20,39,1
1440,44,-1
1255,14,-1
20,10,1
334,32522,-1
1434,14630,-1
20,40,1
1414,49,-1
20,81,-1
1440,33103,-1
1440,35,-1
20,12,1
1427,42,-1
1419,12,-1
20,8,1
1440,28,-1
1058,9,-1
20,9,1
1334,1207,-1
1431,35126,-1
20,52,1
1440,61,-1
1188,14,-1
20,7,1
1334,37,-1
571,595,1
20,146,-1
565,4504,1
20,308,-1
1432,1489,-1
1429,34,-1
20,12,1
20,4,1
1350,26,-1
1440,578,-1
20,14,1
1349,33,-1
1437,300,-1
20,21,1
1440,49,-1
1434,10,-1
20,7,1
1439,28,-1
1007,11,-1
20,7,1
1440,34,-1
1244,8,-1
20,6,1
1440,1491,-1
1430,13,-1
20,9,1
1440,26,-1
1040,8,-1
20,7,1
1440,2267,-1
1426,14,-1
1285,9,-1
20,8,1
1440,18790,-1
1415,29,-1
20,12,1
1307,39,-1
1439,3545,-1
20,32,1
1436,44,-1
1387,11,-1
20,13,1
1362,39,-1
1440,197,-1
20,14,1
1326,29,-1
1344,9,-1
20,10,1
562,1772,1
20,222,-1
567,5302,1
20,176,-1
1452,1041,1
1316,119,1
20,115,-1
1418,10,-1
20,7,1
1122,34,-1
566,2187,1
20,163,-1
1312,27145,-1
1440,712,-1
20,22,1
1439,60,-1
1288,10,-1
20,6,1
1280,580,-1
1438,13992,-1
20,33,1
1439,47,-1
1420,9,-1
20,6,1
1386,33,-1
1433,10,-1
20,6,1
1168,30,-1
1377,1948,-1
20,26,1
1413,1154,-1
1440,55,-1
1437,8,-1
20,5,1
1440,21,-1
1435,5,-1
20,4,1
1349,11,-1
1435,3,-1
20,4,1
1440,15,-1
1432,5,-1
20,4,1
1438,15,-1
1428,4,-1
20,3,1
1440,15,-1
1422,5,-1
1373,4,-1
1209,3,-1
20,160,1
559,813,1
20,82,-1
1434,3536,-1
1405,31,-1
20,116,-1
724,64179,-1
20,44,1
563,965,1
20,206,-1
574,60488,-1
20,38278,1
1440,54067,-1
1318,43,-1
20,16,1
476,64531,-1
20,255,1
1476,19140,1
142,158,1
20,182,-1
562,63250,-1
20,38296,1
602,64531,-1
20,50,1
565,13156,1
20,267,-1
580,64531,-1
566,565,1
20,146,-1
20,19,1
1440,56,-1
1439,13,-1
20,13,1
1440,49,-1
1433,11,-1
20,8,1
1121,35,-1
1438,1015,-1
20,29,1
1439,49,-1
1275,11,-1
20,249,1
1436,14101,-1
1440,30,-1
20,12,1
1031,44,-1
1440,13,-1
20,8,1
1118,41,-1
1440,1076,-1
20,14,1
1440,32,-1
1177,11,-1
903,20,-1
1427,925,-1
20,18,1
1440,308,-1
1440,10,-1
20,8,1
1368,27,-1
1439,9,-1
20,5,1
1440,24,-1
1439,8,-1
20,6,1
1438,27,-1
1438,6,-1
20,5,1
1438,26,-1
1440,7,-1
20,6,1
1439,24,-1
1439,7,-1
20,5,1
1028,19,-1
1440,7,-1
1140,3,-1
1440,44,-1
979,12,-1
20,6,1
1440,8338,-1
1427,21,-1
20,9,1
1440,29,-1
1306,7,-1
20,6,1
1437,27544,-1
1440,42,-1
20,14,1
1440,32,-1
1376,9,-1
20,7,1
1440,29,-1
1104,9,-1
20,9,1
1440,32,-1
1066,11,-1
20,7,1
566,711,1
20,101,-1
1428,13341,-1
20,14,1
1299,28,-1
1440,7,-1
20,6,1
1440,25,-1
1280,7,-1
20,7,1
560,3002,1
20,201,-1
1437,16728,-1
1440,27,-1
20,11,1
1046,29,-1
1439,6,-1
20,5,1
1440,18,-1
1440,5,-1
20,5,1
1440,14,-1
1412,4,-1
20,4,1
1440,12,-1
1193,4,-1
20,4,1
20,20,1
1439,40,-1
1440,10,-1
20,6,1
1440,26,-1
937,9,-1
20,7,1
1440,3544,-1
1427,17,-1
20,13,1
1439,37,-1
1440,12,-1
20,10,1
1431,42,-1
1435,12,-1
20,9,1
1440,31,-1
1439,10,-1
20,7,1
1172,28,-1
20,36997,1
1421,21218,-1
1408,68,-1
20,21,1
20,26,1
1440,42,-1
1093,12,-1
20,11,1
1440,50,-1
1334,13,-1
20,6,1
1425,11315,-1
1440,59,-1
20,18,1
1440,35,-1
1143,9,-1
20,8,1
1439,24,-1
1440,8,-1
20,8,1
1440,30,-1
1002,10,-1
20,7,1
1440,38,-1
1440,10,-1
20,9,1
1440,43,-1
1421,9,-1
20,5,1
1439,24827,-1
1422,33,-1
20,11,1
1124,40,-1
1440,1726,-1
20,13,1
1440,37,-1
1203,12,-1
20,10,1
565,630,1
20,127,-1
1440,547,-1
1192,20,-1
20,10,1
1436,13160,-1
1423,39,-1
20,15,1
1291,44,-1
1438,7532,-1
20,23,1
1440,37,-1
1191,8,-1
20,6,1
1440,9,-1
20,7,1
1440,30,-1
1440,10,-1
20,7,1
1440,28,-1
1439,9,-1
20,8,1
1440,34,-1
945,9,-1
20,6,1
1440,2367,-1
1439,15,-1
20,9,1
1439,59,-1
1440,25,-1
20,20,1
1092,69,-1
1352,13,-1
20,290,1
1433,52474,-1
1423,60,-1
20,20,1
1417,62,-1
571,998,1
20,198,-1
1313,62278,-1
574,721,1
20,155,-1
1440,51585,-1
1428,42,-1
20,14,1
1440,39,-1
1368,9,-1
20,9,1
1440,42,-1
1440,9,-1
20,7,1
1198,28,-1
1440,7,-1
20,6,1
1440,30,-1
1138,9,-1
20,8,1
1439,861,-1
1440,14,-1
20,12,1
911,35,-1
20,5,1
1440,43,-1
1431,6,-1
20,4,1
370,28,-1
1431,499,-1
20,36,1
1440,42,-1
1432,7,-1
20,5,1
1318,15,-1
1437,640,-1
20,12,1
1417,23,-1
1433,7,-1
20,5,1
1259,17,-1
1437,835,-1
20,13,1
1440,20,-1
1380,5,-1
20,5,1
1434,323,-1
1317,10,-1
1440,57,-1
1440,7,-1
20,5,1
1056,23,-1
1440,6,-1
20,5,1
1440,21,-1
1440,5,-1
20,7,1
1440,21,-1
1440,7,-1
20,8,1
764,20,-1
567,952,1
20,65,-1
1409,60016,-1
1440,123,-1
20,20,1
1440,57,-1
1178,11,-1
20,12,1
1436,33,-1
1437,11,-1
20,9,1
20,12,1
945,43,-1
1438,440,-1
20,27,1
1440,50,-1
1440,14,-1
20,8,1
1113,28,-1
1433,16350,-1
20,48,1
1440,61,-1
1200,15,-1
20,24,1
1440,10244,-1
1434,24,-1
20,12,1
1440,39,-1
1440,11,-1
20,8,1
1430,31,-1
1251,10,-1
20,7,1
579,1109,1
20,152,-1
927,6,-1
20,4,1
1440,2120,-1
1364,16,-1
20,10,1
1440,59,-1
1249,13,-1
20,8,1
1440,83,-1
1440,13,-1
20,10,1
1440,45,-1
1049,12,-1
20,10,1
1440,37,-1
1436,11,-1
20,7,1
1440,34,-1
1383,11,-1
20,9,1
1340,53181,-1
1440,841,-1
20,30,1
1438,49,-1
1116,12,-1
20,9,1
1440,41,-1
1140,11,-1
20,8,1
1440,2431,-1
1438,18,-1
20,14,1
1417,51,-1
1382,15,-1
20,11,1
1440,594,-1
1440,19,-1
20,11,1
1203,41,-1
1339,14,-1
20,474,1
561,1798,1
20,180,-1
1440,5780,-1
1407,25,-1
20,14,1
1313,50,-1
1435,17,-1
1440,102,-1
20,13,1
1440,37,-1
1073,8,-1
20,6,1
1440,26,-1
1437,7,-1
20,6,1
1433,19,-1
1436,6,-1
20,6,1
1432,30,-1
1440,9,-1
20,6,1
968,23,-1
20,40768,1
1432,12822,-1
1414,32,-1
20,12,1
1433,115,-1
1440,15,-1
20,10,1
1434,38,-1
1374,14,-1
1289,15,-1
20,9,1
1440,24,-1
1440,6,-1
20,5,1
1434,23,-1
1436,7,-1
20,7,1
1440,36,-1
1440,12,-1
20,8,1
1047,26,-1
567,1420,1
20,136,-1
1431,60903,-1
1440,69,-1
20,20,1
1440,56,-1
1424,17,-1
20,11,1
1440,49,-1
1162,16,-1
20,14,1
995,61,-1
20,259,-1
1215,174,1
20,78,-1
1440,2013,-1
1293,14,-1
20,8,1
1440,3148,-1
1250,12,-1
20,7,1
1437,11348,-1
1378,22,-1
20,11,1
1261,48,-1
1439,689,-1
20,21,1
1436,47,-1
1252,15,-1
20,9,1
1439,13525,-1
1440,31,-1
20,13,1
1253,40,-1
1440,7045,-1
20,34,1
20,5,1
575,352,1
20,92,-1
1371,8759,-1
1440,464,-1
20,24,1
1438,48,-1
1434,9,-1
20,6,1
1434,27,-1
1437,8,-1
20,6,1
1438,29,-1
1440,11,-1
20,8,1
1087,32,-1
1440,10,-1
20,8,1
1440,35,-1
1440,9,-1
20,6,1
1430,29,-1
890,11,-1
87,554,1
1333,9,-1
20,10,1
1438,46553,-1
1430,39,-1
20,12,1
1147,52,-1
565,460,1
20,108,-1
1432,18536,-1
1436,55,-1
20,16,1
1435,45,-1
1434,12,-1
20,12,1
920,58,-1
1440,966,-1
20,30,1
1429,53,-1
1376,13,-1
20,10,1
1440,165,-1
1174,14,-1
20,8,1
1427,48717,-1
20,12,1
1422,26421,-1
1440,44,-1
20,19,1
1440,51,-1
1423,10,-1
20,8,1
1046,34,-1
567,762,1
20,185,-1
558,282,1
20,29,-1
1440,19119,-1
1138,40,-1
20,12,1
1438,3181,-1
1440,24,-1
20,12,1
1044,43,-1
1364,7672,-1
20,32,1
1369,3052,-1
1440,698,-1
20,21,1
1440,91,-1
1440,12,-1
20,8,1
1435,40,-1
1413,10,-1
20,8,1
1023,41,-1
568,2144,1
20,170,-1
1437,47336,-1
1440,44,-1
20,15,1
1429,38,-1
1440,10,-1
20,6,1
1277,31,-1
1440,15417,-1
20,33,1
1440,39,-1
1124,10,-1
20,10,1
1440,38,-1
1353,11,-1
20,8,1
20,5,1
1436,21,-1
1440,5,-1
20,4,1
1150,17,-1
1438,5,-1
20,4,1
1440,17,-1
1432,5,-1
20,4,1
1400,14,-1
1440,6,-1
20,5,1
1138,14,-1
1438,668,-1
20,21,1
1439,40,-1
1322,17,-1
20,13,1
1385,3421,-1
1440,268,-1
20,26,1
1440,52,-1
1172,11,-1
1415,16053,-1
1440,38,-1
20,14,1
1440,44,-1
1039,8,-1
20,7,1
1440,356,-1
1438,12,-1
20,10,1
1440,30,-1
1435,6,-1
20,6,1
1440,27,-1
1440,5,-1
20,5,1
920,20,-1
1440,4,-1
1387,3,-1
1424,2,-1
1294,3,-1
1423,2,-1
1426,3,-1
1421,3,-1
1404,3,-1
1440,1235,-1
1420,16,-1
20,9,1
1140,49,-1
1440,20599,-1
20,37,1
1433,42,-1
1427,14,-1
20,8,1
1440,30,-1
1124,7,-1
20,6,1
563,654,1
20,98,-1
1440,1673,-1
1440,15,-1
20,7,1
1190,35,-1
1440,2377,-1
20,13,1
1372,32,-1
1421,8,-1
20,7,1
1440,31,-1
20,14,1
1402,1139,1
65,74,1
20,66,-1
1434,26964,-1
1437,29,-1
20,11,1
1435,39,-1
1439,9,-1
20,6,1
1404,28,-1
1426,9,-1
20,9,1
1440,62,-1
1440,11,-1
20,8,1
1440,32,-1
1011,11,-1
20,9,1
1440,4931,-1
1440,22,-1
20,14,1
1440,57,-1
1016,15,-1
1440,58,-1
1434,5,-1
20,3,1
1136,7,-1
1434,3,-1
20,2,1
1440,10,-1
1428,2,-1
20,2,1
1439,7,-1
1434,3,-1
20,2,1
1336,7,-1
1433,4154,-1
20,22,1
1434,26,-1
1434,5,-1
20,4,1
1440,34,-1
1439,8,-1
20,8,1
1436,31,-1
1322,7,-1
20,8,1
1432,9,-1
20,7,1
1438,29,-1
1440,8,-1
20,5,1
989,16,-1
1438,5,-1
20,4,1
1365,21,-1
521,202,1
20,199,-1
1374,11,-1
1437,157,-1
20,13,1
1327,16,-1
1438,9410,-1
20,16,1
1432,16,-1
1421,5,-1
20,5,1
1283,16,-1
1124,19255,-1
20,71,1
1194,2591,1
20,16,1
1440,162,-1
1440,12,-1
1076,7,-1
20,68,1
563,3948,1
20,88,-1
1435,44522,-1
1438,45,-1
20,18,1
1279,49,-1
1440,12,-1
20,8,1
1438,30,-1
1438,9,-1
20,6,1
1433,20,-1
1413,5,-1
20,4,1
20,185,-1
1438,3964,-1
1422,10,-1
20,6,1
1428,39,-1
20,354,-1
1439,9849,-1
1440,23,-1
20,11,1
1135,41,-1
1434,19624,-1
20,49,1
1440,70,-1
1440,12,-1
20,10,1
1387,37,-1
1439,8,-1
20,7,1
1440,30,-1
1191,10,-1
20,7,1
1440,1193,-1
1440,13,-1
20,9,1
1168,34,-1
1173,12,-1
20,8,1
1440,14071,-1
1440,23,-1
553,141,1
20,71,-1
1440,32310,-1
1440,34,-1
20,14,1
1440,46,-1
846,12,-1
20,5,1
1440,4058,-1
1429,11,-1
20,8,1
1440,30,-1
1323,10,-1
20,7,1
1440,1046,-1
1440,11,-1
20,9,1
966,36,-1
567,373,1
20,126,-1
1440,1495,-1
1440,16,-1
20,10,1
1380,41,-1
20,14,1
1433,48,-1
1440,15,-1
20,9,1
1437,36,-1
1439,7,-1
20,6,1
1234,22,-1
1440,10,-1
1415,7,-1
1364,5,-1
20,115,1
20,1349,-1
559,1408,1
20,164,-1
545,583,1
20,171,-1
1439,144,-1
1440,11,-1
1001,6,-1
1440,7,-1
1424,4,-1
1418,6,-1
1436,6,-1
20,208,-1
687,64531,-1
20,37817,1
1330,58489,-1
20,34,1
561,1722,1
20,225,-1
540,58408,-1
20,36313,1
1024,63209,-1
20,48,1
540,64531,-1
20,41,1
561,63218,-1
20,28,1
558,1408,1
20,212,-1
1441,1778,1
114,209,1
20,215,-1
641,64531,-1
20,38,1
1363,11307,1
20,112,1
20,20,1
1440,51,-1
1440,12,-1
20,9,1
1440,35,-1
1096,10,-1
20,9,1
1439,1144,-1
1440,22,-1
20,12,1
1013,41,-1
1437,257,-1
20,21,1
1440,46,-1
1431,9,-1
20,8,1
1440,34,-1
1439,6,-1
20,6,1
1440,22,-1
1412,6,-1
1403,4,-1
1234,3,-1
1405,3,-1
20,14,-1
1440,6315,-1
1439,23,-1
20,15,1
1440,49,-1
1440,9,-1
20,8,1
1440,36,-1
1419,12,-1
20,8,1
1440,35,-1
1177,9,-1
20,9,1
1440,27,-1
1105,9,-1
1440,5,-1
1440,4,-1
1361,4,-1
1432,5,-1
1437,5,-1
1439,6,-1
1429,4,-1
718,5,-1
107,428,1
20,15,1
1440,45,-1
1438,11,-1
20,9,1
1440,53,-1
1440,12,-1
20,9,1
1001,35,-1
1440,11,-1
20,7,1
1368,29,-1
1440,9,-1
20,7,1
1440,27,-1
1219,8,-1
20,281,1
559,1596,1
20,151,-1
1439,34307,-1
1440,37,-1
20,11,1
1224,44,-1
1440,11,-1
20,8,1
20,6,1
564,8622,1
20,177,-1
742,2599,-1
561,1370,1
20,84,-1
1440,7378,-1
1386,18,-1
20,8,1
1430,21,-1
1394,6,-1
20,7,1
1313,22,-1
1364,394,-1
20,10,1
746,54926,-1
111,1520,1
1440,534,-1
1438,7,-1
1013,2,-1
20,3,1
556,445,1
20,119,-1
583,1031,1
1076,42,-1
1431,29713,-1
20,43,1
1439,82,-1
1175,19,-1
20,14,1
567,883,1
20,88,-1
1440,39755,-1
1428,39,-1
20,18,1
1440,46,-1
1426,11,-1
20,11,1
1429,41,-1
1398,9,-1
20,7,1
1437,34,-1
1402,12,-1
20,13,1
987,46,-1
570,6598,1
20,226,-1
1420,37756,-1
1440,11,-1
20,9,1
949,24,-1
1440,1673,-1
20,17,1
1440,29,-1
1440,8,-1
20,8,1
1439,24,-1
1175,7,-1
20,6,1
1440,80,-1
1415,11,-1
20,8,1
1440,30,-1
1237,8,-1
20,8,1
1440,18,-1
1262,7,-1
1433,4,-1
1439,4,-1
1421,5,-1
987,3,-1
107,314,1
892,26,-1
20,24,1
565,3819,1
20,234,-1
1432,25825,-1
1435,55,-1
20,16,1
1435,49,-1
1439,11,-1
20,9,1
1436,36,-1
1434,11,-1
20,9,1
1438,39,-1
1440,10,-1
20,10,1
995,35,-1
1440,10,-1
1426,5,-1
1406,5,-1
1438,5,-1
1249,6,-1
20,357,1
560,1303,1
1127,6,-1
20,7,1
1440,220,-1
1434,9,-1
20,5,1
1440,17,-1
1431,7,-1
1073,3,-1
1440,3,-1
1272,2,-1
20,420,1
1384,744,-1
566,2812,1
20,187,-1
1426,38488,-1
1436,66,-1
20,25,1
1440,53,-1
971,12,-1
20,9,1
1440,51,-1
1437,11,-1
20,9,1
1426,33,-1
20,16,1
1440,47,-1
1048,10,-1
20,8,1
1440,73,-1
1440,10,-1
20,8,1
1437,42,-1
1440,11,-1
20,9,1
1440,39,-1
1440,12,-1
20,9,1
1380,29,-1
1437,315,-1
1424,12,-1
1298,6,-1
1298,5,-1
20,312,1
1436,79,-1
1431,13,-1
1422,6,-1
1198,3,-1
20,354,1
1063,18,-1
20,10,1
1440,53,-1
1440,10,-1
20,7,1
1431,35,-1
1440,10,-1
20,7,1
903,29,-1
1439,976,-1
20,20,1
1440,56,-1
1357,13,-1
20,12,1
568,976,1
20,201,-1
561,3887,1
20,200,-1
1380,2446,-1
1439,441,-1
20,21,1
1424,49,-1
1440,11,-1
20,8,1
20,15,1
1027,159,-1
566,1192,1
20,160,-1
1352,3352,-1
563,1271,1
20,161,-1
1440,8660,-1
1427,16,-1
20,7,1
1221,30,-1
559,635,1
20,135,-1
1439,31150,-1
1419,32,-1
20,16,1
1440,25,-1
1037,8,-1
20,5,1
1438,823,-1
1419,9,-1
20,6,1
1290,28,-1
1396,5363,-1
20,11,1
1440,41,-1
1157,14,-1
20,9,1
1440,8043,-1
1440,29,-1
20,13,1
1438,54,-1
1440,17,-1
20,12,1
1064,43,-1
1440,13,-1
20,11,1
1201,42,-1
1440,25,-1
20,14,1
1391,47,-1
1440,13,-1
20,9,1
1440,38,-1
1024,12,-1
20,11,1
1440,4876,-1
1440,20,-1
1376,37,-1
20,15,1
1438,53,-1
1435,12,-1
20,8,1
1420,36,-1
1434,10,-1
20,10,1
1438,32,-1
1438,11,-1
20,8,1
1156,34,-1
570,1340,1
20,137,-1
770,64531,-1
564,1181,1
20,203,-1
1438,57791,-1
1440,48,-1
20,16,1
1310,48,-1
1440,14,-1
20,11,1
917,39,-1
20,891,-1
559,2529,1
20,147,-1
1434,12649,-1
1440,46,-1
20,17,1
1435,42,-1
1440,7,-1
20,6,1
1164,21,-1
1440,5,-1
20,5,1
1440,19,-1
1440,7,-1
20,5,1
1438,22,-1
979,6,-1
20,7,1
1440,16,-1
1440,6,-1
1435,3,-1
1435,2,-1
786,2,-1
1440,2,-1
1404,18,-1
20,11,1
1440,41,-1
1358,11,-1
20,9,1
1437,50,-1
1435,11,-1
20,8,1
1440,29,-1
1147,9,-1
20,6,1
563,1643,1
20,123,-1
1440,28399,-1
1440,35,-1
20,12,1
1438,41,-1
1426,12,-1
20,9,1
943,37,-1
1440,832,-1
20,23,1
911,40,-1
274,34326,1
20,235,-1
570,232,1
20,94,-1
571,284,1
20,107,-1
563,108,1
20,55,-1
1411,2619,-1
1424,98,-1
20,29,1
1407,54,-1
1231,8,-1
20,4,1
213,10056,-1
1434,5250,-1
20,17,1
1319,28,-1
563,1063,1
20,138,-1
556,419,1
20,133,-1
556,9238,1
20,174,-1
672,829,1
1432,9072,-1
1440,37,-1
20,15,1
1440,39,-1
1440,8,-1
20,6,1
1440,25,-1
1440,6,-1
20,5,1
1027,25,-1
1437,6,-1
20,5,1
1022,18,-1
1433,6,-1
20,4,1
1439,21,-1
1438,7,-1
20,5,1
1226,27,-1
20,2600,1
562,3394,1
20,150,-1
1440,566,-1
1392,11,-1
1358,2,-1
1273,4,-1
20,319,1
561,1411,1
20,91,-1
1440,6172,-1
1428,21,-1
20,12,1
1434,56,-1
1440,12,-1
20,10,1
1126,35,-1
1427,8,-1
20,7,1
1439,133,-1
459,12,-1
20,5,1
572,3852,1
20,35,-1
565,346,1
20,91,-1
569,23016,1
20,348,-1
331,82,1
1440,31,-1
1120,8,-1
20,7,1
1378,1268,-1
1440,3486,-1
20,21,1
1440,41,-1
1370,8,-1
20,8,1
1146,31,-1
1440,918,-1
20,13,1
1440,31,-1
1440,9,-1
20,8,1
1440,29,-1
1011,10,-1
20,8,1
564,1131,1
20,119,-1
1437,46925,-1
1440,45,-1
20,13,1
1061,47,-1
1363,3,-1
1203,3,-1
20,239,1
562,1060,1
20,87,-1
1440,9256,-1
1434,28,-1
20,11,1
1028,33,-1
1440,3158,-1
20,19,1
1440,58,-1
1440,11,-1
20,9,1
1265,25,-1
1440,456,-1
20,12,1
1440,31,-1
1096,11,-1
20,8,1
576,5065,1
20,169,-1
569,147,1
20,164,-1
1440,57,-1
1440,9,-1
20,8,1
1005,38,-1
567,7604,1
20,129,-1
1430,61518,-1
1335,47,-1
20,17,1
1440,49,-1
1077,11,-1
20,11,1
1439,37,-1
1438,6,-1
20,5,1
1440,26,-1
1377,6,-1
20,6,1
1428,22,-1
1440,7,-1
20,5,1
1439,24,-1
1437,5,-1
20,5,1
1039,4,-1
1440,2,-1
889,2,-1
1440,1,-1
1435,2,-1
1418,4,-1
1432,4,-1
1342,2,-1
20,133,1
562,334,1
20,85,-1
565,1869,1
20,112,-1
561,1461,1
20,169,-1
1438,23937,-1
1440,40,-1
20,14,1
950,50,-1
1434,14,-1
20,12,1
1436,46,-1
1440,14,-1
20,9,1
581,6854,1
20,154,-1
1438,17237,-1
1440,36,-1
20,16,1
1435,53,-1
1440,15,-1
20,13,1
1439,43,-1
1219,12,-1
20,12,1
1440,45,-1
924,12,-1
20,10,1
555,32714,1
20,75,-1
1440,64531,-1
1440,45,-1
20,19,1
1436,57,-1
1435,15,-1
20,9,1
1299,36,-1
1440,10,-1
1419,39990,-1
1408,40,-1
20,16,1
1145,46,-1
1327,20473,-1
20,32,1
565,1715,1
20,151,-1
1440,6187,-1
1440,27,-1
20,13,1
1209,39,-1
564,571,1
20,113,-1
1440,19863,-1
1438,29,-1
20,14,1
927,57,-1
1439,366,-1
20,18,1
1440,41,-1
1432,9,-1
20,7,1
1376,23,-1
20,7,1
1265,23,-1
1435,444,-1
20,16,1
1438,78,-1
1385,13,-1
20,9,1
1432,32,-1
1423,8,-1
20,6,1
1435,32,-1
1424,8,-1
20,8,1
1428,39,-1
1440,8,-1
20,6,1
1297,24,-1
561,767,1
20,166,-1
1440,3450,-1
1418,17,-1
20,9,1
1438,36,-1
1245,12,-1
20,314,-1
567,177,1
20,105,-1
1440,25576,-1
1428,35,-1
20,14,1
1275,48,-1
1438,22439,-1
20,40,1
1435,62,-1
1399,12,-1
20,11,1
1329,42,-1
1440,569,-1
20,16,1
1414,34,-1
1395,8,-1
20,9,1
1300,43,-1
20,2256,1
1242,19220,-1
20,67,1
1225,2308,1
20,51,-1
1439,12,-1
20,9,1
1429,30,-1
1435,7,-1
20,7,1
1075,23,-1
1368,16552,-1
20,40,1
1437,45202,-1
1406,47,-1
20,12,1
1242,43,-1
1440,11124,-1
20,36,1
1440,42,-1
1204,9,-1
20,8,1
1440,42,-1
1439,9,-1
20,7,1
1440,24,-1
1188,7,-1
20,7,1
546,1225,1
1168,8,-1
20,8,1
1440,245,-1
1440,14,-1
20,8,1
1245,29,-1
1436,11,-1
20,11,1
1440,38,-1
997,11,-1
20,9,1
1374,31647,-1
1440,378,-1
20,24,1
1344,48,-1
1440,474,-1
20,23,1
1440,43,-1
1194,12,-1
20,11,1
1440,35,-1
1391,11,-1
20,10,1
1407,35,-1
1430,585,-1
20,11,1
1434,27,-1
1440,6,-1
20,3,1
987,11,-1
1437,5723,-1
20,17,1
1438,30,-1
1438,7,-1
20,5,1
1201,17,-1
1440,3521,-1
20,14,1
1440,22,-1
1431,5,-1
20,5,1
1352,21,-1
1440,376,-1
20,10,1
1434,23,-1
1433,7,-1
20,6,1
1093,18,-1
20,7,1
1334,27,-1
561,649,1
20,251,-1
1440,31346,-1
1431,36,-1
20,15,1
1440,65,-1
970,15,-1
20,11,1
1440,44,-1
1440,9,-1
20,7,1
1440,31,-1
855,11,-1
20,8,1
1440,24357,-1
1190,30,-1
20,13,1
1439,38158,-1
1440,39,-1
20,17,1
1416,59,-1
1419,11,-1
20,16,1
1440,48,-1
1434,11,-1
20,9,1
1440,40,-1
1086,11,-1
20,11,1
1440,270,-1
1440,11,-1
20,7,1
1270,29,-1
1439,596,-1
20,10,1
1440,30,-1
1085,8,-1
20,6,1
1440,206,-1
1440,10,-1
1106,6,-1
20,179,1
558,2278,1
20,169,-1
1426,35366,-1
1398,49,-1
1241,5,-1
20,5,1
1440,3912,-1
1435,15,-1
20,8,1
1104,44,-1
191,840,-1
20,6,1
567,2272,1
20,167,-1
1302,27435,-1
1429,30022,-1
20,36,1
1432,71,-1
1430,13,-1
20,9,1
1431,34,-1
1226,13,-1
20,10,1
1434,1196,-1
1421,17,-1
20,8,1
1150,36,-1
1433,31453,-1
1419,11,-1
20,8,1
1439,31,-1
1312,8,-1
20,8,1
1440,1134,-1
1367,12,-1
20,11,1
1004,31,-1
550,18487,1
20,71,-1
565,1065,1
20,201,-1
1437,48617,-1
1426,44,-1
20,18,1
1440,55,-1
1438,11,-1
20,11,1
1437,44,-1
1440,10,-1
20,8,1
1114,29,-1
1436,8,-1
20,10,1
1440,50,-1
1075,14,-1
20,11,1
1438,179,-1
1434,18,-1
20,14,1
1440,72,-1
1411,14,-1
20,12,1
1440,45,-1
1423,17,-1
20,13,1
1375,48,-1
1440,13,-1
20,15,1
1439,41,-1
1439,17,-1
1403,9,-1
1440,7,-1
1430,7,-1
1076,8,-1
1437,8,-1
1415,6,-1
20,22,1
989,34,-1
1440,569,-1
20,12,1
1439,31,-1
1440,10,-1
20,8,1
1057,30,-1
1440,6,-1
20,4,1
1105,22,-1
1439,547,-1
20,11,1
1440,30,-1
1224,8,-1
20,6,1
1440,731,-1
1440,16,-1
20,9,1
1440,26,-1
1144,10,-1
20,7,1
1440,8045,-1
1440,19,-1
1276,2,-1
20,5,1
1292,26635,-1
20,41124,1
1440,1796,-1
1440,20,-1
20,10,1
1118,30,-1
1440,8,-1
20,5,1
1436,28,-1
1440,8,-1
20,9,1
1440,31,-1
1392,8,-1
20,6,1
1440,19,-1
1440,6,-1
20,5,1
881,26,-1
1439,5,-1
20,7,1
1092,27,-1
1440,8,-1
817,20,-1
20,8,1
1440,1719,-1
1434,17,-1
20,9,1
1437,45,-1
1438,11,-1
20,8,1
1440,29,-1
1439,8,-1
20,8,1
1440,26,-1
1128,7,-1
20,6,1
1440,207,-1
1440,7,-1
20,5,1
1435,23,-1
1440,5,-1
20,4,1
1440,12,-1
1177,4,-1
1407,2,-1
1405,2,-1
1440,15,-1
20,7,1
980,25,-1
1437,5,-1
20,4,1
1440,16,-1
1429,4,-1
20,4,1
1440,12,-1
1440,4,-1
1269,2,-1
20,109,1
560,1559,1
20,74,-1
1439,28057,-1
1429,31,-1
20,10,1
1440,35,-1
1435,8,-1
20,6,1
1440,23,-1
1409,6,-1
20,5,1
1440,30,-1
1440,39,-1
1421,10,-1
20,8,1
1437,39,-1
1166,9,-1
20,338,1
565,5486,1
20,46,-1
1437,27717,-1
1440,38,-1
20,13,1
1439,39,-1
1440,9,-1
20,7,1
949,25,-1
567,654,1
20,88,-1
1440,45070,-1
1440,35,-1
20,11,1
1308,41,-1
1440,9,-1
20,7,1
1107,28,-1
1393,7,-1
20,7,1
20,412,-1
567,849,1
20,88,-1
1438,20775,-1
1440,42,-1
20,19,1
969,51,-1
1374,11,-1
20,8,1
1440,17057,-1
1430,26,-1
20,13,1
1440,59,-1
1265,13,-1
20,8,1
1197,32,-1
1440,3287,-1
20,29,1
1438,62,-1
1440,17,-1
20,10,1
1161,39,-1
20,21,1
1440,32,-1
1115,8,-1
20,6,1
1440,31,-1
1181,8,-1
20,6,1
1433,10659,-1
1440,41,-1
20,16,1
1440,45,-1
1039,9,-1
20,6,1
1440,27,-1
1440,8,-1
20,6,1
1321,31,-1
1282,1278,1
20,188,-1
1440,378,-1
1358,15,-1
20,10,1
1440,1988,-1
1436,14,-1
20,22,1
568,1296,1
20,97,-1
1296,29054,-1
1440,26555,-1
20,50,1
1437,73,-1
1112,14,-1
20,12,1
1440,823,-1
1379,14,-1
20,11,1
1436,43,-1
1409,13,-1
20,12,1
1436,47,-1
1391,13,-1
20,10,1
1274,43,-1
1440,785,-1
20,17,1
1417,38,-1
1440,10,-1
20,10,1
1440,11,-1
1420,2,-1
20,2,1
1437,5,-1
1422,1,-1
20,1,1
1435,5,-1
1422,1,-1
20,1,1
1432,3,-1
1420,0,-1
20,1,1
1431,2,-1
877,1,-1
20,1,1
563,449,1
20,33,-1
1345,9470,-1
1320,8869,-1
20,45,1
1428,34516,-1
1418,67,-1
20,24,1
1337,51,-1
1021,8,-1
20,6,1
1440,1027,-1
1437,16,-1
20,8,1
1291,34,-1
1436,12484,-1
20,29,1
1435,51,-1
1440,12,-1
20,10,1
1224,33,-1
1440,9,-1
20,7,1
1259,26,-1
1384,10354,-1
20,36,1
1438,4585,-1
1421,32,-1
20,14,1
1418,41,-1
1440,11,-1
20,8,1
1415,22,-1
1172,7,-1
20,330,1
1440,1607,-1
1438,20,-1
20,11,1
1237,44,-1
563,813,1
20,149,-1
224,40220,-1
1340,42052,-1
20,48,1
1438,6631,-1
1435,29,-1
20,14,1
1440,41,-1
1163,11,-1
20,9,1
1438,28420,-1
1427,36,-1
20,15,1
1125,52,-1
1440,740,-1
20,21,1
1392,32,-1
1233,53,-1
1356,16,-1
20,8,1
591,5915,1
20,132,1
20,139,-1
561,1188,1
20,124,-1
596,61759,-1
20,38884,1
1438,50358,-1
20,53,1
1433,66,-1
1398,12,-1
20,9,1
1306,39,-1
569,7085,1
20,129,-1
563,204,1
20,132,-1
565,64531,-1
20,145,1
567,1183,1
20,134,-1
1434,6,-1
20,7,1
1248,25,-1
563,1564,1
20,112,-1
1436,6013,-1
1440,40,-1
20,14,1
1085,29,-1
1440,8,-1
20,7,1
1440,35,-1
1440,8,-1
20,7,1
1055,29,-1
1440,7,-1
1408,5,-1
1432,5,-1
1341,3,-1
20,343,1
1433,314,-1
1425,7,-1
1417,3,-1
1399,3,-1
748,67,-1
1437,10,-1
20,5,1
1402,24,-1
1440,6,-1
20,5,1
1413,20,-1
1420,6,-1
20,6,1
1367,53,-1
1432,263,-1
20,18,1
1392,67,-1
1440,10,-1
20,7,1
1030,34,-1
568,2464,1
20,162,-1
1323,38935,-1
1434,27363,-1
20,49,1
1440,56,-1
1151,16,-1
20,10,1
1440,29,-1
20,12,1
1440,36,-1
1107,8,-1
20,7,1
1440,28,-1
1440,8,-1
20,7,1
1440,20,-1
957,6,-1
20,5,1
563,1699,1
20,175,-1
1431,43366,-1
1440,51,-1
20,14,1
1440,35,-1
1393,9,-1
20,7,1
1426,20,-1
1440,6,-1
20,5,1
1440,26,-1
1139,7,-1
20,185,-1
1440,47357,-1
1427,34,-1
20,12,1
1439,51,-1
1428,14,-1
20,13,1
1440,47,-1
1146,12,-1
20,11,1
1094,34,-1
1436,27284,-1
20,51,1
1440,49,-1
1440,12,-1
20,9,1
1439,34,-1
1416,11,-1
20,9,1
1440,36,-1
1100,11,-1
20,8,1
576,693,1
20,203,-1
20,8,1
1438,43,-1
1440,13,-1
20,10,1
1250,38,-1
1440,11,-1
20,8,1
1440,34,-1
1288,10,-1
20,9,1
1440,283,-1
1440,10,-1
20,7,1
1440,21,-1
1440,6,-1
1076,4,-1
1440,3,-1
1229,4,-1
20,360,1
561,1426,1
20,100,-1
1436,20947,-1
1440,27,-1
20,9,1
1440,46,-1
1440,8,-1
20,6,1
1440,22,-1
1081,5,-1
20,7,1
1440,25,-1
1420,6,-1
20,7,1
1437,25,-1
1436,7,-1
20,6,1
1437,26,-1
1440,6,-1
20,5,1
1326,15,-1
1434,15473,-1
20,34,1
1440,50,-1
1440,9,-1
20,7,1
1440,22,-1
1058,7,-1
20,7,1
20,19,1
1440,1076,-1
1440,14,-1
20,7,1
1092,33,-1
569,282,1
20,107,-1
1438,16522,-1
1440,34,-1
20,11,1
1201,29,-1
1440,8,-1
20,6,1
1254,24,-1
1440,6031,-1
20,19,1
1440,30,-1
1153,7,-1
20,8,1
562,4713,1
20,238,-1
1422,22644,-1
1440,35,-1
20,11,1
935,11,-1
20,7,1
1432,39702,-1
1431,53,-1
20,14,1
1440,67,-1
1431,8,-1
20,5,1
1308,16,-1
1430,4,-1
20,3,1
1154,22,-1
20,38656,1
1431,26122,-1
1427,49,-1
20,18,1
1418,46,-1
1439,10,-1
20,10,1
1440,45,-1
934,11,-1
20,11,1
1383,249,-1
1413,472,-1
20,54,-1
571,9082,1
20,115,-1
569,148,1
20,129,-1
1467,23159,1
339,127,1
20,327,-1
681,64531,-1
20,40709,1
592,62891,-1
20,101,1
1440,31839,-1
20,40,1
1440,54,-1
20,8,1
237,18,-1
20,4,1
562,424,1
20,184,-1
525,64531,-1
20,40227,1
1437,12186,-1
20,32,1
1161,14,-1
1382,7,-1
1356,4,-1
20,318,1
1429,41333,-1
1434,56,-1
20,25,1
1438,90,-1
1440,18,-1
20,12,1
1108,52,-1
1440,11,-1
20,9,1
1440,44,-1
1440,11,-1
20,9,1
1440,35,-1
1440,10,-1
20,8,1
1062,29,-1
1440,8,-1
20,6,1
1440,28,-1
857,10,-1
20,333,-1
1434,21323,-1
1440,31,-1
20,11,1
1440,33,-1
1349,9,-1
20,8,1
1440,33,-1
1437,9,-1
20,6,1
998,28,-1
20,343,1
1440,4569,-1
1440,16,-1
20,9,1
1430,41,-1
1338,13,-1
20,333,1
1440,23815,-1
1440,30,-1
20,12,1
1440,36,-1
1134,9,-1
20,9,1
1440,53,-1
1096,9,-1
20,9,1
1388,32,-1
1438,190,-1
1242,9,-1
20,24,1
567,562,1
20,114,-1
1440,1469,-1
1437,11,-1
20,8,1
1440,32,-1
1432,7,-1
20,7,1
1439,24,-1
1438,6,-1
20,5,1
1437,14,-1
1427,5,-1
1426,3,-1
1421,2,-1
1163,2,-1
1412,2,-1
1440,61,-1
1374,8,-1
20,6,1
1268,31,-1
569,6182,1
20,219,-1
1437,1431,-1
1203,24,-1
20,10,1
1438,25772,-1
1407,38,-1
20,14,1
1437,37,-1
1206,12,-1
20,8,1
1294,38,-1
20,44551,1
1437,3067,-1
1420,31,-1
20,16,1
1440,94,-1
1375,16,-1
20,12,1
1376,67,-1
1437,1016,-1
1334,12,-1
20,8,1
1440,27,-1
1438,7,-1
20,6,1
1437,20,-1
1435,6,-1
20,5,1
1440,27,-1
1440,6,-1
20,4,1
962,16,-1
1440,502,-1
20,7,1
1440,30,-1
1439,6,-1
20,4,1
1438,19,-1
1109,3,-1
20,3,1
1438,18,-1
1431,4,-1
20,3,1
20,188,-1
582,208,1
20,237,-1
520,64531,-1
20,60,1
539,64531,-1
20,38,1
515,64531,-1
20,54,1
564,2109,1
20,222,-1
583,64531,-1
20,39164,1
519,64531,-1
20,45,1
573,64531,-1
20,78,1
560,3697,1
20,236,-1
563,369,1
20,179,-1
528,64531,-1
20,40385,1
591,64531,-1
20,9,1
1088,38,-1
1397,9,-1
20,7,1
1440,231,-1
1440,14,-1
20,10,1
1311,40,-1
969,21567,-1
20,45,1
1432,33512,-1
1440,60,-1
20,20,1
1157,52,-1
1410,704,-1
20,39,1
1440,285,-1
1156,19,-1
20,17,1
1440,3180,-1
1431,20,-1
20,14,1
1435,47,-1
1430,15,-1
1430,8053,-1
1440,22,-1
20,9,1
1211,46,-1
1440,11370,-1
20,45,1
1440,44,-1
1316,10,-1
20,9,1
1434,45,-1
1440,12,-1
20,9,1
1259,32,-1
1058,9,-1
20,6,1
1440,1089,-1
1382,17,-1
20,7,1
1440,407,-1
1435,12,-1
20,9,1
1433,35,-1
1438,10,-1
20,8,1
20,4,1
1440,17,-1
1211,4,-1
20,3,1
568,871,1
20,111,-1
1360,4337,-1
610,12837,-1
20,30,1
1437,32057,-1
1436,44,-1
20,14,1
1439,47,-1
1130,12,-1
20,8,1
1440,39,-1
1440,11,-1
20,9,1
1440,36,-1
1107,8,-1
20,7,1
1440,27,-1
1440,7,-1
20,5,1
20,302,-1
1426,47344,-1
1440,52,-1
20,19,1
1437,56,-1
1437,13,-1
20,11,1
1440,39,-1
1223,9,-1
20,7,1
1439,31,-1
1440,11,-1
20,7,1
1440,26,-1
1431,8,-1
20,8,1
1440,35,-1
1440,10,-1
20,7,1
1440,24,-1
1126,11,-1
1433,5,-1
1440,4,-1
763,5,-1
20,26,1
1431,1916,-1
1420,42,-1
20,12,1
1440,47,-1
1307,13,-1
20,9,1
1340,23347,-1
20,337,1
1440,404,-1
1420,17,-1
20,13,1
1440,50,-1
1440,13,-1
20,9,1
1068,42,-1
568,687,1
20,163,-1
1440,489,-1
1121,17,-1
20,10,1
1440,56,-1
1344,9,-1
20,9,1
20,11,1
1440,40,-1
1440,10,-1
20,9,1
1037,30,-1
1439,11,-1
20,7,1
1440,28,-1
937,11,-1
20,10,1
562,1585,1
20,209,-1
1431,13324,-1
1440,48,-1
20,22,1
1440,46,-1
1108,11,-1
20,8,1
1440,24,-1
1440,9,-1
20,9,1
1440,35,-1
1440,8,-1
20,5,1
1166,47,-1
1432,7,-1
20,6,1
1285,27,-1
565,1122,1
20,59,-1
1431,30414,-1
1437,29,-1
20,7,1
1297,22,-1
1436,6,-1
20,5,1
1433,22,-1
1438,6,-1
20,6,1
1343,21,-1
1440,682,-1
20,11,1
1440,19,-1
1440,7,-1
20,5,1
1057,18,-1
1440,5,-1
20,5,1
1433,3803,-1
20,29,1
1440,59,-1
1180,17,-1
20,7,1
1437,21159,-1
1427,29,-1
20,15,1
1230,42,-1
1437,5716,-1
20,26,1
1337,56,-1
1440,2162,-1
20,15,1
1439,27,-1
1244,7,-1
20,6,1
1436,2798,-1
1391,14,-1
20,7,1
1234,32,-1
562,387,1
20,158,-1
1429,1884,-1
1417,7458,-1
1425,39,-1
20,19,1
1440,54,-1
1438,11,-1
20,8,1
1178,37,-1
1429,20658,-1
20,62,1
1440,106,-1
1429,16,-1
20,10,1
1439,43,-1
861,14,-1
20,8,1
1440,263,-1
1411,14,-1
20,10,1
1332,34,-1
1437,12812,-1
20,36,1
1440,48,-1
1275,14,-1
20,7,1
1440,30,-1
1432,9,-1
20,8,1
1439,38,-1
1439,11,-1
20,8,1
1440,35,-1
1432,9,-1
20,7,1
1440,34,-1
1440,10,-1
892,6,-1
1098,5,-1
1438,237,-1
1439,10,-1
1440,5,-1
1100,6,-1
1440,6,-1
1328,5,-1
20,179,1
571,2321,1
20,121,-1
575,939,1
20,53,-1
1172,45,-1
1440,707,-1
20,20,1
1440,42,-1
1269,12,-1
20,9,1
1440,4791,-1
1440,23,-1
20,9,1
1318,37,-1
1223,10,-1
20,7,1
1440,419,-1
1440,11,-1
20,8,1
1440,36,-1
1322,11,-1
20,8,1
1412,21956,-1
1440,78,-1
20,21,1
1434,58,-1
1164,13,-1
20,9,1
1214,6,-1
20,10,1
1314,17431,-1
1428,20948,-1
20,42,1
1430,70,-1
1425,17,-1
20,10,1
1206,35,-1
1369,8946,-1
20,35,1
1438,2112,-1
1437,24,-1
20,16,1
1301,47,-1
630,14079,-1
20,34,1
1435,28032,-1
1327,38,-1
20,16,1
558,732,1
20,194,-1
1436,4325,-1
1393,24,-1
20,148,-1
568,575,1
20,164,-1
566,2631,1
20,107,-1
1347,9831,-1
1440,588,-1
20,29,1
1439,48,-1
1263,9,-1
20,6,1
1440,1892,-1
1440,20,-1
20,11,1
1055,45,-1
1440,634,-1
20,14,1
1440,35,-1
1061,8,-1
20,7,1
1437,37,-1
1414,16,-1
20,9,1
1421,46,-1
20,7,1
1440,28,-1
1440,7,-1
20,5,1
1044,15,-1
1382,4,-1
20,4,1
1420,37286,-1
1440,57,-1
20,17,1
1440,54,-1
1440,10,-1
20,7,1
1067,34,-1
1440,19,-1
20,12,1
1440,46,-1
1416,12,-1
20,9,1
1439,41,-1
1440,8,-1
20,8,1
1440,43,-1
1416,10,-1
571,542,1
20,150,-1
1440,22701,-1
1440,30,-1
20,11,1
1433,39,-1
1440,9,-1
20,6,1
1435,24,-1
1440,7,-1
20,7,1
1297,28,-1
1440,8,-1
20,6,1
1440,21,-1
1434,6,-1
20,6,1
1440,23,-1
1440,6,-1
20,5,1
1440,21,-1
1022,6,-1
20,5,1
1440,27,-1
591,58902,-1
20,42,1
565,1432,1
20,129,-1
564,783,1
20,130,-1
597,56738,-1
20,35533,1
1325,43308,-1
20,60,1
962,51863,-1
20,35,1
560,803,1
20,251,-1
1437,20693,-1
1440,37,-1
20,19,1
1122,52,-1
1440,18,-1
20,14,1
1137,46,-1
1358,1606,1
20,152,-1
455,394,1
1440,42,-1
1433,5,-1
20,4,1
1440,19,-1
1419,5,-1
20,4,1
1439,18,-1
1170,4,-1
20,4,1
1244,17,-1
562,990,1
20,76,-1
1440,1426,-1
1440,13,-1
20,7,1
1438,23,-1
1164,8,-1
20,7,1
1369,9657,-1
1440,710,-1
20,19,1
971,43,-1
1440,1286,-1
20,26,1
20,8,1
1278,28,-1
1440,898,-1
20,11,1
1412,23,-1
1439,7,-1
20,6,1
1412,26,-1
1440,8,-1
20,7,1
1436,20,-1
1398,5,-1
20,5,1
1316,21,-1
1440,1147,-1
650,14,-1
1345,10,-1
1440,1261,-1
20,12,1
1440,18,-1
1185,4,-1
20,4,1
574,885,1
20,138,-1
20,10,1
1437,44,-1
1217,10,-1
20,357,1
1434,3180,-1
1436,33,-1
20,19,1
847,72,-1
1436,236,-1
20,23,1
1440,34,-1
1428,10,-1
20,8,1
1439,66,-1
1424,13,-1
20,7,1
1437,137,-1
1437,8,-1
1405,3,-1
1430,3,-1
1422,2,-1
852,4,-1
1436,2,-1
1432,2,-1
993,42,-1
20,12,1
1436,743,-1
1356,17,-1
20,9,1
567,587,1
20,155,-1
572,5169,1
20,49,-1
121,804,-1
558,225,1
20,210,-1
1440,47486,-1
1433,37,-1
20,13,1
1234,38,-1
1440,3304,-1
20,18,1
1439,49,-1
1224,17,-1
20,10,1
1440,27095,-1
1431,29,-1
20,11,1
1440,13,-1
20,7,1
1440,25,-1
894,7,-1
20,5,1
1440,335,-1
1359,6,-1
20,4,1
1439,513,-1
1347,7,-1
20,5,1
565,1870,1
20,151,-1
1433,33907,-1
1440,44,-1
20,13,1
1440,32,-1
1405,7,-1
20,6,1
1437,29,-1
1440,10,-1
20,6,1
1367,27,-1
1275,11,-1
1424,23986,-1
1439,35,-1
20,12,1
1420,38,-1
1440,10,-1
20,7,1
1101,33,-1
566,761,1
20,106,-1
1433,27711,-1
1440,46,-1
20,13,1
1437,36,-1
1408,8,-1
20,7,1
1439,26,-1
1187,8,-1
20,8,1
1440,26,-1
1428,9,-1
20,6,1
1432,22,-1
1440,8,-1
20,7,1
20,116,1
1440,77,-1
1436,11,-1
1335,5,-1
20,208,1
1440,2288,-1
1439,20,-1
20,13,1
1003,44,-1
1440,11,-1
20,9,1
1440,38,-1
1380,10,-1
1440,6,-1
1424,4,-1
1037,4,-1
20,140,1
1440,693,-1
1440,9,-1
20,6,1
1066,32,-1
1440,414,-1
20,13,1
1440,35,-1
1440,19,-1
1437,6,-1
20,5,1
1075,27,-1
563,657,1
20,112,-1
1437,18363,-1
1439,31,-1
20,11,1
1440,48,-1
1421,7,-1
20,5,1
1440,16,-1
1440,6,-1
20,6,1
1438,15,-1
1116,4,-1
20,4,1
1440,14,-1
1440,5,-1
20,5,1
1034,14,-1
1440,4,-1
20,4,1
1267,48,-1
1440,922,-1
20,19,1
1440,44,-1
1207,16,-1
20,11,1
1440,1361,-1
1277,16,-1
20,11,1
1411,15409,-1
1440,91,-1
20,17,1
1440,37,-1
1265,10,-1
20,6,1
563,1547,1
20,137,-1
1426,15066,-1
1438,61,-1
20,20,1
1409,60,-1
1184,11,-1
20,8,1
1436,336,-1
1257,28,-1
20,403,1
1364,10146,-1
1440,255,-1
20,17,1
1184,49,-1
1440,5900,-1
20,35,1
1440,52,-1
1140,11,-1
20,8,1
1440,1043,-1
1432,15,-1
20,10,1
1342,53,-1
560,777,1
20,209,-1
1439,1369,-1
1440,17,-1
20,9,1
1063,37,-1
1384,1395,-1
20,22,1
1425,865,-1
1437,52,-1
20,14,1
1440,47,-1
1067,11,-1
20,8,1
1295,42,-1
1437,12131,-1
20,25,1
1440,39,-1
1430,9,-1
20,6,1
1440,30,-1
1337,9,-1
20,6,1
562,394,1
20,127,-1
1439,23504,-1
1434,33,-1
20,13,1
1440,35,-1
1176,11,-1
20,6,1
1440,13435,-1
1338,29,-1
906,61775,-1
20,35597,1
476,64531,-1
20,46,1
576,64531,-1
20,44,1
564,3255,1
20,216,-1
1453,54260,1
253,199,1
20,191,-1
534,64531,-1
20,40011,1
581,64531,-1
20,32,1
561,839,1
20,221,-1
1141,353,1
20,182,-1
656,64531,-1
99,36,1
20,26,1
869,64531,-1
20,49,-1
1440,342,-1
20,15,1
1440,21,-1
1434,5,-1
20,3,1
1440,14,-1
1053,5,-1
20,4,1
567,1381,1
20,137,-1
565,1007,1
20,182,-1
1373,829,-1
1295,19883,-1
20,46,1
1438,45297,-1
1434,54,-1
20,17,1
1440,43,-1
1096,12,-1
20,9,1
1440,37,-1
1134,10,-1
20,8,1
565,1216,1
20,100,-1
1440,7049,-1
1348,21,-1
20,13,1
1436,50502,-1
1440,50,-1
20,16,1
1439,40,-1
1440,12,-1
20,8,1
963,29,-1
1440,8,-1
20,8,1
1424,31,-1
1440,11,-1
20,7,1
1440,30,-1
1422,10,-1
20,7,1
1440,40,-1
1436,10,-1
20,9,1
1292,28,-1
1391,39,-1
20,14,1
20,563,-1
1434,38142,-1
1421,43,-1
20,16,1
1221,66,-1
563,1875,1
20,327,-1
1426,64055,-1
1440,55,-1
20,18,1
1428,49,-1
1299,14,-1
20,8,1
564,609,1
20,172,-1
1433,51234,-1
1440,52,-1
20,16,1
1123,63,-1
1440,13,-1
20,11,1
1379,40,-1
1440,18,-1
20,9,1
868,27,-1
1440,1252,-1
20,12,1
1440,30,-1
1436,6,-1
20,5,1
1439,22,-1
1435,6,-1
20,5,1
1437,23,-1
1425,5,-1
20,4,1
1430,22,-1
1438,5,-1
20,4,1
1372,21,-1
1440,280,-1
20,7,1
1437,17,-1
1440,5,-1
20,4,1
1006,20,-1
20,48,-1
575,153,1
20,136,-1
570,62410,-1
20,37287,1
1440,64531,-1
20,63,1
1440,55,-1
20,13,1
725,35,-1
20,15,1
1301,62930,-1
20,59,1
1438,56264,-1
20,52,1
1404,58,-1
20,21,1
1440,71,-1
20,15,1
1438,33,-1
20,11,1
1424,27,-1
20,12,1
1097,38,-1
1440,58,-1
1430,8,-1
20,5,1
1440,16,-1
1428,4,-1
20,4,1
1439,13,-1
1440,5,-1
20,4,1
1276,13,-1
561,2444,1
20,97,-1
1439,31894,-1
1440,32,-1
20,10,1
1417,34,-1
1440,9,-1
20,6,1
1440,37,-1
1356,10,-1
20,8,1
1070,33,-1
1440,8,-1
20,7,1
1439,22,-1
20,16,1
1437,48,-1
1117,13,-1
20,9,1
569,2660,1
20,114,-1
564,2493,1
20,133,-1
1440,10227,-1
1274,19,-1
20,11,1
1440,4437,-1
1440,15,-1
20,9,1
1159,40,-1
1440,10424,-1
20,29,1
1440,39,-1
1151,10,-1
20,7,1
1437,738,-1
1437,11,-1
20,7,1
20,15,1
1439,44,-1
975,14,-1
20,9,1
1440,52,-1
1430,13,-1
20,10,1
1343,40,-1
564,1366,1
20,76,-1
1437,40941,-1
1440,48,-1
20,19,1
1440,47,-1
1003,12,-1
20,11,1
1440,40,-1
1440,11,-1
20,9,1
1439,47,-1
1440,12,-1
20,12,1
1437,41,-1
1406,13,-1
20,4,1
571,923,1
20,107,-1
572,2116,1
20,71,-1
567,644,1
20,40,-1
1440,3096,-1
1398,17,-1
20,15,1
1265,46,-1
1436,340,-1
20,27,1
1434,49,-1
1167,11,-1
20,8,1
556,1209,1
20,193,-1
1368,11587,-1
440,25706,-1
20,41,1
1427,46307,-1
1397,50,-1
20,16,1
20,4,1
1019,19,-1
1440,6,-1
20,5,1
1436,19,-1
1438,6,-1
20,5,1
1440,16,-1
1429,6,-1
20,5,1
1253,17,-1
1421,27137,-1
20,50,1
1440,42,-1
1440,8,-1
20,6,1
1324,26,-1
1440,409,-1
20,10,1
1440,19,-1
1233,5,-1
20,5,1
1438,167,-1
1409,12,-1
1419,7,-1
20,9,1
1262,26,-1
556,748,1
20,150,-1
565,4227,1
20,149,-1
1375,40116,-1
1411,320,-1
20,34,-1
250,109,1
1440,28,-1
1440,6,-1
1438,4,-1
1415,2,-1
20,4,1
1440,20,-1
980,7,-1
20,8,1
1440,25,-1
1440,6,-1
20,7,1
1429,26,-1
1271,8,-1
1434,27070,-1
1440,29,-1
20,10,1
1140,39,-1
1425,10,-1
20,8,1
1309,32,-1
1439,5394,-1
20,23,1
1440,46,-1
1409,11,-1
20,8,1
1290,40,-1
566,1051,1
20,106,-1
1440,1474,-1
1401,16,-1
20,10,1
1100,36,-1
570,1282,1
20,81,-1
1342,41301,-1
1375,24328,-1
20,34,1
20,12,1
1435,2135,-1
1154,21,-1
20,10,1
1376,704,-1
1440,444,-1
20,18,1
1430,48,-1
1423,10,-1
20,9,1
1341,38,-1
564,1027,1
20,128,-1
1440,2251,-1
1423,15,-1
20,7,1
1142,31,-1
1440,7008,-1
20,19,1
1434,31,-1
1298,8,-1
20,5,1
1437,547,-1
1372,12,-1
20,10,1
1440,34,-1
1440,9,-1
20,7,1
1440,27,-1
1440,8,-1
1440,5,-1
1440,6,-1
967,6,-1
689,8,-1
20,213,1
1440,807,-1
1440,12,-1
1428,6,-1
1440,6,-1
1424,6,-1
1440,5,-1
1420,5,-1
1433,5,-1
1440,6,-1
879,7,-1
20,198,1
563,2737,1
20,133,-1
571,661,1
20,119,-1
1440,1456,-1
1440,14,-1
20,8,1
1440,40,-1
1440,11,-1
20,8,1
1440,36,-1
760,11,-1
20,8,1
1440,42740,-1
1423,38,-1
20,16,1
1440,43,-1
1440,8,-1
20,6,1
1440,26,-1
1010,9,-1
20,8,1
570,662,1
20,168,-1
1440,3701,-1
1342,18,-1
1438,18,-1
20,10,1
1440,39,-1
1424,8,-1
20,6,1
1440,73,-1
849,8,-1
1440,2,-1
1440,3,-1
1428,3,-1
1125,2,-1
1437,2,-1
1414,4,-1
20,4,1
20,172,1
1427,675,-1
20,21,1
1440,136,-1
1039,12,-1
20,18,1
1439,1140,-1
1440,17,-1
20,9,1
1331,56,-1
1074,17,-1
20,6,1
566,1092,1
20,133,-1
1440,14427,-1
1435,20,-1
20,8,1
1439,31,-1
1434,7,-1
20,6,1
1073,19,-1
20,896,1
567,2039,1
20,95,-1
561,257,1
20,151,-1
1440,2463,-1
1397,15,-1
20,8,1
1439,35,-1
1435,10,-1
20,7,1
986,29,-1
1422,27738,-1
1392,9,-1
1379,9,-1
1218,5,-1
20,238,1
558,489,1
20,119,-1
563,6863,1
20,107,-1
920,1257,1
20,140,-1
564,3194,1
20,103,-1
563,173,1
20,115,-1
563,4751,1
20,165,-1
1432,10060,-1
1438,37,-1
20,13,1
1432,40,-1
1236,10,-1
20,9,1
1033,33,-1
1387,832,-1
1392,69,-1
1325,17,-1
20,324,1
566,5907,1
20,171,-1
1432,49591,-1
1425,50,-1
20,24,1
1440,102,-1
1440,16,-1
20,14,1
1292,50,-1
1054,14,-1
20,13,1
1440,561,-1
1438,14,-1
20,11,1
1440,46,-1
1426,11,-1
20,8,1
1437,43,-1
1334,12,-1
20,8,1
1361,35,-1
20,13,1
1440,53,-1
1414,12,-1
20,9,1
1437,45,-1
1427,11,-1
20,9,1
1440,42,-1
1009,11,-1
20,8,1
1440,65,-1
1430,11,-1
20,9,1
1440,30,-1
1374,9,-1
1408,4,-1
1430,4,-1
1140,4,-1
20,192,1
571,1645,1
20,149,-1
565,1078,1
20,155,-1
555,1991,1
1282,6,-1
20,6,1
1433,58844,-1
1365,67,-1
20,23,1
1440,75,-1
1085,13,-1
20,11,1
1435,37,-1
1438,13,-1
20,10,1
1440,43,-1
1436,13,-1
20,10,1
1440,40,-1
1275,11,-1
20,8,1
980,34,-1
1436,25560,-1
20,43,1
1439,41,-1
1265,13,-1
20,11,1
1440,50728,-1
1426,2,-1
1055,3,-1
20,245,1
1440,11441,-1
1440,32,-1
20,10,1
1440,30,-1
1212,9,-1
20,8,1
1440,32,-1
497,9,-1
1374,5,-1
20,317,1
1415,49973,-1
20,103,1
1437,60,-1
1433,15,-1
20,10,1
1437,43,-1
1440,11,-1
20,7,1
1439,29,-1
1244,8,-1
20,7,1
1196,3,-1
20,3,1
1366,387,-1
1440,483,-1
1422,6,-1
1389,3,-1
1387,2,-1
1304,4,-1
20,98,1
562,476,1
20,94,-1
563,1696,1
20,123,-1
385,32805,-1
563,1217,1
20,95,-1
1440,26827,-1
1422,27,-1
20,9,1
1180,35,-1
564,1366,1
20,149,-1
1438,15656,-1
1418,24,-1
1440,13,-1
20,10,1
1072,27,-1
1440,8,-1
20,6,1
1289,22,-1
20,445,1
1440,4724,-1
1440,19,-1
20,10,1
1207,36,-1
565,253,1
20,121,-1
1440,3826,-1
1436,16,-1
20,10,1
1350,34,-1
1440,8,-1
20,6,1
1440,21,-1
1072,8,-1
20,6,1
1439,38067,-1
1385,45,-1
20,6,1
1440,26,-1
1115,8,-1
20,6,1
1440,14839,-1
1438,23,-1
20,7,1
1243,27,-1
1440,1418,-1
20,16,1
1310,41,-1
566,1001,1
20,150,-1
1345,11049,-1
1440,1754,-1
20,23,1
1440,55,-1
1440,9,-1
20,6,1
1440,26,-1
1025,8,-1
20,7,1
1440,47,-1
1018,11,-1
1440,38,-1
1368,9,-1
20,6,1
1440,992,-1
1440,11,-1
20,6,1
1440,24,-1
1438,9,-1
20,6,1
1006,26,-1
1440,5,-1
20,4,1
1440,24,-1
1420,8,-1
20,6,1
1440,142,-1
991,8,-1
20,6,1
569,2388,1
20,118,-1
570,1800,1
20,68,-1
569,3903,1
20,34,-1
20,16,1
1379,19,-1
20,5,1
1432,13,-1
20,5,1
1407,15,-1
20,5,1
1426,21,-1
20,5,1
1408,21,-1
1435,3,-1
20,3,1
1402,11,-1
20,5,1
1440,156,-1
1143,8,-1
20,6,1
1440,3696,-1
1440,15,-1
20,7,1
1108,29,-1
565,1076,1
20,145,-1
533,13744,1
1429,2594,-1
20,35,1
1439,59,-1
1173,14,-1
20,13,1
1440,61,-1
1422,13,-1
20,9,1
1440,73,-1
1440,14,-1
20,9,1
1215,36,-1
1437,13573,-1
20,39,1
1440,44,-1
1433,10,-1
20,9,1
1434,37,-1
1440,11,-1
20,7,1
1367,28,-1
1440,9,-1
20,8,1
1001,42,-1
1435,17644,-1
20,28,1
1440,44,-1
1169,9,-1
20,5,1
570,220,1
20,80,-1
1440,6384,-1
1439,17,-1
20,11,1
1082,37,-1
1379,13,-1
20,8,1
1386,2498,-1
1440,216,-1
20,19,1
1439,46,-1
1440,12,-1
20,8,1
1440,32,-1
1230,9,-1
20,6,1
1436,26,-1
1390,7,-1
1422,15440,-1
1439,40,-1
20,14,1
1310,53,-1
1437,141,-1
20,17,1
1430,47,-1
1436,14,-1
20,10,1
1428,39,-1
1415,11,-1
20,9,1
1419,38,-1
1439,11,-1
20,8,1
1429,29,-1
1440,9,-1
20,9,1
1437,28,-1
1422,10,-1
1385,7,-1
1433,6,-1
1430,5,-1
861,6,-1
20,8,1
1439,23,-1
1434,8,-1
20,7,1
1437,29,-1
1433,7,-1
20,7,1
1440,28,-1
1436,8,-1
20,8,1
1435,26,-1
1440,7,-1
20,6,1
1440,29,-1
1135,8,-1
1437,4,-1
1046,4,-1
1440,5,-1
527,5,-1
1440,5,-1
1440,5,-1
1435,4,-1
1434,4,-1
1067,6,-1
20,101,-1
1439,7971,-1
1440,22,-1
20,8,1
532,37,-1
1440,13724,-1
20,39,1
1440,47,-1
1294,11,-1
20,10,1
1426,9003,-1
1427,46,-1
20,21,1
1233,90,-1
1432,2320,-1
20,27,1
1440,67,-1
1223,15,-1
20,9,1
1285,35,-1
1430,7643,-1
20,31,1
1440,60,-1
1378,14,-1
1411,4,-1
1440,5,-1
1095,6,-1
1437,5,-1
1083,8,-1
20,313,1
564,8263,1
20,134,-1
567,3301,1
20,121,-1
433,61165,-1
558,8612,1
20,132,-1
1440,41708,-1
1420,40,-1
20,17,1
1434,59,-1
1276,14,-1
20,12,1
1430,41,-1
1427,12,-1
20,10,1
1202,41,-1
246,39625,1
1440,69,-1
1054,10,-1
20,8,1
1440,28,-1
1433,8,-1
20,5,1
1315,20,-1
1440,14685,-1
20,31,1
1440,39,-1
1288,10,-1
20,6,1
1439,23709,-1
1440,34,-1
20,13,1
959,39,-1
564,498,1
20,137,-1
1436,23838,-1
1440,46,-1
20,14,1
1410,44,-1
1316,10,-1
20,10,1
1440,21,-1
1036,7,-1
20,6,1
413,905,-1
569,2086,1
20,97,-1
561,523,1
20,65,-1
1436,53859,-1
1431,41,-1
20,10,1
1427,31,-1
1439,8,-1
20,9,1
1440,35,-1
1158,9,-1
20,5,1
1438,26,-1
1436,7,-1
20,6,1
1440,20,-1
1336,7,-1
20,7,1
580,2017,1
1433,842,-1
20,26,1
1440,57,-1
1415,13,-1
20,10,1
1255,38,-1
266,6798,-1
20,23,1
1440,23754,-1
1218,31,-1
20,13,1
1322,1932,-1
1425,8439,-1
20,29,1
1439,111,-1
1270,19,-1
20,13,1
1437,1719,-1
1306,15,-1
20,9,1
1428,5199,-1
1432,29,-1
20,15,1
1399,58,-1
1440,33,-1
1309,7,-1
20,5,1
1440,18,-1
1051,5,-1
20,5,1
568,2897,1
20,98,-1
1433,39741,-1
1440,46,-1
20,14,1
1440,33,-1
1418,7,-1
20,5,1
1409,28,-1
1439,6,-1
20,5,1
1440,31,-1
1440,8,-1
20,6,1
1396,27,-1
1437,8,-1
20,7,1
1224,49,-1
20,12,1
1440,36,-1
1102,9,-1
20,8,1
1440,37,-1
1436,9,-1
20,7,1
1440,34,-1
1229,10,-1
20,13,1
1174,55,-1
1440,11,-1
20,11,1
1440,50,-1
1052,12,-1
20,10,1
1439,80,-1
1424,18,-1
20,10,1
1326,34,-1
20,698,1
556,1340,1
20,217,-1
602,791,1
20,311,-1
559,220,1
20,230,-1
1453,320,1
121,158,1
20,55,-1
1355,44914,-1
647,18479,-1
20,23,1
561,713,1
20,157,-1
1467,1649,1
74,125,1
20,128,-1
1440,18369,-1
20,27,1
1295,41,-1
1440,22644,-1
20,38,1
1324,51,-1
1353,7624,-1
20,27,1
1417,3143,-1
1400,20,-1
20,50,1
1362,829,-1
1440,338,-1
20,17,1
1177,46,-1
1329,10564,-1
20,31,1
1436,4423,-1
1314,21,-1
20,10,1
708,26453,-1
1424,24408,-1
20,31,1
1312,66,-1
1439,4083,-1
20,22,1
1427,33,-1
1348,7,-1
20,5,1
20,774,-1
1427,7906,-1
1386,23,-1
20,8,1
1427,31,-1
1385,33,-1
1345,9,-1
20,7,1
1439,21315,-1
1434,37,-1
20,15,1
1430,43,-1
1440,12,-1
20,11,1
393,21,-1
1431,27404,-1
20,49,1
1364,63,-1
20,203,1
557,7455,1
20,306,-1
1437,63774,-1
1405,51,-1
20,21,1
1439,57,-1
1368,19,-1
20,13,1
1432,61,-1
1367,12,-1
20,64,-1
1435,52857,-1
1440,39,-1
20,12,1
1165,53,-1
1417,37701,-1
20,68,1
1440,70,-1
1415,13,-1
20,10,1
1440,42,-1
1425,9,-1
20,7,1
1091,31,-1
1339,23557,-1
20,47,1
1326,4228,-1
1433,22633,-1
20,38,1
1440,60,-1
1439,14,-1
20,10,1
1115,29,-1
1439,8,-1
1418,7,-1
20,6,1
1440,35,-1
1440,11,-1
20,6,1
1037,20,-1
1440,1064,-1
20,14,1
1440,24,-1
1365,4,-1
20,5,1
564,550,1
20,179,-1
1440,9906,-1
1433,25,-1
20,10,1
1440,34,-1
1437,10,-1
20,7,1
1440,25,-1
907,12,-1
20,6,1
578,680,1
20,163,-1
569,4130,1
20,107,-1
1329,28358,-1
1306,26320,-1
20,33,1
1440,28573,-1
1440,36,-1
20,13,1
1341,32,-1
1440,8,-1
20,6,1
1032,24,-1
1440,6,-1
20,5,1
1440,28,-1
1428,9,-1
20,23,1
255,43,-1
568,984,1
20,86,-1
1440,63540,-1
1440,38,-1
20,13,1
1326,55,-1
20,45,1
1439,1675,-1
1438,28,-1
20,11,1
990,39,-1
567,2044,1
20,228,-1
1440,1533,-1
1416,16,-1
20,7,1
1431,36,-1
1440,9,-1
20,6,1
1436,27,-1
1424,7,-1
20,7,1
1340,31,-1
1350,8,-1
20,6,1
1440,1272,-1
1440,9,-1
20,7,1
1414,29,-1
1290,8,-1
1394,5,-1
20,6,1
1280,29,-1
563,1756,1
20,144,-1
1398,42435,-1
1440,252,-1
20,21,1
1440,53,-1
1439,11,-1
20,11,1
943,29,-1
1440,6,-1
20,5,1
1440,22,-1
1440,6,-1
20,5,1
1438,21,-1
1440,8,-1
20,6,1
1033,24,-1
1391,7,-1
20,6,1
562,1632,1
20,10,1
1440,35,-1
1440,8,-1
20,6,1
1440,26,-1
947,8,-1
20,7,1
1367,33,-1
560,1049,1
20,93,-1
1440,26545,-1
1422,21,-1
20,8,1
1431,29,-1
1440,7,-1
20,6,1
1440,26,-1
1440,8,-1
20,5,1
1440,21,-1
1440,6,-1
20,5,1
1236,19,-1
1427,5,-1
1437,18,-1
20,8,1
1440,38,-1
1440,6,-1
20,4,1
1410,18,-1
1440,5,-1
20,4,1
1022,19,-1
1438,4,-1
20,4,1
1440,15,-1
1440,4,-1
20,4,1
1440,19,-1
1440,7,-1
1304,4,-1
1262,3,-1
20,386,1
555,3865,1
20,112,-1
1432,15839,-1
1435,39,-1
20,14,1
20,7,1
1440,17,-1
1440,3,-1
20,2,1
1440,7,-1
1440,3,-1
20,1,1
947,5,-1
1435,2,-1
20,1,1
1440,9,-1
1332,4,-1
20,2,1
568,397,1
20,28,-1
1440,8312,-1
1440,31,-1
20,10,1
861,42,-1
1421,384,-1
20,22,1
1370,200,-1
1440,456,-1
20,27,1
1437,8,-1
20,8,1
1440,26,-1
938,7,-1
20,5,1
566,907,1
20,144,-1
1419,8109,-1
1440,57,-1
20,21,1
1200,35,-1
1440,982,-1
20,16,1
1439,29,-1
1423,7,-1
20,5,1
1326,31,-1
1440,524,-1
20,9,1
1172,25,-1
1334,5,-1
20,4,1
1440,801,-1
1401,9,-1
1427,10,-1
20,8,1
1178,39,-1
547,5161,1
20,388,-1
1440,2695,-1
1425,17,-1
20,9,1
1434,33,-1
1438,12,-1
20,7,1
1399,25,-1
1440,8,-1
20,6,1
1440,26,-1
1436,7,-1
20,6,1
1422,27,-1
1440,5,-1
20,5,1
1157,23,-1
1439,6,-1
20,5,1
1314,27,-1
545,2139,1
20,187,-1
1421,51871,1
304,161,1
20,165,-1
1101,45969,-1
20,39698,1
1437,41583,-1
20,74,1
1440,66,-1
20,15,1
1440,34,-1
20,7,1
776,16,-1
1440,6,-1
20,7,1
1418,19,-1
20,11,1
1416,28,-1
20,9,1
1440,22,-1
20,8,1
1299,18,-1
20,11,1
1228,249,1
20,201,-1
1437,30516,-1
1440,37,-1
20,12,1
1158,39,-1
1363,7,-1
20,7,1
567,2223,1
20,117,-1
1440,24093,-1
1440,23,-1
20,9,1
979,37,-1
1439,11986,-1
20,28,1
1434,44,-1
1416,10,-1
20,6,1
1426,27,-1
1440,7,-1
20,6,1
1160,26,-1
182,31110,-1
1334,30,-1
20,11,1
1440,34357,-1
1407,54,-1
20,27,1
1440,52,-1
1422,13,-1
20,10,1
1440,39,-1
1003,12,-1
20,15,1
1440,1831,-1
1440,20,-1
20,13,1
1413,41,-1
1438,11,-1
20,10,1
1440,43,-1
1056,17,-1
1318,8,-1
540,307,1
20,188,-1
571,525,1
20,149,-1
1438,15593,-1
20,39,1
1440,40,-1
1235,8,-1
20,9,1
568,1114,1
20,101,-1
1440,6240,-1
1440,16,-1
20,10,1
1002,32,-1
1440,9,-1
20,7,1
1440,23,-1
1117,7,-1
20,6,1
1440,31323,-1
1440,24,-1
20,9,1
1440,37,-1
1293,9,-1
20,7,1
1237,31,-1
1440,8,-1
950,41,-1
1440,9,-1
20,6,1
1440,27,-1
1440,8,-1
20,7,1
1011,23,-1
571,1216,1
20,83,-1
1339,8259,-1
1433,27628,-1
20,55,1
1439,50,-1
1153,9,-1
20,7,1
1319,26,-1
1440,601,-1
20,16,1
1440,29,-1
1439,9,-1
20,7,1
1440,27,-1
1159,8,-1
20,8,1
1365,13,-1
20,8,1
1440,387,-1
1421,16,-1
20,9,1
1440,44,-1
1107,13,-1
20,11,1
562,1844,1
20,141,-1
1437,18886,-1
1171,35,-1
20,17,1
1440,20979,-1
1252,32,-1
20,13,1
1347,1311,-1
1440,385,-1
20,23,1
1284,64,-1
1377,642,-1
20,19,1
1437,21499,-1
1363,36,-1
1434,15132,-1
20,41,1
1438,55,-1
1440,12,-1
20,7,1
1440,31,-1
1135,10,-1
20,10,1
1439,36232,-1
1420,39,-1
20,19,1
1440,46,-1
1438,10,-1
20,7,1
1440,27,-1
1430,8,-1
20,7,1
1440,29,-1
1298,8,-1
20,7,1
1439,20,-1
1155,6,-1
20,6,1
1440,27,-1
1439,77,-1
20,14,1
1440,46,-1
1440,12,-1
20,7,1
924,28,-1
1436,6,-1
20,6,1
1440,21,-1
1440,6,-1
20,6,1
1440,35,-1
1440,8,-1
20,6,1
1440,28,-1
1440,8,-1
1420,4,-1
1433,4,-1
1440,4,-1
1006,4,-1
1296,4,-1
1438,4,-1
1128,2,-1
20,278,1
1220,13,-1
570,1586,1
20,166,-1
562,553,1
20,123,-1
1344,5719,-1
1343,16789,-1
20,47,1
563,19163,1
20,227,-1
1437,46195,-1
1080,36,-1
20,12,1
1430,42577,-1
1417,54,-1
20,23,1
1440,58,-1
1364,14,-1
20,15,1
1428,46,-1
1440,10,-1
20,8,1
1440,28,-1
1296,7,-1
20,19,1
1439,9721,-1
1440,27,-1
20,15,1
1440,43,-1
1435,13,-1
20,8,1
1303,31,-1
563,333,1
20,84,-1
1440,246,-1
1434,12,-1
20,8,1
1206,31,-1
1290,9,-1
20,7,1
1426,43239,-1
1440,56,-1
20,18,1
1290,50,-1
1044,1089,-1
20,18,1
1440,54,-1
1266,11,-1
1355,21,-1
1359,11,-1
20,11,1
20,1103,-1
1480,5828,1
139,105,1
20,163,-1
450,37756,-1
20,38021,1
1288,39829,-1
20,36902,1
1371,18571,-1
20,109,1
1426,1312,-1
1345,30,-1
20,13,1
563,3424,1
20,137,-1
564,29391,1
20,58,-1
570,4648,1
20,134,-1
1427,5429,-1
1417,34,-1
1440,16,-1
20,9,1
1063,47,-1
1439,11,-1
20,7,1
1440,36,-1
1440,9,-1
20,5,1
1440,23,-1
1440,9,-1
20,6,1
1115,23,-1
1440,8883,-1
20,30,1
1440,35,-1
1127,7,-1
20,7,1
1440,31,-1
1242,14,-1
20,10,1
563,2077,1
20,111,-1
1440,13254,-1
1420,30,-1
574,1994,1
20,140,-1
1440,5161,-1
1395,29,-1
20,11,1
1210,42,-1
1440,283,-1
20,19,1
1440,35,-1
1150,8,-1
20,6,1
1440,33956,-1
1414,27,-1
20,10,1
1436,27,-1
1433,9,-1
20,6,1
1439,19,-1
1256,7,-1
20,7,1
577,2393,1
20,124,-1
577,232,1
20,96,-1
1440,31,-1
1437,9,-1
20,5,1
1436,26,-1
1218,6,-1
20,6,1
1291,24,-1
1439,261,-1
20,13,1
1261,32,-1
562,1521,1
20,125,-1
1437,20746,-1
1439,37,-1
20,13,1
1440,48,-1
1033,11,-1
20,8,1
1440,50,-1
1405,12,-1
20,11,1
1436,235,-1
1440,15,-1
20,9,1
1351,164,-1
20,16,1
1370,2332,-1
562,902,1
20,71,-1
564,655,1
20,111,-1
1384,3153,-1
1440,328,-1
20,25,1
1121,53,-1
1353,14,-1
20,10,1
561,2397,1
20,164,-1
561,35439,1
20,179,-1
565,31845,1
20,221,-1
499,33691,-1
20,38106,1
1377,29198,-1
1425,1205,-1
20,27,1
1140,3,-1
20,5,1
1440,5193,-1
1433,16,-1
20,8,1
1355,40,-1
1440,660,-1
20,17,1
1038,37,-1
1437,5,-1
20,5,1
1438,42,-1
1435,8,-1
20,8,1
1440,32,-1
1431,8,-1
20,8,1
1440,93,-1
1435,10,-1
1380,5,-1
1428,4,-1
943,5,-1
20,202,1
561,781,1
1425,11,-1
1434,8,-1
1428,7,-1
1430,9,-1
1425,7,-1
1421,8,-1
1422,8,-1
1429,9,-1
1426,7,-1
1418,9,-1
1427,7,-1
1318,7,-1
20,373,1
560,2917,1
20,127,-1
563,7237,1
20,158,-1
563,4068,1
20,129,-1
1440,19700,-1
1434,23,-1
20,11,1
1429,35,-1
1440,8,-1
20,59,-1
563,6293,1
20,218,-1
1440,17989,-1
1352,32,-1
20,16,1
1436,71,-1
1440,12,-1
20,9,1
1262,39,-1
1440,11,-1
20,8,1
1439,36,-1
1440,10,-1
20,9,1
1440,36,-1
1244,8,-1
20,8,1
1440,26,-1
1213,8,-1
20,9,1
1440,30,-1
1440,10,-1
944,5,-1
1436,58,-1
1420,10,-1
20,6,1
1402,27,-1
1423,9,-1
20,7,1
1213,36,-1
568,5136,1
20,111,-1
1440,46731,-1
1310,39,-1
20,18,1
1439,320,-1
1436,16,-1
20,9,1
1089,29,-1
1440,12542,-1
20,30,1
1321,36,-1
568,1071,1
20,133,-1
1430,21832,-1
1408,29,-1
20,13,1
20,14,1
1121,44,-1
566,4102,1
20,161,-1
1440,13041,-1
1432,32,-1
20,13,1
1438,55,-1
1432,11,-1
20,8,1
1299,35,-1
1440,2803,-1
20,18,1
1439,41,-1
1440,12,-1
20,10,1
927,37,-1
1437,138,-1
20,24,1
1440,44,-1
1061,11,-1
20,10,1
1437,642,-1
1421,21,-1
1054,18,-1
20,10,1
1440,42430,-1
1440,40,-1
20,14,1
1440,41,-1
1043,14,-1
20,11,1
564,2257,1
20,82,-1
1440,63578,-1
1436,51,-1
20,22,1
1440,57,-1
1440,14,-1
20,12,1
1389,42,-1
1085,15,-1
20,15,1
1440,46,-1
1432,14,-1
20,12,1
1440,41,-1
1421,9,-1
1440,19,-1
20,11,1
1432,34,-1
1440,12,-1
20,8,1
1260,38,-1
1439,9,-1
20,8,1
1436,33,-1
1347,12,-1
20,8,1
1440,41,-1
1440,10,-1
20,12,1
1059,40,-1
1440,9,-1
20,7,1
1440,26,-1
1424,8,-1
20,7,1
1440,61,-1
1440,9,-1
20,7,1
1440,37,-1
20,13,1
1440,35,-1
1367,11,-1
20,8,1
1422,35,-1
1440,9,-1
20,9,1
1440,29,-1
1049,13,-1
20,9,1
1434,29886,-1
1440,49,-1
20,20,1
1440,48,-1
1140,11,-1
20,7,1
1219,29,-1
1428,13745,-1
20,47,1
1439,54,-1
1440,11,-1
20,9,1
1440,32,-1
1395,12,-1
20,14,-1
20,28,-1
571,652,1
20,37,-1
1440,2444,-1
1416,22,-1
20,16,1
1332,50,-1
1440,635,-1
20,13,1
1428,25,-1
1422,6,-1
20,4,1
1427,18,-1
1414,8,-1
20,5,1
1335,22,-1
1407,239,-1
20,13,1
1440,336,-1
1153,13,-1
20,9,1
1440,731,-1
1423,12,-1
20,28,-1
566,106,1
20,190,-1
1169,1023,1
20,156,-1
564,218,1
20,118,-1
412,64531,-1
572,48046,-1
20,45,1
507,64531,-1
20,43221,1
734,63258,-1
560,1284,1
20,202,-1
556,64531,-1
20,39744,1
1281,64531,-1
563,2755,1
20,118,-1
565,14751,1
20,211,-1
562,1170,1
20,79,-1
1425,24,-1
20,8,1
1309,14,-1
1440,719,-1
20,12,1
1428,12,-1
1437,3,-1
20,3,1
1435,9,-1
1438,3,-1
20,2,1
1432,7,-1
1247,2,-1
20,2,1
1440,8,-1
1424,3,-1
20,4,1
1314,10,-1
1425,9158,-1
20,32,1
1439,28,-1
1388,8,-1
20,5,1
1437,85,-1
20,17,1
1231,42,-1
1432,4979,-1
20,26,1
1434,61,-1
1255,16,-1
20,10,1
566,1416,1
20,240,-1
562,565,1
20,140,-1
1434,11177,-1
1431,30,-1
20,14,1
1185,51,-1
1438,2286,-1
20,18,1
1314,38,-1
1440,2032,-1
20,20,1
1321,30,-1
1440,384,-1
20,18,1
1357,29,-1
20,22,1
568,809,1
20,123,-1
1438,59682,-1
1440,52,-1
20,18,1
1419,57,-1
1440,15,-1
20,13,1
943,47,-1
1440,11,-1
20,10,1
1439,40,-1
1248,12,-1
20,12,1
1440,47,-1
1440,11,-1
20,10,1
1437,39,-1
1440,11,-1
20,11,1
1434,37,-1
1251,11,-1
20,355,1
20,14,1
1440,42,-1
1072,10,-1
20,7,1
1440,1046,-1
1440,13,-1
20,8,1
1286,31,-1
1425,13149,-1
20,42,1
1439,62,-1
1440,11,-1
20,7,1
1319,30,-1
1439,313,-1
20,13,1
1439,36,-1
1440,11,-1
20,8,1
1054,27,-1
1361,9,-1
20,6,1
586,607,1
20,140,-1
1421,8,-1
1435,9,-1
1433,7,-1
1432,7,-1
1423,8,-1
1414,8,-1
1436,7,-1
1417,6,-1
1437,7,-1
887,8,-1
20,445,1
563,2963,1
20,167,-1
564,781,1
20,130,-1
565,1265,1
20,97,-1
563,2111,1
20,116,-1
1440,4016,-1
1431,18,-1
20,8,1
1428,23,-1
1440,8,-1
584,3948,1
20,28,-1
1440,326,-1
1440,6,-1
20,4,1
1440,17,-1
1308,5,-1
20,4,1
1438,32524,-1
1431,28,-1
20,10,1
1440,27,-1
1295,8,-1
20,7,1
1440,35,-1
1422,10,-1
20,8,1
1435,33,-1
1429,8,-1
20,6,1
1440,26,-1
1440,8,-1
20,7,1
1079,32,-1
20,15,1
1419,37,-1
1435,15,-1
20,11,1
1358,42,-1
1440,12,-1
20,8,1
1274,28,-1
1435,7252,-1
20,52,1
1440,50,-1
1218,14,-1
20,8,1
563,516,1
20,129,-1
1430,47454,-1
1435,55,-1
20,19,1
1430,50,-1
1229,11,-1
20,8,1
1430,18258,-1
1440,36,-1
20,13,1
1439,7,-1
20,7,1
1440,28,-1
1440,10,-1
20,6,1
1186,31,-1
1440,8,-1
20,5,1
1245,24,-1
564,3492,1
20,152,-1
1438,39662,-1
1245,45,-1
20,23,1
1440,215,-1
1440,15,-1
20,9,1
1017,31,-1
564,305,1
20,200,-1
1440,1265,-1
1440,16,-1
20,9,1
1339,39,-1
1439,7,-1
20,6,1
1154,26,-1
568,1032,1
20,129,-1
1440,263,-1
1440,11,-1
20,8,1
1440,25,-1
1440,7,-1
20,6,1
1440,27,-1
1188,11,-1
20,9,1
1440,45,-1
1440,9,-1
20,8,1
1440,31,-1
1440,10,-1
20,9,1
965,30,-1
1440,8,-1
20,7,1
1440,43,-1
1412,9,-1
20,7,1
1440,32,-1
1430,8,-1
20,6,1
1440,24,-1
1400,8,-1
20,7,1
1440,99,-1
1241,19,-1
1421,6,-1
1432,4,-1
1420,4,-1
1168,5,-1
20,158,1
562,1018,1
20,131,-1
568,681,1
20,181,-1
1380,852,-1
564,1574,1
20,166,-1
1440,23379,-1
1385,34,-1
1432,1303,-1
1440,16,-1
20,11,1
1440,45,-1
1440,10,-1
20,8,1
1051,33,-1
1438,9,-1
20,7,1
1437,28,-1
1438,9,-1
20,10,1
1439,27,-1
1434,7,-1
20,8,1
1436,28,-1
1426,9,-1
20,7,1
1440,30,-1
1434,7,-1
20,6,1
1440,27,-1
1402,8,-1
1394,6,-1
20,11,1
1122,27,-1
20,36231,1
1430,23361,-1
1440,76,-1
20,14,1
1424,44,-1
1435,11,-1
20,8,1
1437,24,-1
1440,10,-1
20,7,1
1437,26,-1
872,8,-1
20,8,1
1437,75,-1
1440,16,-1
20,9,1
1428,34,-1
1440,11,-1
20,11,1
1430,49,-1
1086,13,-1
62,478,1
1439,17,-1
20,9,1
1435,43,-1
1270,10,-1
20,7,1
568,1397,1
20,45,-1
567,2121,1
20,98,-1
561,365,1
20,77,-1
1440,7398,-1
1390,18,-1
20,7,1
1440,30,-1
1436,6,-1
20,6,1
1166,21,-1
567,723,1
20,163,-1
1440,257,-1
1440,11,-1
20,8,1
1383,26,-1
20,15,1
1440,41,-1
1438,9,-1
20,6,1
1427,28,-1
1440,11,-1
20,8,1
973,31,-1
566,1154,1
20,122,-1
1434,18387,-1
1440,41,-1
20,12,1
1440,43,-1
1440,7,-1
20,6,1
1395,27,-1
1440,9,-1
20,6,1
1440,26,-1
1257,7,-1
20,5,1
1419,24,-1
1434,16,-1
1440,19,-1
20,12,1
1440,36,-1
1440,8,-1
20,5,1
965,24,-1
1434,7,-1
20,6,1
1440,29,-1
1440,8,-1
20,7,1
1440,30,-1
1440,9,-1
20,9,1
1438,35,-1
1053,11,-1
20,9,1
1438,28,-1
1013,11,-1
20,11,1
1439,33,-1
1440,15,-1
20,9,1
1440,48,-1
1435,13,-1
20,10,1
1211,34,-1
1440,3901,-1
20,24,1
1440,62,-1
1179,14,-1
20,14,1
564,4331,1
20,221,-1
1438,10772,-1
1418,37,-1
20,16,1
1440,46,-1
1429,10,-1
20,8,1
1293,27,-1
1233,10,-1
20,12,1
569,5867,1
20,175,-1
567,1386,1
20,125,-1
1400,4633,-1
20,4,1
1153,30,-1
1440,7,-1
20,6,1
1299,30,-1
20,38393,1
1416,27172,-1
1440,79,-1
20,19,1
1440,65,-1
1440,14,-1
20,9,1
834,27,-1
1431,14983,-1
20,61,1
1439,55,-1
1440,13,-1
20,10,1
1023,40,-1
1440,12,-1
20,9,1
1431,38,-1
1439,11,-1
20,8,1
1440,24,-1
1065,7,-1
20,6,1
571,1144,1
20,153,-1
1440,1803,-1
1440,14,-1
20,7,1
1439,19,-1
1440,5,-1
20,4,1
1440,15,-1
1435,4,-1
20,3,1
1136,14,-1
1436,4,-1
20,4,1
1440,34,-1
1439,6,-1
20,5,1
1440,22,-1
1437,6,-1
20,5,1
1436,35,-1
1440,21,-1
20,14,1
1404,36,-1
1439,11,-1
20,11,1
1436,35,-1
1344,12,-1
20,11,1
1443,21720,1
196,217,1
20,90,-1
1438,47379,-1
1440,46,-1
20,17,1
1440,58,-1
1431,13,-1
20,11,1
1293,48,-1
1440,11,-1
20,10,1
1037,46,-1
1439,14,-1
20,12,1
1434,49,-1
1440,8,-1
20,5,1
1440,13,-1
1006,3,-1
20,3,1
1440,11,-1
1437,3,-1
20,3,1
1437,8,-1
1439,3,-1
20,4,1
1440,15,-1
1439,6,-1
20,4,1
1440,14,-1
1252,4,-1
1427,309,-1
1439,10,-1
1280,4,-1
20,310,1
1432,3861,-1
1437,23,-1
20,11,1
1376,41,-1
1440,416,-1
20,18,1
1323,38,-1
1438,10,-1
20,8,1
1440,39,-1
1415,10,-1
20,7,1
1436,29,-1
1440,8,-1
20,7,1
1440,34,-1
1440,9,-1
20,6,1
1440,24,-1
1440,7,-1
20,6,1
1435,25,-1
964,7,-1
20,5,1
1439,16,-1
1440,7,-1
20,6,1
1440,27,-1
1210,10,-1
20,6,1
561,1585,1
20,109,-1
562,3325,1
20,129,-1
560,1177,1
20,120,-1
560,2980,1
20,139,-1
560,4070,1
20,149,-1
1438,27885,-1
1390,40,-1
20,16,1
1423,52,-1
1433,16,-1
20,12,1
1437,32,-1
1356,9,-1
20,8,1
1437,26,-1
1262,9,-1
20,7,1
1440,17,-1
20,9,1
1226,33,-1
1440,16523,-1
20,37,1
1440,48,-1
1146,10,-1
20,8,1
1440,32,-1
1088,10,-1
20,8,1
1352,37,-1
562,633,1
20,184,-1
1440,1856,-1
1354,17,-1
20,9,1
1440,42,-1
1440,15,-1
20,11,1
1209,27,-1
1404,17657,-1
20,47,1
1433,194,-1
564,871,1
20,145,-1
1440,44566,-1
1440,39,-1
20,14,1
1440,38,-1
1007,9,-1
20,7,1
1440,44025,-1
1433,37,-1
20,15,1
1426,47,-1
1440,12,-1
20,11,1
1094,45,-1
1440,10,-1
20,9,1
1440,35,-1
1440,9,-1
20,9,1
1440,36,-1
937,12,-1
20,12,1
585,1534,1
1259,7,-1
20,7,1
1439,28,-1
1331,9,-1
20,6,1
1439,29666,-1
1421,33,-1
20,15,1
1440,47,-1
1063,11,-1
20,9,1
1329,38,-1
568,1242,1
20,132,-1
1257,50248,-1
1436,14345,-1
20,34,1
1440,40,-1
1313,9,-1
20,6,1
564,629,1
20,143,-1
1440,1703,-1
1401,16,-1
20,15,1
571,1399,1
20,155,-1
562,56,1
20,105,-1
1440,3245,-1
1440,14,-1
20,6,1
1082,29,-1
564,1600,1
20,169,-1
1440,13662,-1
1336,27,-1
20,14,1
1440,59,-1
1412,9,-1
20,6,1
1060,26,-1
1431,589,-1
20,15,1
1431,76,-1
1325,8,-1
20,7,1
568,5800,1
20,30,1
1440,67,-1
1438,12,-1
20,12,1
1440,44,-1
1427,12,-1
20,11,1
1440,47,-1
1030,12,-1
1440,9,-1
1440,6,-1
1131,7,-1
1203,7,-1
1390,6,-1
1432,215,-1
1439,12,-1
1440,8,-1
1144,8,-1
1438,10,-1
1437,8,-1
1423,9,-1
1398,10,-1
1425,8,-1
1416,8,-1
576,64531,1
20,309,-1
534,64531,-1
20,48,1
577,42514,1
20,216,-1
594,64531,-1
20,39324,1
693,64531,-1
20,41,1
559,1837,1
20,212,-1
608,64531,-1
20,39679,1
535,64531,-1
20,46,1
566,64531,-1
20,53,1
571,64531,-1
20,45,1
563,4001,1
20,253,-1
618,64531,-1
101,47638,-1
1433,23,-1
1130,10,-1
20,8,1
567,5704,1
20,148,-1
1440,32014,-1
976,39,-1
20,17,1
1440,19103,-1
1421,35,-1
20,14,1
1437,51,-1
1440,12,-1
20,7,1
1147,31,-1
1439,109,-1
20,15,1
1261,39,-1
1440,10260,-1
20,36,1
1440,40,-1
1428,7,-1
20,6,1
1415,21,-1
20,7,1
892,29,-1
566,2223,1
20,150,-1
1440,9727,-1
1435,23,-1
20,11,1
1439,41,-1
1437,11,-1
20,8,1
1429,32,-1
1440,9,-1
20,9,1
1439,27,-1
1433,6,-1
20,8,1
1440,39,-1
1440,8,-1
1439,4,-1
1423,4,-1
990,4,-1
1440,3,-1
1391,3,-1
1427,3,-1
1434,7350,-1
1398,30,-1
20,14,1
1440,49,-1
1440,13,-1
20,8,1
836,37,-1
1434,297,-1
20,21,1
1440,75,-1
1398,13,-1
20,9,1
1431,37,-1
1438,9,-1
20,8,1
1344,34,-1
1368,15,-1
20,356,1
1439,16406,-1
1440,26,-1
20,10,1
1364,35,-1
1440,9,-1
20,7,1
20,5,1
1440,20,-1
1439,6,-1
20,4,1
1439,17,-1
1440,4,-1
20,3,1
537,15,-1
1429,15906,-1
20,46,1
1437,50,-1
1068,8,-1
20,5,1
1440,160,-1
1440,7,-1
20,6,1
1440,26,-1
1415,9,-1
20,8,1
1440,31,-1
1440,9,-1
20,6,1
1437,26,-1
1251,7,-1
1439,6,-1
20,5,1
1440,28,-1
869,7,-1
20,5,1
564,2617,1
20,99,-1
1440,2609,-1
1437,17,-1
20,7,1
1440,27,-1
1380,7,-1
20,7,1
1439,23,-1
1432,8,-1
20,7,1
1051,28,-1
565,1266,1
20,159,-1
1440,43133,-1
1374,42,-1
20,13,1
578,829,1
20,131,1
20,20,1
1357,43,-1
1440,654,-1
20,20,1
1440,47,-1
1408,10,-1
20,8,1
1440,32,-1
1440,10,-1
20,8,1
1440,35,-1
1048,10,-1
20,8,1
1440,29,-1
889,10,-1
20,9,1
1434,37103,-1
1440,53,-1
20,15,1
1440,39,-1
1440,10,-1
20,7,1
1440,33,-1
1354,10,-1
1417,8,-1
20,6,1
1440,60,-1
1167,10,-1
1440,5,-1
1419,4,-1
1184,3,-1
1345,3,-1
20,235,1
1438,1236,-1
1368,17,-1
20,334,1
1437,1895,-1
1440,18,-1
20,7,1
1440,30,-1
1440,7,-1
20,5,1
1176,19,-1
1268,5,-1
20,6,1
1438,23,-1
1440,6,-1
20,6,1
20,10,1
1440,38,-1
1061,9,-1
20,7,1
1440,1981,-1
1440,13,-1
20,9,1
1346,31,-1
1432,621,-1
20,28,1
1429,69,-1
1434,11,-1
20,9,1
1440,48,-1
1439,11,-1
20,10,1
1440,38,-1
1431,9,-1
1406,5,-1
1437,5,-1
1437,4,-1
1064,5,-1
1436,5,-1
1413,3,-1
1262,2,-1
20,227,1
1440,352,-1
1410,12,-1
1299,4,-1
1418,362,-1
1293,19,-1
1340,284,-1
1432,361,-1
1412,9,-1
1373,4,-1
1403,4,-1
1414,5,-1
1298,3,-1
20,77,1
20,141,-1
539,338,1
20,165,-1
570,5351,1
20,164,-1
555,252,1
20,155,-1
564,414,1
20,71,-1
20,11,1
1440,42,-1
1384,9,-1
20,7,1
1440,274,-1
1438,11,-1
20,7,1
1439,42,-1
1440,10,-1
20,7,1
632,28,-1
564,1344,1
20,147,-1
1435,55310,-1
1439,59,-1
20,19,1
1422,40,-1
1440,13,-1
20,9,1
1170,40,-1
1440,13,-1
20,9,1
1439,38,-1
1365,12,-1
1399,13,-1
20,8,1
1163,28,-1
341,878,1
1438,160,-1
1440,8,-1
1416,3,-1
20,6,1
1439,29,-1
1440,7,-1
20,8,1
150,19,-1
563,6366,1
20,204,-1
1438,19547,-1
1383,37,-1
20,13,1
1424,45,-1
1435,15,-1
20,12,1
1412,45,-1
1407,13,-1
20,11,1
1303,61,-1
1440,12,-1
20,9,1
1042,21,-1
20,41411,1
1435,5304,-1
1438,39,-1
20,15,1
1440,63,-1
1440,12,-1
20,10,1
1439,34,-1
1097,11,-1
20,9,1
1440,37,-1
1440,10,-1
20,8,1
1440,33,-1
1440,11,-1
20,10,1
1061,32,-1
1440,11,-1
20,7,1
1087,36,-1
1440,11,-1
20,26,-1
1431,43147,-1
1440,46,-1
20,16,1
961,47,-1
1437,12,-1
20,7,1
1439,32,-1
1436,11,-1
20,9,1
1440,30,-1
663,8,-1
20,4,1
1356,52526,-1
567,433,1
20,141,-1
1285,35828,-1
1438,32664,-1
20,48,1
1440,49,-1
1431,10,-1
20,8,1
1434,29,-1
1395,8,-1
20,349,-1
572,3989,1
20,86,-1
569,205,1
20,171,-1
583,2540,1
20,166,-1
20,217,-1
20,67,-1
20,138,-1
564,602,1
20,149,-1
1440,2373,-1
1440,14,-1
20,8,1
1383,27,-1
1440,8,-1
20,6,1
795,34,-1
1440,213,-1
20,13,1
1440,31,-1
1439,6,-1
20,7,1
1374,14,-1
20,12,1
1439,57,-1
1439,14,-1
20,8,1
1438,37,-1
1433,9,-1
20,6,1
1436,28,-1
1194,10,-1
20,286,1
559,1873,1
20,162,-1
1440,5844,-1
1248,21,-1
20,10,1
1430,34,-1
1432,10,-1
20,8,1
1436,36,-1
1440,11,-1
20,8,1
935,38,-1
536,3228,1
1440,75,-1
1440,9,-1
20,8,1
1440,44,-1
1440,12,-1
20,10,1
1440,39,-1
1155,10,-1
20,8,1
986,29,-1
1440,11,-1
20,8,1
1440,36,-1
1440,9,-1
1056,8,-1
1365,4,-1
20,312,1
1439,79,-1
1437,16,-1
1433,5,-1
1377,5,-1
1426,4,-1
1418,5,-1
1428,5,-1
1360,8,-1
20,8,1
1437,170,-1
1151,13,-1
20,5,1
572,2616,1
20,130,-1
566,371,1
20,140,-1
1440,4406,-1
1438,26,-1
20,13,1
1437,41,-1
1389,11,-1
20,10,1
1440,34,-1
1026,9,-1
20,9,1
1379,20864,-1
1440,246,-1
20,25,1
1439,70,-1
1436,12,-1
20,9,1
20,8,1
1440,38,-1
1146,13,-1
20,8,1
1437,18155,-1
1435,34,-1
20,15,1
1435,47,-1
1440,14,-1
20,11,1
1113,34,-1
1435,348,-1
20,21,1
1243,50,-1
1437,307,-1
20,16,1
1427,40,-1
1289,13,-1
20,327,1
565,1280,1
20,15,-1
1440,1304,-1
1437,9,-1
20,6,1
20,25,1
572,633,1
20,165,-1
568,232,1
20,95,-1
1435,32081,-1
1419,34,-1
20,15,1
1440,43,-1
956,12,-1
20,9,1
561,961,1
20,232,-1
561,6515,1
20,133,-1
1435,44099,-1
1440,49,-1
20,15,1
1136,43,-1
1440,1066,-1
20,16,1
1401,41,-1
1431,9,-1
20,7,1
1404,5,-1
20,4,1
994,31,-1
564,2358,1
20,161,-1
568,231,1
20,75,-1
567,741,1
20,111,-1
561,493,1
20,49,-1
1440,11279,-1
1250,20,-1
20,11,1
1331,2637,-1
1439,13341,-1
20,35,1
1440,55,-1
1368,12,-1
20,11,1
1353,48,-1
1424,9,-1
20,8,1
1422,31,-1
20,36,1
1435,59,-1
1440,17,-1
20,9,1
1439,38,-1
1096,12,-1
20,11,1
1435,51,-1
1352,12,-1
20,273,1
1431,70,-1
1150,14,-1
20,564,1
559,2360,1
20,172,-1
1439,14654,-1
1440,35,-1
20,13,1
1379,34,-1
1427,10,-1
20,9,1
1436,51,-1
1412,9,-1
20,9,1
1438,12,-1
20,8,1
1440,32,-1
891,9,-1
20,6,1
1440,18313,-1
1433,24,-1
20,10,1
1314,34,-1
560,547,1
20,125,-1
1439,46180,-1
1433,45,-1
20,19,1
1172,41,-1
1440,727,-1
20,19,1
1182,31,-1
1440,8,-1
20,7,1
1428,34,-1
1393,10,-1
20,8,1
1437,51,-1
1417,6,-1
20,5,1
1257,22,-1
569,4757,1
20,68,-1
1368,6319,-1
1440,712,-1
20,17,1
1440,36,-1
1190,8,-1
20,6,1
1440,24,-1
1263,7,-1
20,4,1
1440,20,-1
1285,7,-1
20,8,1
1378,447,-1
566,793,1
20,101,-1
1431,47713,-1
1435,61,-1
20,21,1
1073,50,-1
1429,16982,-1
1440,30,-1
20,10,1
1292,39,-1
559,424,1
20,177,-1
1439,659,-1
1372,17,-1
20,8,1
1263,35,-1
20,42172,1
1440,3866,-1
1425,27,-1
20,11,1
1151,53,-1
561,439,1
20,217,-1
1437,46900,-1
1050,44,-1
20,11,1
1435,2263,-1
1440,22,-1
20,14,1
1170,36,-1
556,135,1
20,130,-1
569,1612,1
20,170,-1
563,1834,1
20,149,-1
556,143,1
20,116,-1
1370,826,1
20,146,1
20,179,-1
565,133,1
20,138,-1
556,454,1
20,60,-1
555,40565,1
20,252,-1
563,4587,1
20,155,-1
1424,28881,-1
1440,74,-1
20,20,1
1323,30,-1
665,1226,1
1428,17,-1
20,13,1
1438,44,-1
1288,13,-1
20,321,1
1439,520,-1
1418,23,-1
20,15,1
1264,54,-1
562,810,1
20,108,-1
1440,1095,-1
1440,15,-1
20,9,1
1440,40,-1
1128,9,-1
20,8,1
1440,36,-1
1440,9,-1
20,5,1
1256,32,-1
1440,6,-1
20,6,1
1338,34,-1
571,13623,1
20,147,-1
539,6804,-1
565,4387,1
20,150,-1
1437,4494,-1
1431,31,-1
20,14,1
1041,42,-1
1439,506,-1
20,19,1
1438,56,-1
1217,9,-1
20,8,1
1381,1948,-1
1364,89,-1
20,289,-1
567,922,1
20,187,-1
558,94,1
20,169,-1
560,266,1
20,160,-1
542,15220,1
20,7,1
1440,7189,-1
1440,18,-1
20,10,1
1434,40,-1
1433,10,-1
20,8,1
1424,31,-1
1440,12,-1
20,9,1
960,28,-1
1358,12,-1
20,406,1
567,2835,1
20,86,-1
565,7594,1
20,178,-1
564,560,1
20,70,-1
1438,49110,-1
1440,43,-1
20,12,1
1422,34,-1
1381,11,-1
1425,14,-1
20,11,1
1440,37,-1
1366,12,-1
20,174,1
1438,23780,-1
1440,38,-1
20,13,1
1024,43,-1
1440,12,-1
20,9,1
1440,38,-1
1428,9,-1
20,8,1
1440,31,-1
1440,10,-1
20,9,1
1440,34,-1
1440,9,-1
20,7,1
1055,35,-1
1440,9,-1
20,6,1
1031,26,-1
1440,9,-1
20,8,1
1440,32,-1
1440,9,-1
20,7,1
1087,30,-1
1440,7,-1
20,7,1
1440,33,-1
1156,8,-1
20,8,1
1440,27,-1
1440,9,-1
1009,7,-1
1440,6,-1
1440,5,-1
1439,5,-1
1439,5,-1
1385,4,-1
1440,5,-1
1252,5,-1
20,391,1
571,2315,1
20,114,-1
20,205,-1
603,5917,1
20,113,-1
556,518,1
20,65,-1
558,823,1
20,46,-1
558,290,1
20,53,-1
558,201,1
20,75,-1
560,300,1
20,48,-1
558,293,1
20,72,-1
564,267,1
20,54,-1
562,247,1
20,60,-1
559,337,1
20,75,-1
558,214,1
20,64,-1
593,295,1
1434,19,-1
20,10,1
1440,46,-1
1440,11,-1
20,8,1
1439,33,-1
974,10,-1
20,9,1
1440,38,-1
1440,9,-1
20,7,1
1093,33,-1
569,2045,1
20,157,-1
1275,6129,-1
1433,26264,-1
20,45,1
1440,56,-1
1432,14,-1
20,10,1
1439,32,-1
1440,9,-1
20,7,1
1145,30,-1
1281,20,-1
1432,630,-1
20,10,1
1435,28,-1
1438,7,-1
20,4,1
1290,14,-1
1439,638,-1
20,7,1
1438,17,-1
1423,4,-1
20,4,1
1437,13,-1
1433,4,-1
20,5,1
1440,21,-1
1372,4,-1
20,3,1
1440,143,-1
1421,4,-1
20,3,1
1440,16,-1
1091,5,-1
20,5,1
20,55,-1
1439,61197,-1
1440,38,-1
20,15,1
956,41,-1
1440,9,-1
20,6,1
1440,29,-1
1438,8,-1
20,7,1
1371,30,-1
1440,9,-1
20,8,1
1349,25,-1
1440,323,-1
20,14,1
1440,28,-1
1076,9,-1
20,9,1
1465,12349,1
145,94,1
20,51,-1
1439,45119,-1
1440,41,-1
1440,16,-1
20,8,1
1195,32,-1
1440,10348,-1
20,30,1
1440,38,-1
1440,9,-1
20,7,1
1440,29,-1
1161,7,-1
20,6,1
1440,30,-1
1429,7,-1
20,7,1
1440,28,-1
1391,7,-1
20,4,1
138,22,-1
565,982,1
20,208,-1
1440,3437,-1
1425,16,-1
20,9,1
1416,92,-1
1429,23460,-1
1440,42,-1
20,14,1
1437,35,-1
1433,11,-1
20,7,1
1440,24,-1
1042,5,-1
20,5,1
1440,31,-1
1373,6,-1
20,4,1
1438,14,-1
1271,4,-1
20,3,1
1318,15,-1
1427,21400,-1
20,52,1
1346,35,-1
1377,291,-1
20,18,1
564,3627,1
20,134,-1
1425,3189,-1
1440,25,-1
20,13,1
1439,44,-1
1440,11,-1
20,7,1
1133,23,-1
1440,1977,-1
20,14,1
1440,32,-1
1440,7,-1
20,6,1
1434,28,-1
938,9,-1
20,7,1
1440,24,-1
1336,7,-1
20,5,1
1354,19,-1
1440,1929,-1
20,12,1
1440,25,-1
1267,7,-1
20,6,1
1439,25,-1
1437,35165,-1
1440,48,-1
20,16,1
1440,44,-1
1440,11,-1
20,8,1
650,32,-1
1438,195,-1
20,22,1
1440,35,-1
1440,13,-1
20,9,1
519,34,-1
1439,309,-1
20,20,1
1440,29,-1
1435,8,-1
20,7,1
1433,25,-1
1363,9,-1
20,129,1
518,4044,-1
575,506,1
20,176,-1
1348,1389,1
20,187,-1
1439,27703,-1
20,53,1
916,57,-1
20,22,1
1384,2193,-1
20,21,1
1440,1169,-1
1422,15,-1
20,9,1
1208,38,-1
20,41538,1
1432,10558,-1
1309,33,-1
20,13,1
1440,1920,-1
1440,13,-1
20,7,1
1269,29,-1
570,1075,1
20,194,-1
1437,606,-1
1399,20,-1
1372,33,-1
1435,6,-1
20,5,1
1440,24,-1
1435,7,-1
20,6,1
1433,28,-1
1437,8,-1
20,7,1
1437,26,-1
876,10,-1
20,7,1
1345,17193,-1
1434,9761,-1
20,41,1
1440,54,-1
1440,11,-1
20,10,1
1440,38,-1
1036,9,-1
20,7,1
1437,808,-1
1440,20,-1
20,10,1
1440,18,-1
20,7,1
1136,19,-1
1438,6,-1
20,4,1
1440,22,-1
1438,7,-1
20,5,1
1435,23,-1
945,6,-1
20,6,1
1440,89,-1
1440,8,-1
20,6,1
1112,23,-1
1440,7,-1
20,6,1
1436,23,-1
1440,8,-1
20,8,1
1438,25,-1
1440,9,-1
20,8,1
1440,44,-1
20,21,1
1439,42,-1
1123,13,-1
20,8,1
1440,37,-1
1362,11,-1
20,7,1
1440,4474,-1
1440,19,-1
20,13,1
1437,41,-1
1440,13,-1
20,12,1
1440,46,-1
1096,9,-1
20,7,1
1440,28,-1
1436,8,-1
20,6,1
1339,21,-1
1438,580,-1
20,14,1
1440,33,-1
1137,10,-1
1273,40,-1
1436,9,-1
20,6,1
1407,31,-1
1363,8,-1
20,5,1
566,1206,1
20,53,-1
1435,52948,-1
1440,51,-1
20,14,1
1105,41,-1
1440,12,-1
20,9,1
1426,34,-1
1436,9,-1
20,9,1
1440,43,-1
1092,12,-1
20,10,1
1321,33,-1
20,36019,1
1433,33092,-1
1427,51,-1
1440,41,-1
1433,6,-1
20,3,1
1440,19,-1
981,6,-1
20,3,1
1440,3877,-1
1440,12,-1
20,5,1
1440,23,-1
1057,5,-1
20,5,1
1440,23,-1
1440,8,-1
20,7,1
1084,27,-1
1372,10,-1
20,339,1
1436,16629,-1
1439,51,-1
20,14,1
1440,109,-1
1393,12,-1
20,9,1
20,211,-1
1425,47620,-1
1440,55,-1
20,20,1
1440,71,-1
1005,15,-1
20,10,1
1440,3418,-1
1435,20,-1
20,11,1
1440,38,-1
1440,12,-1
20,9,1
1337,29,-1
1440,377,-1
20,16,1
1440,35,-1
1190,11,-1
20,9,1
1440,30,-1
1440,12,-1
20,8,1
1440,29,-1
1267,9,-1
1200,10,-1
20,396,1
571,547,1
20,138,-1
1437,579,-1
1203,22,-1
20,13,1
1303,46,-1
20,38637,1
1430,16076,-1
1241,43,-1
20,13,1
1440,47,-1
1440,10,-1
20,6,1
1104,27,-1
1440,8,-1
20,5,1
1438,26,-1
1440,9,-1
20,6,1
1411,32,-1
1437,8,-1
20,6,1
20,30,1
1440,44,-1
1428,12,-1
20,8,1
1440,44,-1
1440,11,-1
20,10,1
1116,36,-1
1070,11,-1
20,329,1
1165,367,1
20,164,-1
1440,3623,-1
1154,22,-1
20,10,1
1440,2076,-1
1440,20,-1
20,10,1
1085,41,-1
1440,11,-1
20,6,1
1327,27,-1
1440,475,-1
20,15,1
20,10,1
1440,32,-1
1440,6,-1
20,5,1
1439,40,-1
1440,11,-1
20,7,1
1172,24,-1
1440,8,-1
1025,5,-1
20,174,1
558,1445,1
20,129,-1
1437,32184,-1
1440,44,-1
20,11,1
1440,27,-1
1440,6,-1
20,4,1
1440,14,-1
1440,4,-1
20,4,1
981,19,-1
1440,6,-1
20,8,1
1440,28,-1
1440,6,-1
20,4,1
1087,16,-1
1440,5,-1
20,3,1
1086,15,-1
1440,441,-1
20,9,1
1440,18,-1
1102,6,-1
20,4,1
1440,17362,-1
1433,25,-1
20,12,1
1440,42,-1
1403,10,-1
20,6,1
1349,30,-1
575,533,1
20,88,-1
571,710,1
20,135,-1
20,10,1
1369,38,-1
1380,8,-1
20,7,1
1438,243,-1
1432,17,-1
20,8,1
1247,40,-1
565,2688,1
20,207,-1
1352,45462,-1
1440,1746,-1
20,25,1
1440,85,-1
1255,13,-1
20,10,1
1440,46,-1
1440,11,-1
20,8,1
987,37,-1
1440,7,-1
20,7,1
1430,28,-1
1435,9,-1
1012,31,-1
20,11,1
1440,167,-1
1169,10,-1
20,7,1
1440,39,-1
1436,11,-1
20,8,1
1440,34,-1
1417,11,-1
20,8,1
1393,29,-1
1425,10,-1
20,6,1
1440,162,-1
1440,12,-1
20,7,1
1440,26,-1
1365,8,-1
20,9,1
577,960,1
20,97,-1
1440,1073,-1
1410,12,-1
1440,49,-1
1433,7,-1
20,4,1
1125,23,-1
1428,7,-1
20,7,1
1346,30,-1
1440,696,-1
20,12,1
1317,23,-1
1437,18769,-1
20,29,1
1323,32,-1
1433,14789,-1
20,34,1
1438,52,-1
1414,10,-1
20,8,1
1064,41,-1
1440,120,-1
20,14,1
1319,28,-1
569,534,1
20,151,-1
20,16,1
1440,37,-1
1440,8,-1
20,5,1
1178,18,-1
1440,2943,-1
20,18,1
1440,28,-1
1417,8,-1
20,5,1
1433,19,-1
1440,5,-1
20,4,1
1440,14,-1
1002,5,-1
20,3,1
566,706,1
20,60,-1
1440,15899,-1
1440,24,-1
20,8,1
1440,36,-1
1139,8,-1
20,7,1
1413,32,-1
1212,9,-1
20,11,1
562,1348,1
20,112,-1
1440,7782,-1
1426,35,-1
20,17,1
1243,61,-1
1440,760,-1
20,19,1
1293,43,-1
1415,22840,-1
20,63,1
1439,79,-1
1406,12,-1
20,8,1
1079,39,-1
1440,324,-1
20,13,1
1402,21,-1
1352,6,-1
20,6,1
554,718,1
1438,7,-1
1426,3,-1
20,2,1
1440,9,-1
1394,2,-1
20,2,1
1438,7,-1
1435,2,-1
20,2,1
1440,7,-1
1434,3,-1
20,4,1
1339,19,-1
20,832,-1
565,746,1
20,79,-1
1440,1907,-1
1419,19,-1
20,9,1
1439,25,-1
1440,9,-1
20,6,1
1440,28,-1
1319,11,-1
1434,21,-1
20,11,1
1440,42,-1
1148,9,-1
20,8,1
1440,30,-1
1440,9,-1
20,6,1
1111,28,-1
1440,11,-1
20,7,1
1439,35,-1
962,9,-1
20,8,1
1440,844,-1
1440,11,-1
20,6,1
1440,26,-1
1440,7,-1
20,5,1
1257,22,-1
1440,8,-1
1384,6,-1
1421,6,-1
555,548,1
20,193,-1
1440,53040,-1
1440,42,-1
20,14,1
1440,49,-1
1011,8,-1
20,5,1
1440,30,-1
1438,6,-1
20,5,1
1440,20,-1
1237,6,-1
20,6,1
1270,29,-1
569,3560,1
20,127,-1
557,17716,1
20,190,-1
1440,1876,-1
1436,11,-1
20,6,1
1198,23,-1
512,921,1
20,11,1
1440,37,-1
1416,8,-1
20,5,1
1116,32,-1
1437,12237,-1
20,31,1
1338,53,-1
1424,16731,-1
20,67,1
1440,51,-1
1126,13,-1
20,8,1
1438,2682,-1
1436,21,-1
20,11,1
1234,45,-1
1438,556,-1
20,17,1
1323,40,-1
1437,733,-1
20,21,1
1433,54,-1
1318,12,-1
1434,36010,-1
1440,51,-1
20,16,1
1427,51,-1
1432,11,-1
20,9,1
1440,32,-1
1440,9,-1
20,8,1
965,29,-1
556,1743,1
20,194,-1
1440,58,-1
1414,15,-1
20,13,1
1440,67,-1
1440,12,-1
20,7,1
954,26,-1
1439,364,-1
20,18,1
1348,39,-1
574,514,1
20,168,-1
1438,1094,-1
1440,13,-1
993,6,-1
1440,5,-1
1021,4,-1
20,292,1
562,3381,1
20,125,-1
1436,40540,-1
1440,53,-1
20,20,1
1440,46,-1
1431,9,-1
20,8,1
1440,31,-1
989,7,-1
20,5,1
1440,32,-1
1440,6,-1
20,6,1
1439,22,-1
921,7,-1
20,6,1
1440,131,-1
1439,15,-1
20,10,1
1440,36,-1
1439,10,-1
20,6,1
1440,33,-1
1252,8,-1
20,7,1
1437,27,-1
1440,8,-1
20,8,1
1439,39,-1
1056,8,-1
20,8,1
1440,27,-1
1440,8,-1
20,6,1
1440,25,-1
1440,8,-1
20,6,1
1440,19,-1
1254,6,-1
1424,3,-1
1362,3,-1
1435,6989,-1
20,42,1
1440,58,-1
1440,10,-1
20,7,1
1440,31,-1
1435,8,-1
20,6,1
1440,29,-1
1136,8,-1
20,6,1
1440,28,-1
1311,8,-1
20,7,1
1436,16228,-1
1440,40,-1
20,14,1
1157,34,-1
1440,529,-1
20,13,1
1230,46,-1
1440,12,-1
20,8,1
1440,50,-1
1299,78,-1
566,1982,1
20,169,-1
1440,4645,-1
1429,19,-1
20,11,1
1239,33,-1
566,2779,1
20,61,-1
1440,15071,-1
1417,27,-1
20,12,1
1293,41,-1
1411,910,-1
20,21,1
1440,139,-1
1147,14,-1
20,10,1
1440,46,-1
1116,11,-1
1425,6,-1
1167,6,-1
20,268,-1
547,668,1
1436,18,-1
20,16,1
1440,63,-1
1438,15,-1
20,10,1
1436,37,-1
1270,12,-1
20,14,1
1426,29844,-1
1435,61,-1
20,23,1
1440,75,-1
1117,17,-1
20,12,1
1440,41,-1
1440,13,-1
20,9,1
895,32,-1
1440,1224,-1
20,18,1
1440,40,-1
1151,20,-1
20,10,1
1440,544,-1
20,10,1
1440,42,-1
1005,13,-1
20,7,1
1440,1391,-1
1393,20,-1
20,11,1
1440,44,-1
1246,13,-1
20,151,1
1430,66,-1
1437,18,-1
20,10,1
1436,30,-1
1166,9,-1
20,7,1
1438,330,-1
1272,12,-1
20,206,1
566,860,1
20,176,-1
559,7069,1
20,58,-1
635,1314,1
20,5,1
1438,23,-1
1440,6,-1
20,4,1
1440,21,-1
986,8,-1
20,7,1
1440,57,-1
1440,8,-1
20,6,1
1440,31,-1
1440,9,-1
20,5,1
992,28,-1
1398,6,-1
20,4,1
1440,735,-1
1093,11,-1
20,5,1
567,462,1
20,78,-1
1204,27568,-1
20,36693,1
1434,15423,-1
20,82,-1
564,4655,1
20,115,-1
1440,24254,-1
1403,29,-1
20,12,1
1402,42,-1
1440,8,-1
20,5,1
1433,25,-1
1431,7,-1
20,5,1
1430,25,-1
1414,8,-1
20,4,1
154,100,1
1440,50,-1
1197,7,-1
20,237,1
1440,3233,-1
1428,11,-1
20,6,1
1100,26,-1
1440,12828,-1
20,8,1
1360,35,-1
1440,314,-1
20,17,1
1440,25,-1
1091,9,-1
1440,7,-1
1440,6,-1
1437,6,-1
1281,5,-1
883,3,-1
1440,102,-1
1440,11,-1
1412,4,-1
1429,5,-1
1437,5,-1
954,5,-1
1428,15,-1
1408,6,-1
1224,5,-1
1430,222,-1
1433,9,-1
1335,5,-1
1390,6,-1
1419,8,-1
1422,4,-1
1413,3,-1
1011,3,-1
1440,3,-1
1310,3,-1
20,175,1
560,391,1
20,85,-1
567,7713,1
20,66,-1
563,564,1
20,109,-1
1440,61584,-1
1430,39,-1
20,17,1
1439,43,-1
1310,13,-1
20,10,1
328,35831,-1
1433,38505,-1
20,48,1
1422,55,-1
1418,13,-1
1420,27417,-1
1318,29,-1
20,14,1
1439,12660,-1
1435,30,-1
20,13,1
1101,44,-1
1436,726,-1
20,19,1
1268,55,-1
1432,6550,-1
20,42,1
1434,51,-1
1241,14,-1
20,8,1
1355,658,-1
1433,8615,-1
20,25,1
1440,48,-1
1276,12,-1
20,8,1
1438,970,-1
1419,13,-1
20,7,1
558,483,1
20,130,-1
1299,4413,1
20,152,-1
405,7408,-1
20,22,1
1440,10854,-1
1415,20,-1
20,12,1
1421,61,-1
1437,26,-1
20,20,1
926,42,-1
564,647,1
20,168,-1
1392,64531,-1
1435,166,-1
20,31,1
1330,69,-1
1440,212,-1
20,25,1
1436,46,-1
1382,10,-1
20,12,1
1387,10,-1
20,8,1
1440,27,-1
1424,8,-1
20,6,1
1440,23,-1
1437,9,-1
20,7,1
1440,20,-1
1439,7,-1
1271,6,-1
20,154,1
560,478,1
20,61,-1
1395,926,-1
1440,286,-1
1438,11,-1
1440,6,-1
993,5,-1
1440,4,-1
1430,4,-1
1425,4,-1
1302,5,-1
1428,3,-1
1440,151,-1
886,13,-1
20,11,1
1440,29,-1
1440,9,-1
1439,5,-1
1440,5,-1
1440,5,-1
1440,5,-1
1121,5,-1
1440,5,-1
1310,5,-1
20,330,1
565,1637,1
20,63,-1
560,4290,1
20,88,-1
1439,23986,-1
1438,30,-1
20,11,1
1439,41,-1
1433,7,-1
20,5,1
1440,26,-1
1431,510,-1
1286,8,-1
20,7,1
1438,16530,-1
1414,23,-1
20,10,1
1437,32,-1
1373,10,-1
20,7,1
1439,32,-1
1408,11,-1
20,7,1
1146,32,-1
565,727,1
20,125,-1
1348,4713,-1
566,2618,1
20,127,-1
1440,5899,-1
1432,29,-1
20,13,1
1439,41,-1
1228,10,-1
20,9,1
559,3446,1
20,208,-1
1436,6299,-1
1432,38,-1
20,14,1
1435,68,-1
1418,23,-1
20,15,1
1440,56,-1
1440,12,-1
20,10,1
1100,35,-1
1440,988,-1
20,25,1
1036,38,-1
1394,9,-1
20,8,1
1380,622,-1
1440,184,-1
20,23,1
1439,59,-1
1401,17,-1
20,10,1
1414,35,-1
1288,26,-1
568,1192,1
20,151,-1
1440,1913,-1
1205,17,-1
20,10,1
1433,1099,-1
1440,16,-1
20,10,1
1261,41,-1
1398,390,-1
20,16,1
1440,237,-1
1416,15,-1
20,12,1
1191,41,-1
20,41245,1
1437,6468,-1
1418,23,-1
20,10,1
1440,46,-1
1424,10,-1
20,11,1
955,66,-1
1301,76,-1
567,1235,1
20,119,-1
1432,41986,-1
1438,59,-1
20,22,1
1408,55,-1
1440,19,-1
20,11,1
1429,42,-1
1286,11,-1
20,9,1
1440,1446,-1
1433,19,-1
20,11,1
1440,40,-1
1440,13,-1
20,11,1
1212,43,-1
1100,10,-1
20,10,1
1440,38,-1
1440,9,-1
20,7,1
20,23,-1
20,112,-1
553,3826,1
20,133,-1
1438,26084,-1
1440,38,-1
20,8,1
1108,21,-1
1440,4,-1
20,3,1
1440,12,-1
1016,3,-1
20,2,1
1440,11,-1
1440,4,-1
20,3,1
1440,9,-1
1440,3,-1
20,3,1
1440,17,-1
1440,4,-1
20,5,1
1440,19,-1
1431,5,-1
1437,47,-1
1412,13,-1
20,8,1
1121,43,-1
1437,466,-1
20,17,1
1311,45,-1
1439,14387,-1
20,56,1
1323,45,-1
1430,21044,-1
20,51,1
1440,68,-1
1435,16,-1
20,10,1
1095,39,-1
1355,12,-1
20,9,1
1440,13546,-1
1428,25,-1
20,14,1
1280,64,-1
573,1104,1
20,106,-1
20,25,1
1254,36,-1
1440,13787,-1
20,36,1
1200,46,-1
1440,903,-1
20,19,1
1440,52,-1
1312,14,-1
20,8,1
1411,28233,-1
1440,91,-1
20,24,1
1429,56,-1
1440,18,-1
20,14,1
852,46,-1
1434,654,-1
20,20,1
1440,72,-1
1255,15,-1
20,17,1
1435,890,-1
1428,22,-1
20,10,1
1440,42,-1
1105,15,-1
20,9,1
1370,3931,-1
1426,421,-1
20,18,1
1352,74,-1
1440,665,-1
20,18,1
1440,47,-1
1088,10,-1
20,12,1
1352,1407,-1
1440,2070,-1
20,17,1
1434,35,-1
1440,10,-1
20,9,1
1435,26,-1
1139,8,-1
20,7,1
583,897,1
20,151,-1
1439,13,-1
20,12,1
1047,57,-1
1394,14,-1
20,11,1
570,3818,1
20,115,-1
1097,3368,-1
1440,18494,-1
20,30,1
1440,58,-1
1440,12,-1
20,9,1
977,33,-1
1440,14,-1
20,9,1
1440,36,-1
1440,11,-1
20,9,1
1440,30,-1
997,10,-1
20,8,1
1440,19549,-1
1440,30,-1
1438,568,-1
1440,17,-1
20,11,1
1294,33,-1
1437,12,-1
1438,10,-1
1440,7,-1
1436,6,-1
1440,6,-1
1246,5,-1
20,289,1
1435,559,-1
1439,25,-1
20,10,1
1440,34,-1
1440,11,-1
1440,7,-1
1111,6,-1
1327,6,-1
1192,5,-1
20,394,1
557,1441,1
20,153,-1
1440,848,-1
20,8,1
1440,31,-1
1333,8,-1
20,7,1
1439,239,-1
1065,12,-1
20,9,1
1440,71,-1
1437,12,-1
20,8,1
1440,33,-1
1423,10,-1
20,7,1
1440,29,-1
1440,10,-1
20,9,1
1277,30,-1
20,37585,1
1429,9535,-1
1415,46,-1
20,17,1
1430,72,-1
1382,14,-1
20,12,1
20,4,1
1030,22,-1
567,596,1
20,113,-1
1440,4488,-1
1440,16,-1
20,7,1
1420,33,-1
1440,8,-1
20,4,1
1438,18,-1
1440,5,-1
20,4,1
1440,13,-1
1311,4,-1
20,3,1
1440,13,-1
1062,5,-1
1306,1,-1
1379,213,-1
20,578,1
1437,1501,-1
1427,19,-1
20,14,1
20,10,1
1313,24,-1
561,616,1
20,87,-1
1425,439,1
113,209,1
20,132,-1
1440,1815,-1
1292,10,-1
20,6,1
560,1868,1
20,245,-1
1440,5321,-1
1440,24,-1
20,10,1
1183,36,-1
1440,2315,-1
20,15,1
1440,34,-1
1427,12,-1
20,10,1
1438,51,-1
1267,11,-1
20,8,1
1440,20,-1
20,10,1
1440,40,-1
1440,10,-1
20,7,1
1438,32,-1
908,9,-1
20,8,1
1440,45,-1
1440,9,-1
20,7,1
1440,30,-1
1440,7,-1
20,6,1
911,22,-1
20,39652,1
1426,15804,-1
1440,37,-1
20,11,1
1032,33,-1
1440,9,-1
20,8,1
1440,36,-1
1375,13,-1
1421,21,-1
20,11,1
1438,49,-1
1181,13,-1
20,8,1
566,761,1
20,72,-1
1435,23670,-1
1440,35,-1
20,12,1
1223,41,-1
1440,8,-1
20,6,1
211,43,-1
1354,21717,-1
20,41,1
1440,5871,-1
1438,24,-1
20,14,1
1129,42,-1
1435,13321,-1
20,33,1
1440,51,-1
1386,14,-1
20,9,1
1422,27,-1
1436,6,-1
20,6,1
1440,20,-1
1119,7,-1
20,6,1
567,4517,1
20,129,-1
1325,32053,-1
1430,33652,-1
20,52,1
1426,61,-1
1429,13,-1
20,8,1
1085,31,-1
1440,7,-1
20,7,1
1245,29,-1
566,4988,1
20,196,-1
1273,47348,-1
565,6192,1
20,209,-1
20,26,1
1440,2650,-1
1417,19,-1
20,12,1
1424,48,-1
1413,20,-1
20,21,1
1440,64,-1
995,12,-1
20,11,1
572,2539,1
20,217,-1
559,324,1
20,153,-1
569,279,1
20,149,-1
1440,5167,-1
1428,18,-1
20,10,1
1396,40,-1
1426,13,-1
20,10,1
1344,33,-1
1379,10,-1
20,10,1
1440,33,-1
1251,10,-1
20,7,1
1426,2446,-1
1440,51,-1
20,12,1
1439,29,-1
1436,7,-1
20,5,1
1204,24,-1
1439,7,-1
20,5,1
1433,31,-1
1406,8,-1
20,3,1
84,293,-1
562,611,1
20,83,-1
1440,20060,-1
1339,22,-1
20,9,1
436,3350,-1
1440,953,-1
1433,40,-1
1357,9,-1
20,7,1
1440,464,-1
1434,11,-1
20,7,1
1435,37,-1
1429,10,-1
20,10,1
1440,41,-1
1428,11,-1
20,6,1
1436,27,-1
1439,10,-1
20,8,1
1440,29,-1
985,9,-1
20,7,1
565,1155,1
20,65,-1
1410,48132,-1
1440,138,-1
20,19,1
1343,47,-1
20,163,-1
561,156,1
20,148,-1
570,6266,1
20,96,-1
559,53253,1
20,183,-1
561,383,1
20,216,-1
555,111,1
20,96,-1
1410,31002,1
20,132,1
20,162,-1
561,1653,1
20,120,-1
1402,3648,-1
1436,30,-1
20,14,1
1259,34,-1
562,1281,1
20,168,-1
1426,24467,-1
1345,26,-1
1096,106,-1
1440,1341,-1
20,19,1
1335,46,-1
1439,9191,-1
20,35,1
1439,51,-1
1060,17,-1
20,10,1
1434,29406,-1
1440,45,-1
20,19,1
1216,59,-1
564,740,1
20,123,-1
1440,32483,-1
1407,37,-1
20,16,1
1440,49,-1
1174,12,-1
20,11,1
1434,32126,-1
1427,36,-1
20,15,1
598,7,-1
1440,9,-1
1134,6,-1
20,155,1
1358,1922,-1
571,2731,1
20,105,-1
563,1417,1
20,117,-1
1436,9006,-1
1440,49,-1
20,15,1
1426,49,-1
1416,14,-1
20,11,1
1423,37,-1
1437,10,-1
20,12,1
1440,51,-1
1440,9,-1
20,8,1
1440,34,-1
1069,11,-1
20,9,1
767,22,-1
1438,143,-1
20,13,1
1333,31,-1
1440,2854,-1
20,26,1
1436,35,-1
1439,9,-1
20,8,1
1439,23,-1
1397,7,-1
20,5,1
1440,20,-1
1439,5,-1
20,5,1
1440,22,-1
989,8,-1
20,9,1
1438,43246,-1
1440,37,-1
20,12,1
1432,34,-1
1421,10,-1
20,8,1
20,8,1
1440,39,-1
1047,9,-1
20,9,1
1439,15745,-1
1439,26,-1
20,13,1
1440,46,-1
1432,9,-1
20,9,1
1440,39,-1
1440,9,-1
20,7,1
1440,24,-1
1440,7,-1
20,7,1
820,25,-1
1440,1205,-1
20,17,1
1440,37,-1
1431,7,-1
1087,4,-1
1430,3,-1
1436,4,-1
1434,20700,-1
20,53,1
1439,69,-1
1025,14,-1
20,9,1
1440,41,-1
1405,13,-1
20,8,1
1440,32,-1
1440,9,-1
20,7,1
1440,40,-1
1440,9,-1
1383,6,-1
1303,4,-1
20,303,1
567,3227,1
20,96,-1
566,494,1
20,124,-1
1436,5360,-1
1440,27,-1
20,11,1
1087,57,-1
20,13,-1
570,40774,1
20,243,-1
526,64531,-1
20,49,1
564,57544,1
20,172,-1
635,61534,-1
20,55,1
554,64019,-1
20,80,1
561,1574,1
20,176,-1
557,64531,1
20,175,-1
545,64531,-1
555,886,1
20,242,-1
641,64531,-1
20,54,1
562,22402,1
20,252,-1
581,59937,-1
121,46809,1
565,1231,1
20,95,-1
565,2691,1
20,111,-1
1440,22591,-1
1440,34,-1
20,13,1
1440,37,-1
994,10,-1
20,8,1
1440,28,-1
1430,7,-1
20,5,1
1424,23,-1
1440,7,-1
20,6,1
1440,23,-1
1031,7,-1
20,5,1
1440,16,-1
1440,5,-1
20,6,1
300,30,-1
1399,48046,-1
1440,14,-1
20,10,1
1440,28,-1
856,10,-1
20,5,1
1440,1218,-1
1440,19,-1
20,14,1
1214,39,-1
1399,2738,-1
20,33,1
1434,387,-1
1440,25,-1
20,13,1
1440,34,-1
1228,8,-1
20,6,1
1351,19345,-1
563,812,1
20,166,-1
1430,29614,-1
1390,73,-1
20,15,1
1345,46,-1
1440,411,-1
1355,11,-1
20,7,1
1163,26,-1
569,1205,1
20,32,-1
1391,4664,-1
1440,270,-1
20,20,1
1437,45,-1
1392,11,-1
20,8,1
1439,32,-1
1440,10,-1
20,7,1
1424,26,-1
1433,9,-1
20,6,1
1439,26,-1
993,12,-1
20,6,1
567,653,1
20,83,-1
435,52017,-1
1440,423,-1
1372,15,-1
20,9,1
1275,39,-1
1436,560,-1
20,16,1
1231,38,-1
1439,579,-1
20,14,1
1295,27,-1
1437,5876,-1
20,20,1
1436,37,-1
1431,13,-1
20,7,1
1282,29,-1
1096,15484,-1
20,31,1
1350,2739,-1
1396,8498,-1
20,20,1
1437,49,-1
1356,9,-1
20,6,1
1440,83,-1
20,17,1
1440,42,-1
1392,13,-1
20,7,1
1423,47,-1
88,16,-1
20,12,1
569,1371,1
20,129,-1
1439,2787,-1
1440,27,-1
20,16,1
1440,46,-1
1060,14,-1
20,8,1
1440,19661,-1
1440,34,-1
20,15,1
1440,44,-1
1056,14,-1
20,13,1
1440,48,-1
1389,11,-1
1433,57,-1
1302,11,-1
20,7,1
1440,1541,-1
1235,13,-1
20,9,1
1249,39,-1
566,810,1
20,103,-1
1440,4691,-1
1269,21,-1
20,8,1
1438,3311,-1
1423,23,-1
20,14,1
1318,62,-1
1440,11544,-1
20,22,1
1439,40,-1
1314,11,-1
20,9,1
1339,71,-1
1437,901,-1
20,19,1
1440,98,-1
20,9,1
1440,27,-1
1440,10,-1
20,7,1
1039,25,-1
1437,6,-1
20,4,1
1431,15,-1
520,5,-1
20,3,1
1423,50557,-1
1440,39,-1
20,12,1
1440,34,-1
1440,9,-1
20,6,1
1440,28,-1
1440,11,-1
20,8,1
1106,28,-1
1440,11,-1
20,7,1
1440,33,-1
1276,20,-1
20,13,1
1440,50,-1
1087,16,-1
20,11,1
1004,497,-1
571,3980,1
20,227,-1
479,12487,-1
20,38013,1
1440,53334,-1
1429,39,-1
20,14,1
1430,42,-1
1440,14,-1
20,11,1
1440,39,-1
1438,12,-1
20,8,1
1439,34,-1
862,13,-1
20,7,1
578,1217,1
20,134,-1
1440,39,-1
1412,7,-1
20,5,1
1228,30,-1
1440,11982,-1
20,31,1
1439,39,-1
1014,9,-1
20,7,1
1440,2817,-1
1440,13,-1
20,7,1
1422,31,-1
1436,8,-1
20,6,1
1440,30,-1
1015,10,-1
20,8,1
1440,1068,-1
1440,16,-1
20,8,1
1308,31,-1
1423,22008,-1
20,54,1
1440,20,-1
20,10,1
1440,41,-1
1440,13,-1
958,8,-1
1440,6,-1
1431,5,-1
1214,5,-1
20,401,1
559,2271,1
20,142,-1
1429,28892,-1
1440,54,-1
20,19,1
1440,39,-1
1062,9,-1
20,9,1
1377,32,-1
1438,197,-1
20,15,1
1433,40,-1
1435,10,-1
20,8,1
1388,37,-1
20,5,1
572,587,1
20,101,-1
562,6516,1
20,128,-1
1440,7402,-1
1439,14,-1
20,6,1
1160,22,-1
1440,6,-1
20,5,1
1440,20,-1
1090,6,-1
20,5,1
1364,23,-1
1440,338,-1
20,8,1
1440,21,-1
1255,5,-1
20,5,1
1440,32,-1
1431,8,-1
20,6,1
1397,66,-1
20,699,-1
1440,7882,-1
1440,18,-1
20,9,1
1440,33,-1
1325,7,-1
20,5,1
1103,22,-1
1440,5,-1
20,4,1
1440,17,-1
1440,6,-1
20,5,1
1440,21,-1
1194,5,-1
20,4,1
1200,13,-1
1385,5,-1
20,6,1
565,1033,1
20,113,-1
1434,28270,-1
1440,39,-1
20,11,1
1437,16,-1
20,10,1
1440,42,-1
1188,14,-1
20,11,1
1440,27807,-1
1277,29,-1
20,14,1
1440,39,-1
1434,12,-1
20,9,1
1440,48,-1
1440,12,-1
20,7,1
995,32,-1
1440,10,-1
20,7,1
1031,25,-1
1440,12741,-1
20,36,1
1336,69,-1
562,8412,1
20,127,-1
549,1713,1
1037,20,-1
1439,5,-1
20,4,1
1440,22,-1
1176,5,-1
20,4,1
1325,11,-1
1432,15457,-1
20,40,1
1440,41,-1
1320,6,-1
20,5,1
1417,17,-1
1386,5,-1
20,4,1
564,812,1
20,158,-1
1400,821,-1
1440,148,-1
20,22,1
1440,56,-1
1438,12,-1
20,8,1
1165,33,-1
1335,8,-1
20,8,1
1430,29,-1
1362,9,-1
20,7,1
1440,22879,-1
1433,37,-1
20,10,1
1158,33,-1
1440,12,-1
20,8,1
1438,36,-1
1440,10,-1
20,10,1
1429,34,-1
1440,8,-1
20,7,1
1431,30,-1
1438,9,-1
20,6,1
1015,33,-1
562,3359,1
20,261,-1
1388,49976,-1
1431,8686,-1
1433,34,-1
20,18,1
1093,48,-1
1387,1292,-1
20,19,1
1439,846,-1
1396,21,-1
20,12,1
1131,63,-1
562,821,1
20,209,-1
562,1193,1
20,163,-1
1435,14705,-1
1437,27,-1
20,9,1
1119,36,-1
1436,12987,-1
20,36,1
1432,49,-1
1422,14,-1
20,10,1
1416,33,-1
1434,20,-1
20,10,1
1440,31,-1
996,9,-1
20,6,1
1440,26405,-1
1436,24,-1
20,9,1
1440,28,-1
1005,8,-1
20,7,1
1440,25,-1
1440,7,-1
20,6,1
1438,23,-1
1439,6,-1
20,7,1
1440,28,-1
1440,8,-1
20,8,1
1061,27,-1
560,2550,1
20,211,-1
1419,49972,-1
591,1089,1
20,104,-1
232,49040,-1
1440,33684,-1
20,48,1
1440,65,-1
1438,11,-1
20,8,1
1436,39,-1
1440,10,-1
20,8,1
1440,26,-1
1440,8,-1
20,7,1
1439,28,-1
882,8,-1
20,7,1
1440,27,-1
1437,7,-1
20,6,1
1440,25,-1
1439,9,-1
1414,4,-1
1325,4,-1
20,11,1
1440,31,-1
1017,9,-1
20,6,1
1440,4345,-1
1435,14,-1
20,6,1
1436,24,-1
1438,6,-1
20,5,1
1433,17,-1
1428,5,-1
20,4,1
1434,18,-1
1365,5,-1
20,5,1
1440,20,-1
1227,6,-1
20,6,1
566,804,1
20,131,-1
843,31533,-1
20,35350,1
1436,17633,-1
1440,67,-1
1440,10,-1
20,7,1
1440,33,-1
1084,8,-1
20,8,1
1440,45,-1
1333,11,-1
20,11,1
1435,38,-1
957,11,-1
20,352,1
561,3159,1
20,170,-1
1438,21657,-1
1440,36,-1
20,15,1
1241,48,-1
1439,13,-1
20,8,1
1440,33,-1
1351,12,-1
20,8,1
1414,52,-1
1440,20,-1
20,10,1
1440,30,-1
1440,7,-1
20,6,1
1225,22,-1
1438,6,-1
20,5,1
1440,28,-1
1440,10,-1
20,5,1
1214,20,-1
20,428,1
573,1092,1
20,119,-1
20,434,-1
562,3015,1
20,124,-1
1437,31319,-1
1420,45,-1
20,17,1
1440,69,-1
1180,16,-1
20,10,1
1425,739,-1
20,17,1
1305,48,-1
20,38012,1
1427,23030,-1
1429,52,-1
20,18,1
1440,52,-1
1091,11,-1
20,8,1
1434,34,-1
1425,8,-1
20,8,1
1257,33,-1
566,991,1
20,153,-1
1440,5050,-1
1433,22,-1
20,8,1
1440,28,-1
1062,8,-1
20,6,1
1436,20,-1
1417,8,-1
20,8,1
1293,48,-1
564,2481,1
20,145,-1
1432,52779,-1
1440,61,-1
20,30,1
976,61,-1
1440,16,-1
20,12,1
1440,39,-1
1127,12,-1
20,9,1
1440,1313,-1
1440,19,-1
20,12,1
1440,46,-1
1125,15,-1
20,13,1
1440,43,-1
1440,9,-1
20,7,1
1440,30,-1
1316,8,-1
1429,28593,-1
1440,47,-1
20,15,1
1294,40,-1
1440,214,-1
20,12,1
1420,37,-1
1422,8,-1
20,6,1
1439,26,-1
1428,6,-1
20,6,1
1430,23,-1
1436,6,-1
20,5,1
1423,24,-1
1433,6,-1
20,5,1
1438,21,-1
1029,8,-1
20,6,1
572,2654,1
20,95,-1
561,793,1
1431,1226,-1
1440,19,-1
20,11,1
1440,39,-1
1392,9,-1
20,8,1
1440,37,-1
1440,8,-1
20,8,1
1440,39,-1
1440,8,-1
20,7,1
1438,28,-1
1109,9,-1
20,11,1
1440,26,-1
1440,8,-1
1340,5,-1
1436,6,-1
1440,6,-1
1256,4,-1
1435,4,-1
1123,3,-1
20,261,1
1440,31,-1
1440,8,-1
20,6,1
1169,25,-1
1440,7,-1
20,6,1
1440,22,-1
918,6,-1
20,6,1
564,2266,1
20,76,-1
1440,17047,-1
1432,25,-1
20,11,1
1440,31,-1
1440,10,-1
20,7,1
1440,26,-1
1438,9,-1
20,7,1
1428,29,-1
1440,8,-1
20,7,1
1421,28,-1
1355,22,-1
20,16,1
1437,61,-1
1387,12,-1
20,10,1
1247,56,-1
1436,363,-1
20,19,1
988,36,-1
20,42329,1
1428,13968,-1
1427,40,-1
20,15,1
1346,57,-1
1437,339,-1
20,26,1
1277,48,-1
564,688,1
20,70,-1
1430,10758,-1
1440,45,-1
20,17,1
1417,45,-1
1330,19,-1
1440,322,-1
1435,12,-1
20,6,1
1140,25,-1
1440,3957,-1
20,21,1
1439,36,-1
1440,9,-1
20,9,1
1439,34,-1
1437,9,-1
20,8,1
1437,33,-1
859,11,-1
20,5,1
1440,3492,-1
1440,17,-1
20,9,1
1311,35,-1
1440,9,-1
20,7,1
1440,25,-1
1427,7,-1
20,7,1
20,4,1
1440,9,-1
1440,2,-1
1438,2,-1
1053,1,-1
1330,1,-1
1347,1,-1
20,339,1
560,1783,1
20,63,-1
1440,2010,-1
1436,12,-1
20,6,1
1440,16,-1
1440,6,-1
20,4,1
1439,19,-1
1438,8,-1
20,5,1
1438,25,-1
1438,7,-1
20,6,1
1440,34,-1
1293,9,-1
1252,6,-1
20,7,1
1440,64531,-1
1440,40,-1
20,14,1
1156,38,-1
1439,11,-1
20,8,1
1287,34,-1
564,776,1
20,118,-1
1309,31537,-1
20,39037,1
1430,39134,-1
1415,89,-1
20,29,1
1440,84,-1
1080,14,-1
20,10,1
1243,30,-1
1440,7,-1
20,7,1
1390,26,-1
1346,9,-1
20,31,1
577,9294,1
20,180,-1
564,58951,1
20,183,-1
1253,449,1
20,142,1
20,121,-1
567,505,1
20,112,-1
562,42071,1
20,166,-1
1194,62274,-1
565,3185,1
20,211,-1
565,85,1
20,140,-1
509,64531,-1
20,38221,1
486,62879,-1
568,1876,1
20,185,-1
631,64531,-1
20,52,1
571,1038,1
20,188,-1
1350,2098,-1
1440,5199,-1
20,31,1
1440,61,-1
1440,10,-1
20,7,1
1200,21,-1
1440,19413,-1
20,34,1
1429,37,-1
1440,8,-1
20,6,1
1440,36,-1
905,14,-1
20,11,1
1439,15009,-1
1440,30,-1
20,12,1
1158,46,-1
1440,12,-1
20,10,1
1431,57,-1
1440,82,-1
1154,12,-1
20,7,1
1255,41,-1
572,2807,1
20,129,-1
1329,23101,-1
1438,33491,-1
20,44,1
1316,53,-1
1437,278,-1
20,19,1
1439,44,-1
1330,11,-1
20,11,1
1440,37,-1
1087,11,-1
20,8,1
1382,322,-1
1440,164,-1
20,17,1
1440,41,-1
1298,9,-1
20,8,1
20,223,-1
1427,37431,-1
1440,59,-1
20,19,1
1373,42,-1
1437,13,-1
20,9,1
1436,35,-1
1424,12,-1
20,9,1
1431,49,-1
1437,15,-1
20,13,1
1435,43,-1
1418,11,-1
20,9,1
1440,28,-1
1432,9,-1
20,7,1
1440,40,-1
1173,11,-1
20,9,1
1440,35,-1
1373,9,-1
20,11,1
1438,43,-1
1440,15,-1
20,9,1
1087,36,-1
1440,13,-1
1440,10,-1
1427,10,-1
1374,8,-1
20,225,1
1431,67,-1
1389,12,-1
20,251,1
1439,102,-1
1264,14,-1
20,13,1
1440,35,-1
1440,9,-1
812,7,-1
1440,8,-1
1425,5,-1
1438,4,-1
1409,4,-1
1387,4,-1
20,9,1
1439,39,-1
1131,8,-1
20,5,1
1435,23,-1
1434,7,-1
20,5,1
1433,20,-1
1212,11,-1
20,6,1
567,1490,1
20,134,-1
723,3999,-1
566,1687,1
20,132,-1
1440,7542,-1
1440,17,-1
20,6,1
1440,15,-1
1419,5,-1
20,5,1
1440,16,-1
1440,5,-1
20,5,1
1440,15,-1
20,8,1
1085,28,-1
1436,9,-1
20,6,1
1440,30,-1
1440,8,-1
20,6,1
1037,21,-1
1387,5,-1
20,5,1
1429,46984,-1
1429,49,-1
20,19,1
1440,80,-1
1440,14,-1
20,12,1
1440,53,-1
1425,13,-1
20,10,1
1440,36,-1
1023,14,-1
20,12,1
1440,65,-1
1440,3,-1
880,4,-1
1440,6,-1
1440,5,-1
1440,5,-1
1189,6,-1
20,205,1
555,522,1
20,116,-1
1440,2445,-1
1440,20,-1
997,7,-1
1440,5,-1
1345,4,-1
20,191,1
1439,88,-1
1438,10,-1
20,8,1
1426,43,-1
1421,12,-1
20,7,1
1436,52,-1
1438,9,-1
20,7,1
1440,5,-1
20,4,1
1440,21,-1
1131,6,-1
20,5,1
569,671,1
20,117,-1
1437,6695,-1
1440,34,-1
20,15,1
1435,29,-1
1323,8,-1
20,6,1
1440,28,-1
1019,8,-1
20,6,1
1440,35957,-1
1420,43,-1
20,15,1
1440,48,-1
1440,11,-1
20,9,1
1440,34,-1
1207,8,-1
1440,21,-1
1029,6,-1
20,4,1
1366,19,-1
1431,423,-1
20,9,1
1440,69,-1
1424,7,-1
20,6,1
1440,22,-1
1424,5,-1
20,4,1
1425,20,-1
1435,5,-1
20,3,1
1431,16,-1
920,7,-1
20,222,1
1440,1589,-1
1415,13,-1
20,8,1
1346,37,-1
1438,699,-1
1381,14,-1
20,93,-1
1434,43992,-1
1356,33,-1
20,15,1
1269,96,-1
1433,15205,-1
20,33,1
1422,46,-1
1218,9,-1
20,7,1
1354,37302,-1
559,781,1
20,140,-1
561,358,1
20,189,-1
1263,56259,-1
559,1202,1
20,240,-1
1273,53200,-1
562,1479,1
20,197,-1
1225,44807,-1
575,795,1
20,209,1
20,12,1
1341,33,-1
20,190,1
551,37918,1
20,175,-1
1436,52253,-1
1440,41,-1
20,16,1
1398,51,-1
1362,21,-1
20,18,1
1439,474,-1
1440,16,-1
20,13,1
955,40,-1
571,1406,1
20,84,-1
561,368,1
20,85,-1
1440,5819,-1
1430,17,-1
20,9,1
1432,28,-1
1254,7,-1
20,124,-1
577,64531,-1
562,828,1
20,171,-1
558,64531,-1
20,39618,1
645,64531,-1
20,44,1
563,3552,1
20,158,-1
537,64531,-1
20,45184,1
560,13615,1
20,232,-1
571,64531,-1
20,40247,1
557,64531,1
20,265,-1
562,64531,-1
20,49,1
563,18714,1
20,243,-1
1249,2330,1
20,121,1
1438,22,-1
20,11,1
1440,38,-1
1440,9,-1
20,8,1
1440,31,-1
1440,10,-1
20,8,1
1439,27,-1
998,11,-1
20,12,1
1440,46,-1
1440,10,-1
20,8,1
1440,35,-1
1440,12,-1
1440,9,-1
1252,9,-1
1047,13,-1
1440,9,-1
1146,8,-1
20,296,1
1440,2723,-1
20,25,-1
1430,11,-1
20,8,1
1440,34,-1
1421,7,-1
20,5,1
1412,18,-1
1434,5,-1
20,5,1
1372,17,-1
20,194,1
1440,648,-1
1439,13,-1
20,9,1
1440,33,-1
854,10,-1
20,10,1
1328,10538,-1
1440,653,-1
20,24,1
1440,50,-1
1440,12,-1
20,9,1
1438,35,-1
1371,10,-1
1439,100,-1
1427,15,-1
20,10,1
1439,49,-1
1440,14,-1
20,9,1
1434,34,-1
1428,9,-1
20,9,1
1055,39,-1
1440,9,-1
20,8,1
1437,34,-1
1303,11,-1
20,296,1
1436,87,-1
1178,12,-1
20,8,1
1283,25,-1
566,1120,1
20,79,-1
1316,23652,-1
1429,29887,-1
20,46,1
568,3150,1
20,74,-1
567,924,1
20,103,-1
1440,32463,-1
1439,33,-1
20,14,1
1428,41,-1
1420,11,-1
20,9,1
1210,38,-1
1440,11,-1
20,11,1
1439,40,-1
1428,11,-1
20,8,1
1440,37,-1
865,12,-1
20,10,1
1373,43,-1
563,2812,1
20,124,-1
1440,17757,-1
1414,35,-1
1230,59,-1
1427,18,-1
20,10,1
1301,45,-1
1431,18862,-1
20,33,1
1292,45,-1
1354,15030,-1
20,38,1
563,9541,1
20,193,-1
1437,31629,-1
1419,34,-1
20,15,1
1429,65,-1
1440,13,-1
20,11,1
870,39,-1
1373,11767,-1
20,29,1
1432,1208,-1
1432,22,-1
20,13,1
1393,49,-1
1437,36,-1
20,17,1
1440,58,-1
1440,12,-1
1400,6,-1
1436,5,-1
1439,5,-1
1440,5,-1
928,5,-1
1440,4,-1
1338,3,-1
20,319,1
20,753,-1
562,734,1
20,119,-1
1440,13347,-1
1437,24,-1
20,13,1
1440,42,-1
1436,11,-1
20,9,1
1440,58,-1
1032,14,-1
20,10,1
1156,12,-1
20,341,1
566,2674,1
20,151,-1
1369,6108,-1
1440,743,-1
20,22,1
1439,44,-1
1438,9,-1
20,7,1
1440,24,-1
1435,8,-1
20,7,1
1440,26,-1
1170,7,-1
1440,4,-1
1440,4,-1
1440,4,-1
1019,3,-1
1440,3,-1
1440,2,-1
755,3,-1
1436,3,-1
1435,3,-1
1341,497,-1
1431,21,-1
20,14,1
1435,48,-1
1061,13,-1
20,391,1
561,2099,1
20,87,-1
1439,7600,-1
1405,36,-1
20,24,1
1440,108,-1
1440,13,-1
20,11,1
1414,43,-1
1440,12,-1
20,7,1
1089,42,-1
1439,11,-1
20,7,1
1423,40,-1
1383,10,-1
20,9,1
569,807,1
1403,17,-1
20,12,1
1440,241,-1
1136,8,-1
20,6,1
1440,937,-1
1428,16,-1
20,10,1
1210,41,-1
1440,623,-1
20,24,1
1335,36,-1
1440,358,-1
20,7,1
1440,17,-1
1362,5,-1
20,4,1
1362,17,-1
1371,220,-1
20,5,1
1382,703,1
20,190,1
20,69,-1
1426,689,-1
495,462,1
20,122,-1
1439,149,-1
1440,12,-1
20,8,1
1438,40,-1
1440,15,-1
20,12,1
986,44,-1
1438,11,-1
20,13,1
879,48,-1
1440,16,-1
1440,7,-1
1440,5,-1
1427,8,-1
1436,7,-1
1435,6,-1
1340,5,-1
20,398,1
560,2063,1
20,78,-1
1440,17807,-1
1440,22,-1
20,8,1
953,29,-1
567,1318,1
20,179,-1
1439,13998,-1
1440,31,-1
20,13,1
1440,37,-1
1296,10,-1
20,9,1
1432,31,-1
1440,10,-1
20,7,1
1004,27,-1
1440,2729,-1
20,23,1
1440,38,-1
1425,11,-1
20,9,1
1439,41,-1
1440,11,-1
20,9,1
1418,32,-1
1344,8,-1
20,9,1
1440,37,-1
1013,12,-1
20,9,1
1440,2453,-1
1440,18,-1
20,11,1
1440,45,-1
1440,12,-1
20,12,1
1439,35,-1
1012,10,-1
20,204,1
1440,646,-1
1440,13,-1
20,7,1
1440,32,-1
1438,9,-1
20,8,1
1440,29,-1
1335,8,-1
1111,4,-1
20,224,1
1433,1405,-1
20,21,1
1440,57,-1
1440,11,-1
20,9,1
1440,37,-1
1157,10,-1
20,12,1
1440,36,-1
1440,13,-1
20,10,1
1440,42,-1
1016,10,-1
20,20,1
1440,56,-1
1435,9,-1
1432,7,-1
1438,5,-1
1440,8,-1
1078,6,-1
1440,5,-1
1434,4,-1
1433,7,-1
1412,4,-1
1388,4,-1
20,389,-1
321,52410,-1
1440,842,-1
20,25,1
1438,47,-1
1281,11,-1
20,8,1
1440,714,-1
1281,18,-1
20,11,1
1436,65,-1
1440,15,-1
20,7,1
1440,26,-1
1058,8,-1
20,5,1
565,2313,1
20,109,-1
1440,34430,-1
1343,31,-1
20,11,1
566,500,1
20,214,-1
1423,7980,-1
20,205,-1
591,3560,1
20,139,-1
566,185,1
20,77,-1
572,25873,1
20,215,-1
561,6679,1
20,102,-1
576,1153,1
20,148,1
20,119,-1
568,159,1
20,132,-1
564,209,1
20,127,-1
564,3152,1
20,172,-1
563,361,1
20,83,-1
562,259,1
20,64,-1
581,46763,1
20,163,1
1422,16,-1
20,8,1
1269,33,-1
1440,1456,-1
20,16,1
1330,42,-1
1438,2460,-1
20,19,1
1438,44,-1
1052,14,-1
20,9,1
1440,2302,-1
1408,18,-1
20,13,1
1440,37,-1
1388,10,-1
20,8,1
1172,29,-1
1437,8671,-1
20,23,1
1440,30,-1
1164,10,-1
20,6,1
1440,14374,-1
20,5,1
978,24,-1
566,564,1
20,155,-1
1433,35972,-1
1440,49,-1
20,17,1
1435,47,-1
1434,15,-1
20,10,1
1425,34,-1
1428,11,-1
20,8,1
1440,34,-1
1190,11,-1
20,10,1
1440,7418,-1
1438,25,-1
20,14,1
1435,47,-1
1440,14,-1
20,9,1
1440,44,-1
988,14,-1
1305,6,-1
20,6,1
1440,5905,-1
1440,21,-1
20,7,1
1193,22,-1
1438,355,-1
20,7,1
1440,20,-1
1065,6,-1
20,4,1
1440,426,-1
1440,5,-1
20,3,1
1217,14,-1
1414,3,-1
20,2,1
1376,102,-1
20,199,1
571,1544,1
20,50,-1
1440,205,-1
1440,7,-1
20,5,1
1440,38,-1
20,16,1
1436,45,-1
1439,14,-1
20,12,1
893,63,-1
565,568,1
20,223,-1
1440,5756,-1
1440,24,-1
20,9,1
1363,38,-1
1440,11,-1
20,7,1
1440,30,-1
1440,9,-1
20,7,1
1149,37,-1
1440,7,-1
20,6,1
1078,22,-1
1439,6,-1
20,6,1
1274,41,-1
993,31495,-1
1440,23851,-1
20,49,1
1290,57,-1
1440,3101,-1
20,22,1
1439,44,-1
1440,10,-1
20,8,1
1056,31,-1
1440,14,-1
20,11,1
1440,34,-1
1434,14,-1
20,8,1
1440,33,-1
932,9,-1
20,7,1
567,2063,1
20,127,-1
1434,28425,-1
1262,42,-1
20,11,1
1440,18130,-1
1440,28,-1
20,13,1
1440,43,-1
1440,14,-1
20,9,1
1440,34,-1
1138,11,-1
20,10,1
1440,40,-1
1435,12,-1
20,9,1
1440,67,-1
1153,12,-1
20,11,1
1440,67,-1
1440,18,-1
20,14,1
1440,45,-1
1078,11,-1
20,473,1
1436,62748,-1
1431,49,-1
20,16,1
1374,65,-1
1427,17504,-1
1440,47,-1
20,12,1
1288,39,-1
1440,520,-1
20,14,1
1438,31,-1
1426,7,-1
20,6,1
1440,26,-1
996,9,-1
20,7,1
564,2052,1
20,199,-1
1436,9682,-1
1440,30,-1
20,10,1
1440,36,-1
1434,10,-1
20,5,1
1160,25,-1
1439,12,-1
20,10,1
1188,36,-1
20,9,1
1437,35,-1
1440,10,-1
20,6,1
950,21,-1
1436,7,-1
20,5,1
1433,22,-1
1433,11,-1
20,7,1
1440,33,-1
1438,5,-1
20,3,1
1440,17,-1
1437,6,-1
20,4,1
1440,15,-1
1338,4,-1
20,3,-1
1438,11,-1
1422,3,-1
1400,2,-1
1422,1,-1
1414,1,-1
20,7,1
1296,38,-1
1429,31107,-1
20,65,1
1440,64,-1
1438,12,-1
20,8,1
1440,31,-1
1025,9,-1
20,7,1
1439,38396,-1
1440,33,-1
20,13,1
958,41,-1
1440,10,-1
20,8,1
1440,35,-1
1440,11,-1
20,9,1
1440,34,-1
1190,11,-1
20,9,1
1440,34312,-1
1437,41,-1
1133,18,-1
20,8,1
1440,391,-1
1361,12,-1
20,10,1
1440,30,-1
1339,6,-1
20,5,1
1333,18,-1
20,468,1
564,5258,1
20,183,-1
1182,27491,1
20,187,-1
1433,35844,-1
1431,33,-1
20,13,1
1430,33,-1
1421,9,-1
20,7,1
1433,27,-1
1432,6,-1
20,6,1
1434,31,-1
1432,11066,-1
1294,34,-1
20,16,1
1180,54,-1
1434,561,-1
20,25,1
1434,70,-1
1436,12,-1
20,13,1
1021,53,-1
1436,1453,-1
20,20,1
1440,94,-1
1440,15,-1
20,9,1
1430,34,-1
1334,8,-1
20,10,1
1438,20745,-1
1440,25,-1
20,12,1
1198,43,-1
1440,10,-1
20,7,1
20,11,1
1440,43,-1
1440,12,-1
20,7,1
1204,29,-1
583,35552,-1
20,50,1
1433,54225,-1
1438,50,-1
20,18,1
1430,42,-1
1393,11,-1
20,10,1
1352,46,-1
1439,14,-1
20,10,1
1149,47,-1
1429,26845,-1
20,60,1
1439,70,-1
1428,16,-1
20,14,1
1417,43,-1
1425,13,-1
538,186,1
20,162,-1
533,61733,-1
20,40054,1
458,44386,-1
20,142,1
1436,9689,-1
1432,33,-1
20,15,1
1437,44,-1
1384,12,-1
20,11,1
1436,57,-1
1428,16,-1
20,12,1
1143,33,-1
20,50663,1
1437,4017,-1
20,47,1
1350,51,-1
555,456,1
20,177,-1
1435,61585,-1
1310,46,-1
20,16,1
1313,39,-1
1418,8,-1
20,6,1
1440,63,-1
1358,12,-1
20,10,1
196,1261,-1
562,1571,1
20,182,-1
1440,39901,-1
1204,35,-1
20,12,1
1437,43,-1
1440,11,-1
20,7,1
1439,36,-1
1440,9,-1
20,7,1
1440,22,-1
1434,7,-1
20,5,1
1439,21,-1
1432,7,-1
1143,50,-1
1440,618,-1
20,19,1
1438,40,-1
1427,17,-1
20,11,1
1434,41,-1
1404,10,-1
20,9,1
1438,41,-1
1425,13,-1
20,11,1
1437,38,-1
1173,9,-1
20,9,1
1438,41,-1
1318,11,-1
20,344,1
562,644,1
20,105,-1
1438,21547,-1
1429,31,-1
20,10,1
1325,50,-1
1228,5,-1
20,4,1
571,810,1
20,78,-1
1369,643,1
20,120,1
20,184,-1
1435,14934,-1
1440,29,-1
20,8,1
1366,26,-1
1440,6,-1
20,4,1
1438,19,-1
1440,5,-1
20,4,1
1440,25,-1
1440,6,-1
20,5,1
1188,17,-1
1440,6,-1
20,4,1
1438,29,-1
20,10,-1
1270,576,1
20,162,-1
1440,4086,-1
1430,26,-1
20,13,1
1317,51,-1
1437,398,-1
20,23,1
1144,49,-1
1439,362,-1
20,25,1
1128,56,-1
1436,403,-1
20,18,1
1440,64,-1
1439,11,-1
20,8,1
1060,37,-1
1378,9,-1
20,12,1
1439,1144,-1
1440,15,-1
20,8,1
1415,55,-1
1305,17,-1
20,10,1
1440,2219,-1
1428,27,-1
20,17,1
1173,51,-1
1386,457,-1
20,17,1
1440,727,-1
1312,18,-1
20,14,1
1440,440,-1
1414,16,-1
20,9,1
1292,42,-1
20,43074,1
698,1928,-1
20,268,1
568,17629,1
20,236,-1
1433,1473,-1
1171,37,-1
20,11,1
1436,3365,-1
1435,420,-1
20,15,1
1115,37,-1
1440,10,-1
20,7,1
1440,35,-1
1439,9,-1
20,6,1
1427,24,-1
1440,8,-1
20,7,1
1440,22,-1
1429,11,-1
1432,11,-1
1266,5,-1
20,201,1
560,2181,1
20,109,-1
1440,5135,-1
1440,15,-1
20,7,1
1336,31,-1
1440,7,-1
20,5,1
1366,6,-1
1245,8,-1
20,221,1
572,1575,1
20,154,-1
565,2691,1
20,184,-1
1440,1123,-1
1434,19,-1
20,11,1
1437,39,-1
1430,11,-1
20,11,1
1437,33,-1
1419,10,-1
20,9,1
1440,36,-1
1434,9,-1
20,8,1
1389,38,-1
1383,10,-1
20,7,1
1440,27,-1
1295,8,-1
20,12,1
1440,36,-1
1008,9,-1
20,8,1
1440,8365,-1
1439,20,-1
20,11,1
1440,46,-1
1438,13,-1
20,10,1
1440,43,-1
1140,13,-1
20,9,1
1440,45,-1
1440,13,-1
20,8,1
1105,40,-1
1440,12,-1
20,9,1
1439,30,-1
1281,11,-1
20,396,1
573,1523,1
20,101,-1
20,138,1
1440,43,-1
1438,11,-1
1252,5,-1
20,299,1
1439,289,-1
1428,9,-1
20,6,1
1440,29,-1
1436,6,-1
20,6,1
1440,18,-1
1437,5,-1
1411,3,-1
1427,2,-1
1418,2,-1
1427,2,-1
1392,2,-1
20,4,1
1440,15,-1
1415,3,-1
785,2,-1
1431,214,-1
1439,5,-1
1433,21,-1
20,13,1
1439,65,-1
1440,13,-1
20,9,1
1266,39,-1
1435,10,-1
20,10,1
1435,49,-1
1440,14,-1
20,10,1
1440,42,-1
1440,13,-1
20,11,1
987,40,-1
1422,11,-1
20,9,1
1440,240,-1
1440,14,-1
20,9,1
1440,29,-1
1185,11,-1
20,7,1
1440,23,-1
1440,94,-1
1439,9,-1
20,6,1
1440,25,-1
918,7,-1
20,6,1
1429,53399,-1
1437,37,-1
20,10,1
1316,39,-1
562,1024,1
20,127,-1
1428,33024,-1
1437,67,-1
20,15,1
1426,35,-1
1415,8,-1
20,6,1
1440,28,-1
1398,9,-1
20,8,1
1440,24,-1
1371,7,-1
20,7,1
1436,19,-1
20,9,1
1433,40,-1
1440,11,-1
20,6,1
1440,24,-1
1133,7,-1
20,6,1
1427,32,-1
1440,8,-1
20,5,1
1436,29,-1
1440,8,-1
20,6,1
1436,22,-1
1418,8,-1
20,6,1
1439,313,-1
1327,16,-1
1415,5,-1
1053,5,-1
20,369,1
1433,1208,-1
1432,15,-1
20,179,-1
553,49677,-1
20,36931,1
1381,37297,-1
20,96,1
562,7781,1
20,262,-1
1362,1653,-1
562,1782,1
20,249,-1
562,285,1
20,99,-1
559,739,1
20,287,-1
1407,7593,-1
1349,90,-1
20,19,1
1366,2154,-1
573,6756,1
20,231,-1
564,165,1
20,160,-1
571,301,1
20,94,1
20,8,1
1057,33,-1
1440,8,-1
20,7,1
1440,37,-1
1273,11,-1
20,9,1
1440,46,-1
1428,9,-1
20,6,1
1440,29,-1
1439,7,-1
20,6,1
1440,33,-1
1055,10,-1
20,285,1
562,4214,1
20,119,-1
566,2370,1
20,107,-1
565,490,1
20,117,-1
1429,39540,-1
1440,52,-1
1413,7,-1
20,10,1
1440,26,-1
1436,8,-1
20,6,1
1360,23,-1
1440,379,-1
20,15,1
1440,28,-1
999,9,-1
1440,4,-1
1436,4,-1
961,5,-1
1440,4,-1
1433,4,-1
1119,5,-1
1440,5,-1
1427,5,-1
1434,4,-1
1087,5,-1
1437,4,-1
1427,4,-1
1405,4,-1
1418,4,-1
416,3194,-1
20,42102,1
1440,40463,-1
1440,40,-1
20,19,1
1046,58,-1
1440,14,-1
20,11,1
1440,54,-1
1438,15,-1
20,10,1
1436,41,-1
1367,16,-1
20,164,1
1440,19496,-1
1429,33,-1
20,13,1
1434,45,-1
1440,12,-1
20,9,1
1437,40,-1
1440,11,-1
20,9,1
991,49,-1
20,11,1
1440,42,-1
1440,10,-1
20,7,1
1183,35,-1
563,1575,1
20,187,-1
1436,40453,-1
1440,44,-1
20,19,1
1440,60,-1
1440,12,-1
20,9,1
993,42,-1
1440,12,-1
20,9,1
1036,42,-1
1440,13,-1
20,13,1
1431,46,-1
1440,27,-1
20,12,1
1144,40,-1
1440,11,-1
554,64531,1
20,260,-1
561,972,1
20,147,-1
553,43547,-1
1319,23996,-1
20,29,1
564,51856,1
20,155,-1
541,58437,-1
20,39,1
1423,52712,-1
20,40,1
1440,56,-1
179,28,-1
20,10,1
606,56804,-1
20,41,1
561,41512,1
20,199,-1
576,64531,-1
20,89,1
567,31678,1
20,198,1
20,5,1
1114,28,-1
1440,6,-1
20,5,1
1440,31,-1
1309,8,-1
20,6,1
1440,1856,-1
1440,12,-1
20,7,1
1439,25,-1
1440,7,-1
20,4,1
952,20,-1
568,1356,1
20,110,-1
553,11701,1
20,191,-1
1438,45644,-1
1429,45,-1
20,21,1
1440,59,-1
1055,15,-1
20,14,1
20,6,1
1287,38,-1
1440,8786,-1
20,26,1
1440,40,-1
1418,9,-1
20,8,1
1440,34,-1
1130,11,-1
20,7,1
1435,38,-1
1222,12,-1
20,9,1
1439,30926,-1
1267,28,-1
20,10,1
1352,46113,-1
1437,541,-1
20,25,1
1397,70,-1
1440,27,-1
20,14,1
1427,51,-1
1427,15,-1
20,8,1
1434,42964,-1
1422,47,-1
20,16,1
1440,40,-1
1428,9,-1
20,7,1
1438,37,-1
1421,14,-1
20,9,1
1438,42,-1
1435,10,-1
20,7,1
1440,33,-1
944,10,-1
20,8,1
1383,878,-1
1440,395,-1
20,14,1
1148,29,-1
1390,8,-1
20,6,1
581,860,1
20,143,-1
20,13,1
1440,34,-1
1439,8,-1
20,7,1
1349,28,-1
1440,8,-1
20,6,1
1436,28,-1
1434,9,-1
20,7,1
654,43,-1
561,1284,1
20,201,-1
1436,31296,-1
1440,41,-1
20,15,1
1435,35,-1
1440,10,-1
20,10,1
1440,41,-1
1436,11,-1
20,7,1
1433,34,-1
1352,10,-1
1440,741,-1
20,18,1
1440,39,-1
997,9,-1
20,5,1
1440,1076,-1
1438,16,-1
20,8,1
1440,29,-1
1261,9,-1
20,9,1
1438,22092,-1
1438,28,-1
20,17,1
1440,38,-1
1071,11,-1
20,11,1
1412,58601,-1
1438,101,-1
20,27,1
1438,61,-1
1440,15,-1
20,10,1
1143,34,-1
20,88,-1
1434,48406,-1
1440,44,-1
20,13,1
1440,39,-1
1167,8,-1
20,8,1
565,1491,1
20,227,-1
1440,6609,-1
1440,28,-1
20,11,1
1019,38,-1
1440,10,-1
20,8,1
1225,34,-1
1440,13460,-1
20,31,1
1440,40,-1
1185,9,-1
20,7,1
1333,36,-1
575,1830,1
20,111,-1
1440,703,-1
1019,14,-1
20,11,1
1440,43,-1
1437,11,-1
20,8,1
1440,35,-1
1421,13,-1
20,10,1
1438,49,-1
1440,11,-1
20,8,1
1168,27,-1
1437,8,-1
20,7,1
1440,27,-1
1440,9,-1
1228,6,-1
20,155,1
20,57,-1
578,1391,1
20,172,-1
575,3303,1
20,164,-1
1439,27,-1
1006,9,-1
20,316,1
1440,3085,-1
1440,17,-1
20,10,1
1439,50,-1
1289,10,-1
20,8,1
1356,33,-1
1433,399,-1
20,22,1
1440,47,-1
1438,10,-1
20,8,1
1440,33,-1
1249,9,-1
20,9,1
1440,37,-1
1015,10,-1
20,7,1
567,1141,1
20,110,-1
1424,36513,-1
20,19,1
1436,274,-1
1299,18,-1
1300,264,-1
20,278,1
564,638,1
20,103,-1
1440,10415,-1
1439,28,-1
20,12,1
1216,60,-1
1440,14,-1
20,12,1
1440,55,-1
996,13,-1
20,11,1
1440,35,-1
1420,12,-1
20,11,1
1440,46,-1
1421,13,-1
20,10,1
1440,47,-1
1105,14,-1
1429,3175,-1
20,41,1
1440,65,-1
1440,10,-1
20,6,1
1440,29,-1
1439,8,-1
20,6,1
1439,29,-1
919,11,-1
20,9,1
1439,18460,-1
1440,33,-1
20,13,1
1440,56,-1
1258,14,-1
20,10,1
1440,39,-1
1184,12,-1
20,9,1
1440,2448,-1
1440,17,-1
20,9,1
1314,40,-1
1357,8,-1
20,6,1
1440,26,-1
1342,7,-1
20,6,1
1429,23968,-1
1440,39,-1
20,11,1
1053,57,-1
1440,83,-1
20,14,1
1089,31,-1
1440,384,-1
20,17,1
1440,38,-1
1049,9,-1
20,7,1
1440,2458,-1
1375,17,-1
20,10,1
1427,40,-1
1438,32,-1
20,12,1
1380,40,-1
20,6,1
1440,5581,-1
1338,24,-1
20,14,1
1437,56,-1
1337,14,-1
20,9,1
1437,553,-1
1440,18,-1
20,12,1
1024,38,-1
571,3490,1
20,179,-1
564,219,1
20,126,-1
560,1175,1
20,40,-1
1347,32716,-1
564,908,1
20,202,-1
1439,1868,-1
1320,17,-1
20,11,1
1394,965,-1
1422,1320,-1
1435,14,-1
20,9,1
1440,27,-1
1431,5,-1
20,5,1
1430,16,-1
1434,5,-1
20,5,1
1337,15,-1
1434,3595,-1
1393,10,-1
20,4,1
1439,20,-1
1436,8,-1
20,7,1
1436,20,-1
1009,7,-1
20,5,1
1440,26,-1
1435,5,-1
20,4,1
1438,14,-1
1411,6,-1
1440,21,-1
1433,5,-1
20,3,1
1440,11,-1
1432,3,-1
20,3,1
1422,12,-1
1340,3,-1
20,165,1
1438,17199,-1
1423,23,-1
20,7,1
1439,28,-1
1440,7,-1
20,6,1
1085,17,-1
1440,1155,-1
20,13,1
1440,28,-1
1439,8,-1
20,6,1
1440,28,-1
1138,8,-1
20,6,1
1423,15,-1
1164,8,-1
20,299,1
566,1484,1
20,171,-1
1440,933,-1
1427,8,-1
20,7,1
1420,26,-1
1181,11,-1
20,278,1
562,3499,1
20,142,-1
564,2598,1
20,42,-1
1437,9538,-1
1430,24,-1
20,11,1
1421,35,-1
1436,8,-1
20,7,1
1436,31,-1
1398,8,-1
20,5,1
557,886,1
20,207,-1
1436,40026,-1
1440,45,-1
20,19,1
1434,51,-1
1434,13,-1
20,10,1
1439,40,-1
1018,14,-1
20,9,1
1440,59,-1
1428,13,-1
20,11,1
1440,45,-1
1440,14,-1
20,12,1
1440,35,-1
1083,14,-1
20,11,1
1349,30,-1
1436,13546,-1
20,34,1
1413,58,-1
1440,44,-1
1438,12,-1
20,9,1
1439,41,-1
1189,12,-1
20,10,1
1154,32,-1
1440,7338,-1
20,28,1
1439,39,-1
1440,11,-1
20,10,1
1436,29,-1
1440,10,-1
20,8,1
1285,31,-1
1440,7,-1
20,6,1
1440,29,-1
1440,8,-1
20,6,1
1439,23,-1
1073,6,-1
20,7,1
1440,30,-1
1091,5,-1
20,4,1
1440,22,-1
1436,5,-1
20,5,1
1438,19,-1
1439,5,-1
20,5,1
1438,19,-1
1166,6,-1
20,4,1
1440,34,-1
1435,7,-1
20,5,1
1326,22,-1
552,9588,1
20,164,-1
1440,37194,-1
1439,38,-1
20,15,1
1383,40,-1
1440,10,-1
20,7,1
1276,17,-1
20,456,1
571,740,1
20,45,-1
1440,1050,-1
1344,15,-1
20,7,1
1440,29,-1
1440,8,-1
20,8,1
1439,31,-1
945,8,-1
20,5,1
1440,25,-1
1440,6,-1
20,5,1
1438,22,-1
1425,7,-1
20,6,1
20,209,-1
1440,2170,-1
1440,11,-1
20,8,1
1174,42,-1
610,64531,-1
20,47,1
568,2933,1
20,180,-1
560,64531,-1
20,134,1
565,1638,1
20,180,-1
566,64531,-1
20,36796,1
559,37616,1
20,209,-1
539,64531,-1
20,36820,1
400,64531,-1
1480,13716,1
1242,128,1
20,192,-1
607,64531,-1
20,97,1
565,4631,1
20,238,-1
569,239,1
20,140,-1
20,9,1
1431,37,-1
1436,9,-1
20,7,1
1129,47,-1
1366,6,-1
20,4,1
1368,418,-1
1440,558,-1
20,19,1
1440,49,-1
1217,11,-1
20,9,1
1383,1668,-1
1440,322,-1
20,19,1
1440,35,-1
1330,9,-1
20,7,1
1430,39970,-1
1437,58,-1
20,19,1
1278,57,-1
1429,15,-1
1440,14,-1
943,7,-1
20,6,1
564,600,1
20,171,-1
1440,39,-1
1431,11,-1
20,10,1
1440,39,-1
1434,8,-1
20,6,1
1099,23,-1
1440,4891,-1
20,17,1
1353,35,-1
560,593,1
20,197,-1
1436,1353,-1
1440,23,-1
20,10,1
1236,37,-1
1157,462,-1
20,17,1
1403,516,-1
1247,30,-1
568,1981,1
20,223,-1
1438,36645,-1
1440,41,-1
20,15,1
924,48,-1
567,589,1
20,182,-1
1369,5510,-1
1440,651,-1
20,32,1
1423,56,-1
1361,15,-1
20,14,1
1436,57,-1
1440,19,-1
20,12,1
1437,40,-1
1438,12,-1
20,10,1
1432,35,-1
1358,9,-1
20,7,1
20,7,1
1020,34,-1
1439,9,-1
20,5,1
1440,27,-1
1440,9,-1
20,7,1
1063,30,-1
1440,8,-1
20,7,1
1440,27,-1
1123,11,-1
20,8,1
1424,53934,-1
1440,70,-1
20,23,1
1440,71,-1
1440,12,-1
20,10,1
1440,35,-1
1372,9,-1
20,7,1
1440,33,-1
1221,9,-1
20,2,1
1356,1,-1
20,1,-1
20,1,-1
566,519,1
20,95,-1
502,47925,-1
20,39118,1
1440,9993,-1
1276,24,-1
20,9,1
561,4593,1
20,179,-1
1297,756,1
20,168,1
20,126,-1
551,307,1
20,164,-1
1172,19626,-1
20,40162,1
1413,35350,-1
1314,169,-1
20,38,1
1329,5729,1
20,30,1
1438,47,-1
1425,9,-1
20,6,1
1148,28,-1
1437,34918,-1
20,50,1
1438,49,-1
1207,9,-1
20,5,1
568,850,1
20,172,-1
563,188,1
20,176,-1
1432,11879,-1
1439,48,-1
20,15,1
1440,51,-1
1110,15,-1
20,6,1
576,2574,1
20,220,-1
237,1198,-1
559,3227,1
1437,17,-1
898,9,-1
1326,6,-1
20,366,1
569,2142,1
20,157,-1
568,279,1
20,107,-1
1436,19563,-1
1437,32,-1
20,20,1
1440,44,-1
1440,12,-1
20,7,1
1440,31,-1
1440,9,-1
20,7,1
963,29,-1
1440,7,-1
20,6,1
1440,33,-1
1440,8,-1
20,5,1
1440,20,-1
1431,20975,-1
1418,28,-1
20,12,1
1162,48,-1
566,954,1
20,135,-1
1438,15633,-1
1284,26,-1
20,12,1
1435,1144,-1
1440,23,-1
20,13,1
1186,45,-1
1342,1004,-1
20,76,1
1432,9621,-1
1440,32,-1
20,20,1
1065,54,-1
1436,1215,-1
20,26,1
1436,49,-1
1428,12,-1
20,8,1
20,140,-1
570,521,1
20,121,-1
1440,1901,-1
1431,16,-1
20,7,1
1204,35,-1
1440,1506,-1
20,17,1
1440,39,-1
1127,13,-1
20,8,1
1440,448,-1
1440,14,-1
20,9,1
1107,30,-1
1440,14106,-1
20,29,1
1440,40,-1
1298,8,-1
20,7,1
1436,6602,-1
1439,16,-1
20,8,1
1440,20,-1
1439,5,-1
20,5,1
1440,20,-1
1200,5,-1
20,4,1
1309,18,-1
558,1814,1
20,163,-1
1434,19457,-1
1440,34,-1
20,11,1
1431,29,-1
1440,7,-1
20,5,1
1440,24,-1
1440,7,-1
20,5,1
993,25,-1
1440,7,-1
20,6,1
1438,22,-1
1436,6,-1
20,6,1
1316,13,-1
1411,9,-1
1317,5,-1
20,357,1
563,4931,1
20,146,-1
1438,5028,-1
1434,32,-1
20,19,1
1440,63,-1
1125,15,-1
20,11,1
1438,37,-1
1368,15,-1
20,12,1
1432,829,-1
1440,19,-1
20,8,1
940,33,-1
570,781,1
20,105,-1
1439,1553,-1
1440,17,-1
20,8,1
1440,258,-1
20,19,1
1071,39,-1
20,14,1
1436,69,-1
20,21,1
1351,45,-1
20,16,1
1390,47,-1
20,21,1
1421,45,-1
20,13,1
1423,30,-1
20,10,1
1399,29,-1
20,11,1
1429,31,-1
20,10,1
1375,22,-1
20,12,1
1318,182,-1
20,10,1
1414,20493,-1
20,52,1
1356,154,-1
559,548,1
20,121,-1
564,2894,1
20,98,-1
1360,13815,-1
1440,682,-1
20,21,1
1437,48,-1
1247,15,-1
20,8,1
1440,35,-1
1022,11,-1
20,9,1
1440,8901,-1
1435,22,-1
20,11,1
1177,37,-1
1437,25234,-1
20,45,1
1440,40,-1
1147,13,-1
20,10,1
1416,631,-1
20,204,-1
1435,7191,-1
1427,28,-1
20,17,1
1440,46,-1
1157,13,-1
20,13,1
1371,534,-1
1440,220,-1
20,23,1
1290,54,-1
571,2718,1
20,149,-1
1434,18943,-1
1402,49,-1
20,15,1
1437,37,-1
1243,11,-1
20,8,1
572,5368,1
20,67,-1
1439,695,-1
1421,16,-1
20,7,1
1440,31,-1
1433,6,-1
20,5,1
1440,24,-1
1439,6,-1
20,4,1
1288,22,-1
1438,6,-1
20,5,1
1439,30,-1
1037,6,-1
20,5,1
1322,20,-1
1435,16147,-1
20,39,1
1440,53,-1
1440,10,-1
20,8,1
1436,31,-1
1440,8,-1
20,7,1
1440,27,-1
1067,8,-1
20,8,1
1436,41,-1
1384,11,-1
20,7,1
1248,28,-1
1436,15526,-1
20,33,1
1434,41,-1
1260,10,-1
20,6,1
1440,16263,-1
20,31,1
1340,53,-1
1433,7749,-1
20,34,1
1440,38,-1
1091,9,-1
20,6,1
1436,3308,-1
1438,19,-1
20,8,1
1430,37,-1
1320,11,-1
20,10,1
1426,475,-1
1431,44982,-1
1411,51,-1
20,23,1
1421,73,-1
1212,18,-1
20,483,1
562,659,1
20,103,-1
1440,52103,-1
1350,47,-1
20,12,1
1438,126,-1
1437,14,-1
20,12,1
1197,46,-1
1440,9,-1
20,7,1
1251,29,-1
1428,7,-1
20,5,1
20,98,-1
567,2076,1
20,148,-1
570,6632,1
1416,907,-1
20,66,1
1440,45,-1
1427,8,-1
20,6,1
1428,27,-1
1288,8,-1
20,5,1
567,572,1
20,124,-1
1440,3006,-1
1412,14,-1
20,9,1
1440,37,-1
1046,9,-1
20,5,1
567,937,1
20,152,-1
1440,1485,-1
1440,16,-1
20,9,1
1434,35,-1
1430,9,-1
20,5,1
1360,13,-1
20,9,1
580,543,1
20,118,-1
1440,2840,-1
1433,16,-1
20,8,1
1430,46,-1
143,6,-1
20,4,-1
1440,8,-1
1422,2,-1
20,2,1
1440,6,-1
1436,2,-1
20,2,1
1440,7,-1
1439,2,-1
20,2,1
1440,6,-1
1436,2,-1
20,3,1
1439,8,-1
1427,2,-1
1342,286,-1
568,1936,1
20,120,-1
1439,6192,-1
1415,27,-1
20,13,1
1440,37,-1
962,9,-1
20,7,1
1438,1236,-1
1433,17,-1
20,10,1
1436,42,-1
1429,11,-1
20,10,1
1440,29,-1
1422,10,-1
20,8,1
1229,29,-1
20,41118,1
1430,12803,-1
1420,38,-1
20,12,1
1369,53,-1
1424,3,-1
1425,5,-1
1431,5,-1
1437,5,-1
1086,5,-1
1440,4,-1
1423,5,-1
1326,3,-1
1350,376,-1
1436,146,-1
1437,7,-1
1440,4,-1
946,4,-1
20,5,-1
1440,9,-1
1420,4,-1
1270,5,-1
1439,5,-1
1322,5,-1
20,314,1
559,891,1
20,87,-1
1314,53553,-1
1440,2784,-1
1440,9,-1
20,9,1
1440,26,-1
1213,7,-1
20,6,1
1440,387,-1
1439,8,-1
20,5,1
1432,24,-1
1440,9,-1
20,6,1
1146,20,-1
1384,4,-1
20,4,1
1440,1125,-1
1440,9,-1
20,5,1
1440,18,-1
1440,5,-1
20,4,1
867,14,-1
1440,506,-1
20,18,1
1440,23,-1
20,15,1
1440,56,-1
1440,10,-1
20,9,1
1438,36,-1
968,12,-1
20,8,1
1440,35,-1
1428,7,-1
20,8,1
1440,26,-1
1436,10,-1
1415,5,-1
1216,5,-1
20,320,1
565,820,1
20,138,-1
1356,3376,-1
563,4070,1
20,218,-1
1435,19651,-1
1437,32,-1
20,11,1
1149,41,-1
1419,12,-1
20,9,1
1276,39,-1
1435,19598,-1
20,44,1
1440,51,-1
1440,9,-1
20,6,1
1435,30,-1
1109,8,-1
20,8,1
1440,30,-1
1440,6,-1
20,5,1
1440,15,-1
1433,4,-1
20,4,1
1440,16,-1
1438,5,-1
20,4,1
1433,12,-1
1427,3,-1
20,3,1
1435,13,-1
20,13,1
1440,32,-1
1070,11,-1
1440,7,-1
1421,6,-1
1337,5,-1
20,270,1
1440,161,-1
1356,12,-1
20,14,1
1435,21353,-1
1348,35,-1
20,13,1
1435,779,-1
1440,18,-1
20,8,1
1440,40,-1
1210,12,-1
20,8,1
563,5472,1
20,136,-1
1436,3243,-1
1437,15,-1
20,6,1
630,28,-1
1440,305,-1
20,12,1
1278,35,-1
1438,9,-1
20,9,1
1440,34,-1
1430,9,-1
1418,5,-1
1435,4,-1
1330,4,-1
1364,136,-1
20,200,1
561,886,1
20,82,-1
1432,56731,-1
1426,48,-1
20,17,1
1438,70,-1
1439,14,-1
20,11,1
1434,42,-1
1160,8,-1
20,6,1
1401,16,-1
1269,11,-1
20,322,1
565,6275,1
20,68,-1
565,1808,1
20,69,-1
1440,17291,-1
1440,27,-1
20,13,1
1130,41,-1
1440,18,-1
20,11,1
602,32,-1
1435,21928,-1
20,40,1
1439,57,-1
1411,12,-1
20,10,1
1438,51,-1
1426,13,-1
20,10,1
1231,53,-1
1440,430,-1
1440,38,-1
1141,6,-1
20,5,1
1440,22,-1
1437,8,-1
20,7,1
1438,21,-1
1439,8,-1
20,5,1
1438,18,-1
1275,5,-1
20,3,1
565,390,1
20,79,-1
1376,40946,-1
1440,433,-1
20,30,1
1440,45,-1
1194,9,-1
20,6,1
1440,381,-1
1440,10,-1
20,8,1
1325,32,-1
20,15,1
1440,29,-1
1440,6,-1
20,4,1
1440,24,-1
1440,8,-1
20,6,1
1046,25,-1
1440,6,-1
20,4,1
1024,19,-1
1440,4,-1
20,5,1
1440,23,-1
1440,7,-1
20,6,1
1388,20,-1
1347,6,-1
20,4,1
564,1377,1
20,106,-1
1419,37590,-1
1440,79,-1
20,23,1
20,249,-1
562,680,1
20,113,-1
566,1278,1
20,147,-1
566,2425,1
20,110,-1
1440,2748,-1
1176,19,-1
20,7,1
1440,19638,-1
1439,32,-1
20,9,1
1184,25,-1
1440,5,-1
20,4,1
1440,18,-1
1434,5,-1
20,4,1
1440,18,-1
1440,5,-1
20,5,1
1391,20,-1
1370,3,-1
1318,228,1
20,62,-1
1319,302,1
20,106,-1
1480,197,1
1313,122,1
20,71,-1
1236,100,1
20,72,-1
554,163,1
20,60,-1
566,256,1
20,43,-1
558,154,1
20,54,-1
1349,40624,-1
1377,1675,-1
20,24,1
1440,352,-1
1358,19,-1
20,13,1
1429,60,-1
1421,16,-1
20,10,1
20,102,-1
553,312,1
20,105,-1
1435,16309,1
127,251,1
20,134,-1
1291,619,1
20,173,-1
331,11910,-1
20,35489,1
1304,42066,-1
20,61,1
458,18472,-1
1480,2207,1
293,206,1
20,140,-1
1480,277,1
1407,112,1
20,83,-1
1320,132,1
20,151,-1
449,86,1
20,103,-1
305,38807,1
1438,9354,-1
1440,27,-1
20,11,1
1437,31,-1
911,6,-1
20,5,1
1440,20,-1
1440,6,-1
20,5,1
1440,17,-1
1440,5,-1
20,4,1
1436,18,-1
1440,5,-1
20,4,1
903,20,-1
565,792,1
20,68,-1
1436,46859,-1
1440,46,-1
20,15,1
1440,37,-1
1268,12,-1
20,9,1
1331,3631,-1
570,6334,1
20,172,-1
195,57471,-1
1440,36393,-1
20,55,1
1418,62,-1
1414,16,-1
20,10,1
1264,43,-1
1370,270,-1
20,19,1
1435,742,-1
1370,26,-1
20,15,1
1439,47,-1
1293,14,-1
20,10,1
875,32997,-1
1436,32862,-1
20,46,1
1292,61,-1
574,673,1
20,74,-1
1332,49,-1
1440,2742,-1
20,15,1
1440,24,-1
1179,6,-1
20,5,1
1438,15,-1
1424,4,-1
20,4,1
1439,14,-1
1426,5,-1
20,4,1
1146,15,-1
1335,20045,-1
20,23,1
564,710,1
20,83,-1
1340,10783,-1
1428,28034,-1
20,47,1
1440,54,-1
1207,11,-1
20,9,1
1405,35,-1
1420,39205,-1
1434,36,-1
20,14,1
1439,39,-1
1344,10,-1
20,8,1
1322,34,-1
1436,17819,-1
20,46,1
1424,58,-1
1425,9,-1
20,8,1
1433,34,-1
1425,9,-1
20,8,1
1436,34,-1
1421,9,-1
20,7,1
1249,31,-1
1435,5873,1
125,91,1
20,79,-1
1435,31331,-1
1411,38,-1
1297,13,-1
20,10,1
1359,831,-1
1440,4533,-1
20,16,1
1302,35,-1
1440,13723,-1
20,34,1
1440,33,-1
1303,7,-1
20,7,1
1333,32,-1
558,471,1
20,122,-1
1440,213,-1
1435,11,-1
20,6,1
1186,25,-1
1384,2110,-1
20,19,1
1435,24293,-1
1426,40,-1
20,18,1
1070,47,-1
1436,15,-1
1431,6,-1
1423,4,-1
1295,5,-1
1329,4,-1
20,266,1
568,1103,1
20,79,-1
562,2381,1
20,163,-1
1438,32857,-1
1435,44,-1
20,18,1
1440,53,-1
1090,12,-1
20,11,1
1440,38,-1
933,12,-1
20,8,1
1440,41,-1
1440,12,-1
20,10,1
1440,44,-1
1440,10,-1
1440,49,-1
1440,10,-1
20,8,1
1440,32,-1
1429,9,-1
20,8,1
1440,30,-1
1069,7,-1
20,9,1
1438,27,-1
986,8,-1
20,5,1
564,1205,1
20,121,-1
1435,40832,-1
1437,43,-1
20,12,1
1440,42,-1
1432,8,-1
20,6,1
1440,27,-1
1436,7,-1
20,6,1
1286,27,-1
20,16,1
1332,54,-1
20,804,1
1435,11664,-1
1440,30,-1
20,11,1
1102,41,-1
568,4756,1
20,179,-1
1440,8410,-1
1428,26,-1
20,13,1
1438,54,-1
1432,14,-1
20,13,1
958,45,-1
1434,566,-1
20,22,1
1440,52,-1
1407,12,-1
20,9,1
1299,27,-1
1406,29500,-1
20,49,1
1430,11,-1
20,12,1
1136,35,-1
20,1624,1
1430,23246,-1
1439,45,-1
20,18,1
1426,45,-1
1437,10,-1
20,10,1
1437,34,-1
1423,10,-1
20,8,1
1194,28,-1
1359,7082,-1
20,27,1
563,1003,1
20,246,-1
1440,11962,-1
1433,24,-1
20,14,1
1270,48,-1
1440,10,-1
20,7,1
1440,24,-1
20,13,1
1440,35,-1
1157,12,-1
20,10,1
1440,1441,-1
1440,18,-1
20,14,1
1440,42,-1
1086,12,-1
20,10,1
1440,38,-1
1224,11,-1
20,7,1
1326,35,-1
564,1449,1
20,62,-1
1440,14320,-1
1440,30,-1
20,10,1
1085,32,-1
1378,917,-1
20,13,1
1427,36829,-1
1440,98,-1
1440,16,-1
20,11,1
1440,44,-1
1440,11,-1
20,7,1
981,28,-1
1440,11,-1
20,10,1
1017,38,-1
565,974,1
20,160,-1
1440,2873,-1
1440,18,-1
20,8,1
1252,37,-1
1436,15405,-1
20,34,1
1435,35,-1
1424,10,-1
20,9,1
1438,29,-1
1385,10,-1
20,8,1
1438,49,-1
1100,9,-1
20,7,1
567,3010,1
20,141,-1
1439,36099,-1
1431,40,-1
20,15,1
1430,51,-1
1440,15,-1
20,14,1
1410,48,-1
1436,15,-1
20,13,1
1422,46,-1
1221,11,-1
20,8,1
1376,1679,-1
1384,344,-1
20,19,1
1440,28373,-1
1417,35,-1
20,15,1
1257,61,-1
20,16,1
1440,53,-1
1440,9,-1
20,5,1
1129,23,-1
1440,10,-1
20,7,1
1440,25,-1
1029,7,-1
20,8,1
1440,23,-1
1313,6,-1
20,6,1
566,1312,1
20,112,-1
1440,4751,-1
1440,22,-1
20,10,1
1440,30,-1
1440,9,-1
20,6,1
1440,28,-1
1164,11,-1
20,10,1
1273,27,-1
20,9,1
1440,578,-1
1267,16,-1
20,8,1
356,755,1
1439,169,-1
20,14,1
1319,31,-1
20,453,1
1432,5156,-1
20,43,1
1428,42,-1
20,18,1
1362,45,-1
20,40,1
118,24621,-1
1386,625,-1
1437,296,-1
20,20,1
1438,64,-1
1416,15,-1
20,11,1
1371,36,-1
1440,56,-1
1423,11,-1
20,7,1
1440,22,-1
1440,5,-1
20,4,1
1282,16,-1
1376,5,-1
20,4,1
564,1807,1
20,109,-1
1419,53828,-1
1440,83,-1
20,26,1
1437,57,-1
1420,13,-1
20,14,1
1440,37,-1
1436,12,-1
20,10,1
1440,46,-1
934,15,-1
20,11,1
1440,48,-1
1420,13,-1
20,11,1
1440,31,-1
1400,9,-1
20,7,1
1440,75,-1
1440,10,-1
20,6,1
960,25,-1
20,2447,-1
563,594,1
20,230,-1
562,5806,1
20,119,-1
1440,34101,-1
1429,41,-1
20,18,1
1431,38,-1
1438,13,-1
20,8,1
1420,36,-1
1435,8,-1
20,6,1
1291,34,-1
1435,1058,-1
1150,20,-1
20,9,1
567,567,1
20,128,-1
1440,4700,-1
1324,15,-1
20,9,1
1440,594,-1
1433,15,-1
20,10,1
1120,34,-1
1440,13963,-1
20,17,1
1440,26,-1
1430,5,-1
20,4,1
1426,16,-1
1405,4,-1
20,2,1
20,23,-1
1388,962,-1
20,9,1
1422,13948,-1
20,7,1
1440,25,-1
1196,7,-1
20,7,1
1437,1285,-1
1439,19,-1
20,5,1
1420,13,-1
1430,3,-1
20,2,1
1080,10,-1
1431,5185,-1
20,20,1
1317,43,-1
1223,6130,-1
20,17,1
1364,22229,-1
1440,329,-1
20,22,1
1440,42,-1
1148,10,-1
20,7,1
1424,7858,-1
1430,33,-1
20,17,-1
1434,61328,-1
1440,51,-1
20,17,1
1106,50,-1
1440,14,-1
20,9,1
1440,43,-1
1136,12,-1
20,12,1
1440,38,-1
1440,13,-1
20,8,1
1418,32,-1
1440,12,-1
20,11,1
1440,61,-1
1440,17,-1
20,13,1
1440,53,-1
1207,15,-1
20,13,1
1440,58,-1
1053,15,-1
1431,34605,-1
1440,51,-1
20,14,1
970,52,-1
1439,9,-1
20,7,1
1440,43,-1
1440,10,-1
20,8,1
1440,41,-1
1440,10,-1
20,7,1
1438,36,-1
1440,9,-1
20,8,1
1314,33,-1
1440,14,-1
947,6,-1
1440,5,-1
1440,5,-1
1409,4,-1
993,4,-1
20,298,1
526,2518,1
20,8,1
1249,35,-1
1435,29932,-1
20,47,1
1438,58,-1
1439,14,-1
20,11,1
965,57,-1
1439,14,-1
20,9,1
1440,43,-1
1429,12,-1
1307,7,-1
20,244,1
1431,31856,-1
1433,49,-1
20,17,1
1308,55,-1
1431,14,-1
20,11,1
1437,33,-1
1434,13,-1
20,11,1
1410,50,-1
20,12,1
1433,67,-1
1420,11,-1
20,8,1
1321,26,-1
1436,490,-1
20,12,1
1432,23,-1
1424,6,-1
20,4,1
1440,18,-1
804,5,-1
20,2,1
564,4023,1
20,114,-1
555,27713,1
20,164,-1
568,256,1
20,76,-1
560,385,1
20,73,-1
1111,1722,1
20,112,-1
539,802,1
1304,7,-1
20,7,1
1440,4367,-1
1440,20,-1
20,10,1
1340,41,-1
1440,1141,-1
20,12,1
1440,20,-1
1199,5,-1
20,4,1
577,639,1
20,123,-1
577,2850,1
20,189,-1
320,177,1
20,155,-1
20,164,1
20,88,-1
20,47,-1
74,18,1
111,93,1
1440,42,-1
1431,5,-1
1420,16615,-1
1278,42,-1
20,15,1
1433,9210,-1
1435,33,-1
20,14,1
1114,49,-1
1440,646,-1
20,31,1
1431,42,-1
1432,12,-1
20,9,1
1321,31,-1
1414,331,-1
20,14,1
1440,130,-1
1432,11,-1
20,7,1
1108,30,-1
1436,967,-1
20,11,1
1272,25,-1
1426,5000,-1
20,23,1
1440,18,-1
20,9,1
1020,27,-1
1084,2379,1
20,167,-1
1440,2249,-1
1433,17,-1
20,8,1
1357,53,-1
1440,730,-1
20,17,1
1437,31,-1
958,9,-1
20,6,1
1429,26,-1
1434,6,-1
20,5,1
1440,20,-1
1421,6,-1
20,6,1
1440,50,-1
1431,8,-1
20,6,1
1419,33,-1
1440,44,-1
1063,13,-1
20,8,1
1440,51,-1
1440,11,-1
20,9,1
1440,32,-1
1168,9,-1
20,8,1
1440,35,-1
1440,9,-1
20,8,1
1439,27,-1
1440,5,-1
20,5,1
1019,21,-1
1438,6,-1
20,5,1
1440,31,-1
1440,8,-1
1400,4,-1
1197,3,-1
20,228,1
584,1417,1
20,321,1
1184,65,-1
1439,1562,-1
20,26,1
1440,60,-1
1289,13,-1
20,11,1
1437,36,-1
1361,9,-1
20,9,1
1434,51,-1
1439,11,-1
20,7,1
1438,30,-1
1432,9,-1
20,9,1
1316,34,-1
1375,478,-1
20,17,1
563,3279,1
20,149,-1
1433,15358,-1
1411,29,-1
20,9,1
20,6,1
1440,26,-1
1267,9,-1
20,8,1
1437,25061,-1
1440,30,-1
20,13,1
1076,33,-1
1434,3110,-1
20,39,1
1440,38,-1
1440,8,-1
20,7,1
1105,23,-1
1440,5,-1
20,4,1
1439,15,-1
1374,4,-1
20,4,1
1440,13,-1
1427,6,-1
1038,3,-1
1435,3,-1
1435,3,-1
1440,163,-1
1393,9,-1
20,6,1
1439,27,-1
1405,9,-1
20,8,1
1293,27,-1
567,3070,1
20,71,-1
1374,1973,-1
1440,671,-1
20,15,1
1438,27,-1
1435,7,-1
20,6,1
1374,22,-1
1439,8,-1
20,6,1
1276,19,-1
1440,9652,-1
20,15,1
1417,15,-1
1408,4,-1
20,4,1
20,9,1
1429,50524,-1
1440,50,-1
20,15,1
1435,52,-1
1353,11,-1
20,7,1
1440,830,-1
1438,13,-1
20,8,1
1081,31,-1
1432,22313,-1
20,48,1
1440,75,-1
1433,11,-1
20,8,1
1041,38,-1
1440,9,-1
20,8,1
1434,32,-1
1420,10,-1
20,10,1
1440,143,-1
1151,13,-1
1440,79,-1
1440,11,-1
20,6,1
1104,22,-1
1440,6,-1
20,4,1
1440,17,-1
1440,5,-1
20,5,1
1440,19,-1
1433,7,-1
1250,4,-1
20,271,1
564,870,1
20,115,-1
563,740,1
20,85,-1
1436,35764,-1
1438,49,-1
20,13,1
1436,34,-1
1422,7,-1
20,6,1
1403,22,-1
20,301,-1
571,36532,-1
20,319,1
563,579,1
20,222,-1
709,25528,-1
20,38843,1
1440,47347,-1
1412,28,-1
20,11,1
1436,39,-1
1149,8,-1
20,5,1
567,15337,1
20,240,-1
1440,4382,-1
1429,13,-1
20,4,-1
20,26,-1
20,702,-1
573,9942,1
20,228,-1
575,196,1
20,100,-1
1317,43,-1
564,875,1
20,118,-1
1428,48753,-1
1440,65,-1
20,18,1
1270,42,-1
1440,9,-1
20,6,1
1440,34,-1
1440,9,-1
20,6,1
1043,31,-1
1382,7,-1
20,7,1
1440,8920,-1
1440,27,-1
20,12,1
1440,42,-1
1314,9,-1
20,9,1
1440,34,-1
1332,9,-1
20,8,1
20,12,1
1432,37,-1
1327,11,-1
20,5,1
565,452,1
20,69,-1
1418,38896,-1
1440,74,-1
20,17,1
1162,60,-1
1433,16231,-1
20,39,1
989,52,-1
1440,5110,-1
20,20,1
1436,35,-1
1354,15,-1
20,9,1
1365,12586,-1
20,81,1
1437,622,-1
1264,18,-1
20,10,1
1421,5514,-1
1234,9,-1
20,7,1
1440,1089,-1
1396,14,-1
20,7,1
1266,25,-1
1433,18796,-1
20,35,1
1440,49,-1
1440,12,-1
20,9,1
1001,31,-1
1440,10,-1
20,6,1
1115,29,-1
566,1006,1
20,174,-1
1440,31723,-1
1379,37,-1
20,12,1
1440,132,-1
1439,12,-1
20,8,1
1419,28,-1
20,20,-1
1437,13148,-1
1440,30,-1
20,12,1
1002,39,-1
1440,2917,-1
20,20,1
1438,35,-1
1440,8,-1
20,6,1
1416,22,-1
1437,7,-1
20,7,1
1440,21,-1
1439,7,-1
20,5,1
1422,18,-1
1440,6,-1
20,6,1
1436,17,-1
1419,5,-1
20,4,1
1300,20,-1
1440,9,-1
1434,1506,-1
20,20,1
1370,50,-1
1440,11,-1
20,8,1
1440,34,-1
1434,8,-1
20,7,1
1437,27,-1
1022,8,-1
20,8,1
1374,24,-1
1440,236,-1
20,10,1
1440,32,-1
1250,8,-1
20,7,1
1440,23,-1
1439,8,-1
20,6,1
1436,18,-1
1291,7,-1
20,6,1
554,496,1
1424,5,-1
1380,6,-1
1353,5,-1
1418,5,-1
1153,6,-1
20,133,1
564,1235,1
20,73,-1
558,1068,1
20,86,-1
558,2453,1
20,79,-1
563,2257,1
20,110,-1
567,21487,1
20,113,-1
557,589,1
20,91,-1
565,1326,1
20,81,-1
561,355,1
20,95,-1
556,565,1
20,64,-1
20,25,1
1439,287,-1
1439,12,-1
20,7,1
1440,36,-1
1134,12,-1
1440,7,-1
652,5,-1
1351,67,-1
20,340,1
570,1517,1
20,70,-1
564,374,1
20,65,-1
1439,9202,-1
1438,27,-1
20,15,1
1440,38,-1
1432,8,-1
20,5,1
1436,20,-1
1432,6,-1
20,5,1
1435,23,-1
20,28,-1
1438,26584,-1
1425,31,-1
20,12,1
1164,45,-1
20,39772,1
1431,17053,-1
1407,35,-1
20,15,1
1440,58,-1
1017,12,-1
20,10,1
1439,3245,-1
1433,22,-1
20,13,1
1438,45,-1
1421,15,-1
20,10,1
1440,48,-1
1013,15,-1
20,9,1
1435,2168,-1
1185,27,-1
1440,532,-1
20,16,1
1440,47,-1
1278,10,-1
20,7,1
1440,6411,-1
1440,28,-1
20,12,1
1045,47,-1
1374,10,-1
20,8,1
1435,26233,-1
1427,36,-1
20,13,1
1349,64,-1
1439,503,-1
20,19,1
1399,44,-1
1440,13,-1
20,9,1
1316,42,-1
1422,21964,-1
20,53,1
1440,79,-1
1171,18,-1
1427,14,-1
20,9,1
1428,36,-1
1440,10,-1
20,7,1
1440,26,-1
1440,8,-1
20,6,1
1014,21,-1
566,1300,1
20,44,-1
1437,45182,-1
1440,40,-1
20,19,1
1440,37,-1
1440,8,-1
20,6,1
1088,34,-1
1440,8,-1
20,7,1
1440,28,-1
1131,9,-1
20,6,1
1440,759,-1
1415,7,-1
20,9,1
1440,38,-1
1440,10,-1
20,6,1
1440,28,-1
1108,10,-1
1440,5,-1
1046,4,-1
1440,5,-1
1440,4,-1
1256,5,-1
20,314,1
556,4061,1
20,140,-1
1438,12492,-1
1440,30,-1
20,10,1
1440,39,-1
1440,8,-1
20,6,1
1390,33,-1
1431,7,-1
20,6,1
20,13,1
568,2934,1
20,91,-1
1369,4067,-1
1381,396,-1
20,26,1
260,4177,-1
20,252,-1
566,336,1
20,212,-1
1439,830,-1
1325,19,-1
20,9,1
562,976,1
20,202,-1
1438,42910,-1
1383,35,-1
20,18,1
1426,70,-1
1440,24,-1
20,14,1
1436,40,-1
1432,9,-1
20,7,1
1261,12,-1
20,8,1
1440,57736,-1
1135,48,-1
20,14,1
1438,103,-1
1437,14,-1
20,10,1
1425,32,-1
1440,8,-1
20,7,1
1431,33,-1
1440,8,-1
20,7,1
1440,24,-1
1429,8,-1
1421,5,-1
1034,4,-1
20,220,1
571,1662,1
20,45,-1
561,1522,1
20,102,-1
1342,50118,-1
20,14,1
1264,538,1
20,92,-1
1440,397,-1
1435,16,-1
20,11,1
1437,35,-1
1342,9,-1
20,7,1
563,2079,1
20,147,-1
1440,58244,-1
1428,41,-1
20,19,1
1440,55,-1
995,11,-1
20,11,1
1440,34,-1
1440,9,-1
20,6,1
1440,27,-1
1070,10,-1
20,11,1
1440,33,-1
20,23,-1
1436,51568,-1
1434,47,-1
20,13,1
1440,38,-1
1422,10,-1
20,8,1
1440,22,-1
987,6,-1
20,5,1
1373,32,-1
549,426,1
20,160,-1
1440,25,-1
1174,7,-1
20,5,1
1440,18,-1
1440,5,-1
20,3,1
1440,14,-1
1373,5,-1
20,4,1
580,1257,1
20,43,-1
20,41,1
1439,127,-1
1437,18,-1
20,11,1
1440,44,-1
1167,13,-1
20,14,1
1436,19770,-1
1440,35,-1
20,15,1
1132,44,-1
1440,12,-1
20,9,1
1242,35,-1
1433,1462,-1
20,37,1
1440,56,-1
1434,11,-1
20,8,1
20,34,-1
1426,49331,-1
20,60,1
1440,44,-1
1392,11,-1
1343,24,-1
20,9,1
567,5434,1
20,284,-1
1440,9475,-1
204,13,-1
20,4,1
566,1296,1
20,182,-1
452,37735,-1
20,35771,1
1440,34919,-1
1425,42,-1
20,20,1
1440,49,-1
1106,15,-1
20,13,1
1440,17972,-1
1424,32,-1
20,15,1
1281,49,-1
1436,484,-1
20,29,1
1398,54,-1
1432,470,-1
20,18,1
1438,56,-1
1440,12,-1
20,7,1
1033,22,-1
569,471,1
20,70,-1
1387,662,-1
1440,332,-1
20,27,1
1435,36,-1
1349,10,-1
20,6,1
567,648,1
20,99,-1
1375,2128,-1
1440,529,-1
20,12,1
1436,21,-1
1434,4,-1
20,5,1
1430,15,-1
1194,4,-1
1368,17,-1
20,9,1
1414,58,-1
1438,14,-1
20,9,1
1435,40,-1
1430,9,-1
20,8,1
1417,38,-1
1440,9,-1
20,8,1
945,27,-1
20,47557,1
1439,2093,-1
1440,19,-1
20,9,1
1088,42,-1
567,3092,1
20,197,-1
1440,3836,-1
1417,21,-1
20,13,1
1399,45,-1
1357,13,-1
1272,49697,-1
20,66,1
567,29494,1
20,204,-1
1461,26286,1
61,92,1
20,68,-1
575,22309,1
20,283,-1
556,70,1
20,172,-1
569,57076,1
20,225,1
20,181,-1
558,139,1
20,125,-1
1480,353,1
310,103,1
20,96,-1
1432,3279,-1
1427,18,-1
20,11,1
1318,31,-1
1269,643,-1
1334,882,-1
20,20,1
1365,5692,-1
1339,325,-1
20,25,1
1439,1232,-1
1413,25,-1
20,15,1
1245,51,-1
1381,583,-1
20,21,1
1438,1419,-1
1404,25,-1
20,21,1
1227,49,-1
1440,529,-1
20,18,1
1440,38,-1
1119,12,-1
20,8,1
1377,2006,-1
1440,378,-1
20,20,1
1395,43,-1
20,59,1
1440,904,-1
1440,18,-1
20,9,1
1097,29,-1
1438,610,-1
20,18,1
1440,41,-1
1226,10,-1
20,15,1
1439,49,-1
1440,8,-1
20,6,1
1026,32,-1
1440,8,-1
20,7,1
1440,21,-1
1436,7,-1
20,5,1
1312,17,-1
1436,16557,-1
20,38,1
1440,42,-1
1262,9,-1
20,39,1
568,2815,1
20,197,-1
1440,7445,-1
1440,31,-1
20,12,1
1072,41,-1
1440,9,-1
20,11,1
1440,37,-1
1437,10,-1
20,14,1
1439,51,-1
998,13,-1
20,9,1
1364,28,-1
1440,402,-1
20,16,1
1439,44,-1
1305,9,-1
1436,400,-1
1437,15,-1
1227,6,-1
1408,5,-1
1413,14,-1
20,9,1
1440,38,-1
1426,8,-1
20,6,1
1440,25,-1
1090,7,-1
20,5,1
1417,28,-1
1429,9,-1
20,6,1
1318,25,-1
602,7054,-1
20,32,1
1341,50707,-1
560,1842,1
20,191,-1
552,407,1
20,29,-1
1440,49163,-1
1239,34,-1
20,13,1
1440,29290,-1
1394,36,-1
1427,21,-1
20,12,1
1440,53,-1
1436,10,-1
20,8,1
1408,35,-1
1438,10,-1
20,8,1
1438,30,-1
1440,9,-1
20,8,1
1440,29,-1
1432,9,-1
20,5,1
1440,19,-1
988,7,-1
20,249,1
567,3429,1
20,74,-1
563,3958,1
20,79,-1
1436,38857,-1
1389,39,-1
20,13,1
20,17,1
1439,42,-1
1232,15,-1
20,10,1
1440,287,-1
1254,11,-1
20,8,1
563,1417,1
20,103,-1
1429,16174,-1
1430,43,-1
20,14,1
1123,38,-1
1440,422,-1
20,14,1
1292,34,-1
564,2267,1
20,168,-1
1440,36140,-1
1405,40,-1
20,16,1
1325,56,-1
570,597,1
20,151,-1
559,706,1
20,146,-1
612,64531,-1
561,2020,1
20,316,-1
561,28734,1
20,138,-1
555,47423,1
20,223,-1
530,55363,-1
560,556,1
20,93,-1
558,427,1
20,144,-1
560,3050,1
20,118,-1
532,64531,-1
20,39213,1
1372,54475,-1
20,56,1
1429,435,-1
20,28,1
1428,47,-1
20,12,1
1432,683,-1
20,24,1
1433,52,-1
1429,10,-1
20,7,1
1420,30,-1
1348,9,-1
1335,5,-1
1433,4,-1
1142,5,-1
20,189,1
562,4332,1
20,155,-1
438,21296,-1
20,36105,1
1440,39830,-1
1349,30,-1
20,12,1
69,1454,-1
567,12250,1
20,103,-1
560,353,1
20,81,-1
569,1432,1
954,37,-1
1414,588,-1
20,11,1
1440,297,-1
1431,13,-1
20,8,1
1440,31,-1
1071,10,-1
20,5,1
1440,26,-1
1352,9,-1
20,7,1
564,1307,1
20,103,-1
1439,15729,-1
1440,27,-1
20,12,1
1440,42,-1
1431,13,-1
20,9,1
1440,36,-1
1427,8,-1
20,7,1
1417,36,-1
1439,47,-1
1440,8,-1
20,6,1
1440,28,-1
1003,11,-1
20,9,1
564,1852,1
20,184,-1
1434,37107,-1
1440,39,-1
20,16,1
1440,43,-1
1440,11,-1
20,11,1
1440,38,-1
1134,10,-1
20,9,1
1440,36,-1
1440,13,-1
20,10,1
934,69,-1
1438,19,-1
20,16,1
1436,61,-1
1295,34,-1
1440,10931,-1
20,34,1
1440,52,-1
1404,11,-1
20,10,1
1098,38,-1
565,751,1
20,182,-1
565,2001,1
20,256,-1
1437,32423,-1
1440,37,-1
20,16,1
925,41,-1
1440,270,-1
20,18,1
1440,51,-1
1440,13,-1
20,10,1
982,46,-1
1440,15,-1
20,12,1
1109,42,-1
1440,59,-1
1433,9,-1
20,7,1
1440,32,-1
1438,7,-1
20,4,1
1438,20,-1
1438,6,-1
20,6,1
1436,30,-1
899,6,-1
20,3,1
1439,15,-1
1440,5,-1
20,4,1
1338,12,-1
1439,6135,-1
20,24,1
1440,39,-1
1440,9,-1
20,7,1
1440,33,-1
1212,8,-1
20,7,1
1438,14,-1
1440,9,-1
1439,5,-1
1437,6,-1
1430,7,-1
1424,6,-1
1430,6,-1
1081,6,-1
1354,6,-1
20,333,1
1440,899,-1
1182,12,-1
20,271,1
1480,2503,1
160,132,1
20,105,-1
1440,4768,-1
1429,22,-1
20,12,1
1440,72,-1
1399,13,-1
20,8,1
1440,35,-1
1440,8,-1
1123,24,-1
20,12,1
1439,50,-1
1438,11,-1
20,7,1
1438,32,-1
1437,7,-1
20,7,1
1439,22,-1
1432,8,-1
20,8,1
1440,30,-1
1433,7,-1
1413,3,-1
1437,4,-1
1430,3,-1
20,4,-1
1440,15,-1
1440,5,-1
1440,3,-1
1141,3,-1
1428,4,-1
1341,2,-1
20,193,1
1440,37,-1
1011,11,-1
20,7,1
1426,57246,-1
1373,60,-1
20,19,1
1440,169,-1
1435,16,-1
20,11,1
1440,43,-1
1065,13,-1
20,11,1
1429,56785,-1
1422,53,-1
20,22,1
1440,128,-1
1438,16,-1
20,13,1
1440,47,-1
1246,14,-1
20,10,1
1427,29870,-1
1435,46,-1
20,18,1
20,26,1
1440,42,-1
1429,10,-1
20,8,1
1435,35,-1
1431,11,-1
20,10,1
1428,31,-1
1311,8,-1
20,7,1
1447,6391,1
252,275,1
20,106,-1
1407,52125,-1
1440,145,-1
20,23,1
1439,40,-1
1057,9,-1
20,6,1
1440,30,-1
1375,7,-1
20,6,1
1328,22,-1
1431,13075,-1
1389,5,-1
20,4,1
1238,18,-1
1434,22821,-1
20,36,1
1355,37,-1
561,311,1
20,116,-1
1440,862,-1
1437,10,-1
20,4,1
1184,21,-1
1424,19627,-1
20,39,1
1270,41,-1
1440,416,-1
20,9,1
1437,18,-1
1392,4,-1
20,3,1
946,20,-1
561,242,1
20,137,-1
1405,29920,-1
20,102,-1
163,1772,-1
1211,4743,1
20,163,-1
1438,48279,-1
1440,48,-1
20,17,1
978,45,-1
1440,12,-1
20,11,1
1437,36,-1
1440,11,-1
20,8,1
1440,30,-1
1437,8,-1
20,7,1
1438,27,-1
1440,9,-1
20,9,1
885,36,-1
1387,617,-1
20,13,1
1440,6173,-1
1433,18,-1
518,76,1
20,212,-1
1438,5607,-1
1440,28,-1
20,12,1
1212,40,-1
1433,21035,-1
20,51,1
1439,62,-1
1078,15,-1
20,10,1
1440,3589,-1
1423,20,-1
20,12,1
1166,43,-1
1440,554,-1
20,16,1
1440,46,-1
1428,12,-1
20,9,1
1440,62,-1
1061,11,-1
20,6,1
1439,1430,-1
1438,21,-1
1045,8,-1
20,5,1
1440,1938,-1
1437,15,-1
20,10,1
1440,51,-1
1011,7,-1
20,6,1
1440,20,-1
1440,6,-1
20,5,1
1439,22,-1
1440,7,-1
20,6,1
1440,21,-1
1440,6,-1
20,4,1
1440,15,-1
1440,5,-1
20,3,1
1236,10,-1
1440,5,-1
20,4,1
20,10,1
1440,43,-1
1001,16,-1
20,12,1
569,2435,1
20,124,-1
1427,59341,-1
1440,65,-1
20,21,1
978,46,-1
1440,19624,-1
20,35,1
1440,44,-1
1203,13,-1
20,10,1
1440,42,-1
1191,12,-1
20,8,1
20,260,1
1439,3459,-1
1427,23,-1
20,15,1
1438,137,-1
1380,19,-1
20,129,-1
1440,6044,-1
1436,16,-1
20,9,1
1440,37,-1
1421,12,-1
20,10,1
1440,47,-1
1437,10,-1
20,9,1
1080,31,-1
565,1522,1
20,76,-1
1440,2950,-1
1423,15,-1
20,10,1
1438,40,-1
1432,12,-1
20,9,1
1440,35,-1
996,10,-1
20,89,1
1440,1627,-1
1403,14,-1
1440,18,-1
20,6,1
1440,21,-1
1440,5,-1
20,4,1
1440,14,-1
1440,5,-1
20,4,1
873,19,-1
1437,5,-1
20,4,1
1245,23,-1
564,653,1
20,131,-1
1428,42889,-1
1440,56,-1
20,15,1
1440,41,-1
1440,9,-1
20,5,1
1440,26,-1
1439,9,-1
20,8,1
1044,39,-1
20,13,1
1440,43,-1
1433,12,-1
20,8,1
1433,28,-1
1440,8,-1
20,7,1
1440,40,-1
1439,10,-1
20,8,1
976,24,-1
1367,11,-1
20,253,1
566,3699,1
20,77,-1
562,1361,1
20,116,-1
1440,13282,-1
1440,29,-1
20,15,1
1230,41,-1
1422,22417,-1
20,45,1
1440,54,-1
1440,7,-1
20,4,1
1440,15,-1
1152,4,-1
20,3,1
1440,15,-1
1439,4,-1
20,3,1
1440,21,-1
1050,4,-1
20,5,1
572,731,1
20,110,-1
553,6809,1
20,144,-1
1436,15702,-1
1439,42,-1
20,16,1
1440,38,-1
1117,9,-1
20,13,1
1440,28,-1
1440,7,-1
20,7,1
1144,68,-1
1440,1053,-1
20,12,1
1440,30,-1
989,8,-1
20,6,1
1440,13646,-1
1436,23,-1
20,11,1
1440,32,-1
935,9,-1
20,9,1
1439,31275,-1
1432,31,-1
20,11,1
1440,35,-1
1411,9,-1
20,9,1
1277,32,-1
567,1944,1
20,169,-1
1438,50659,-1
1397,41,-1
20,14,1
20,31,1
1440,36,-1
1239,13,-1
20,8,1
1440,1684,-1
1416,18,-1
20,10,1
1296,62,-1
1440,994,-1
20,10,1
1440,25,-1
1172,8,-1
20,6,1
1440,2270,-1
1429,13,-1
20,7,1
1312,27,-1
1374,683,-1
20,10,1
1438,626,-1
1421,15,-1
20,6,1
1171,25,-1
535,807,1
20,9,1
1434,45,-1
1440,10,-1
20,6,1
1432,27,-1
1430,9,-1
20,7,1
1435,34,-1
1439,9,-1
20,10,-1
20,18,-1
562,1622,1
20,161,-1
1440,28137,-1
1438,29,-1
20,11,1
1435,34,-1
1425,11,-1
20,7,1
1433,29,-1
1437,9,-1
20,7,1
1440,34,-1
326,10,-1
20,9,1
1440,1592,-1
1440,16,-1
20,9,1
1420,37,-1
1436,11,-1
20,9,1
1440,34,-1
1041,12,-1
20,13,1
562,1414,1
20,148,-1
1440,30564,-1
1440,36,-1
20,16,1
1211,42,-1
583,16136,-1
20,35,1
1434,56374,-1
1155,47,-1
20,21,1
1429,69,-1
1440,15,-1
20,10,1
1246,36,-1
20,16,1
1440,12501,-1
1440,30,-1
20,15,1
1440,47,-1
1188,10,-1
20,7,1
1440,35,-1
1440,10,-1
20,8,1
1440,33,-1
1440,11,-1
20,8,1
1031,38,-1
1440,12,-1
20,9,1
1440,36,-1
1322,10,-1
20,6,1
1440,20148,-1
1434,30,-1
20,13,1
1423,44,-1
20,20,1
1440,41,-1
1102,11,-1
20,9,1
1440,35,-1
1142,11,-1
20,8,1
1440,29,-1
1440,8,-1
20,7,1
358,38,-1
1432,27,-1
20,11,1
1440,32,-1
1379,8,-1
20,7,1
1440,192,-1
1233,12,-1
20,7,1
567,1002,1
20,162,-1
1362,43943,-1
1440,1210,-1
20,38,1
20,23,1
1440,2153,-1
1440,14,-1
20,5,1
712,29,-1
1437,18781,-1
20,44,1
1440,52,-1
1203,12,-1
20,12,1
1440,1228,-1
1439,14,-1
20,10,1
1440,35,-1
1440,12,-1
20,8,1
864,38,-1
1440,15,-1
20,9,1
1438,37,-1
1440,11,-1
20,9,1
1085,38,-1
537,744,1
20,6,1
1440,26,-1
1440,5,-1
20,3,1
1239,11,-1
1440,4,-1
1439,4,-1
1031,3,-1
20,353,1
1147,2514,1
20,127,-1
563,1030,1
20,105,-1
561,773,1
20,85,-1
1439,41416,-1
1440,38,-1
20,13,1
1270,32,-1
1440,6,-1
20,5,1
1430,17,-1
1440,7,-1
20,4,1
560,13843,1
20,179,-1
1441,215,1
299,178,1
20,138,-1
565,3400,1
20,88,-1
1245,48342,-1
570,2373,1
20,167,-1
561,130,1
20,145,-1
561,83,1
20,95,-1
1422,11096,-1
1424,50,-1
20,13,1
1408,34,-1
1273,18,-1
20,6,1
567,1828,1
20,87,-1
568,130,1
20,81,1
1418,11,-1
20,13,1
1120,70,-1
568,1927,1
20,170,-1
1438,36113,-1
1424,45,-1
20,16,1
1205,46,-1
1436,20690,-1
20,41,1
1080,49,-1
1440,16,-1
20,11,1
1440,46,-1
1282,13,-1
20,8,1
560,604,1
20,144,-1
1440,21678,-1
1440,35,-1
20,16,1
1416,45,-1
1389,13,-1
1440,23,-1
20,11,1
1440,40,-1
1440,9,-1
20,8,1
1439,30,-1
1436,9,-1
20,8,1
1436,34,-1
1438,10,-1
20,7,1
1440,26,-1
1082,9,-1
20,17,1
1440,42294,-1
1027,36,-1
20,14,1
1434,64531,-1
1436,68,-1
20,17,1
1440,43,-1
1290,12,-1
20,9,1
1440,30,-1
1440,143,-1
1428,13,-1
20,7,1
1096,29,-1
1440,1063,-1
20,21,1
1227,36,-1
1438,63,-1
20,16,1
1439,39,-1
1437,10,-1
20,8,1
1428,28,-1
1417,8,-1
20,7,1
1302,25,-1
1439,2024,-1
20,22,1
1437,25,-1
1431,7,-1
20,6,1
1238,21,-1
572,1115,1
20,38,-1
1440,46,-1
1253,9,-1
20,7,1
1326,35,-1
569,5581,1
20,181,-1
1435,30015,-1
1440,44,-1
20,15,1
1075,38,-1
1440,9,-1
20,6,1
1439,26,-1
998,9,-1
20,6,1
1438,43591,-1
1440,40,-1
20,14,1
1440,37,-1
1440,11,-1
20,8,1
1440,34,-1
1248,9,-1
20,7,1
1343,1226,-1
1440,711,-1
20,24,1
1437,54,-1
1250,14,-1
20,12,1
1435,23804,-1
1417,27,-1
20,13,1
1122,37,-1
1437,499,-1
20,18,1
1293,54,-1
564,873,1
20,154,-1
1434,10672,-1
1426,34,-1
20,9,1
1319,34,-1
565,520,1
20,191,-1
1440,35,-1
1303,6,-1
20,5,1
1437,416,-1
20,17,1
1440,55,-1
1091,13,-1
20,9,1
1372,1042,-1
1440,940,-1
20,19,1
1440,41,-1
1104,15,-1
20,9,1
562,2916,1
20,131,-1
1440,2914,-1
1440,19,-1
20,9,1
1439,34,-1
1440,9,-1
20,7,1
1180,27,-1
1440,9,-1
20,5,1
1338,25,-1
1440,679,-1
1438,50,-1
1415,9,-1
20,7,1
1353,30,-1
555,196,1
20,68,-1
564,8699,1
20,92,-1
1440,44556,-1
1414,35,-1
20,14,1
1438,43,-1
936,15,-1
20,8,1
1440,7697,-1
1407,21,-1
20,12,1
1433,38,-1
1437,14,-1
20,10,1
1094,36,-1
565,3397,1
20,224,-1
1129,5413,1
1342,114,-1
20,13,1
1439,1002,-1
1434,17,-1
102,9,-1
20,107,1
1433,15116,-1
1436,32,-1
20,14,1
1160,69,-1
1437,5856,-1
20,21,1
1440,44,-1
1219,10,-1
20,8,1
562,610,1
20,135,-1
1435,24284,-1
1433,37,-1
20,14,1
1087,46,-1
1437,3952,-1
20,24,1
1440,37,-1
1440,81,-1
1440,10,-1
20,6,1
1440,26,-1
1440,8,-1
20,8,1
1420,29,-1
1433,8,-1
20,7,1
1432,37,-1
1438,11,-1
20,10,1
1438,29,-1
1124,7,-1
20,6,1
1440,25,-1
1307,7,-1
20,282,1
561,2083,1
20,99,-1
1436,24184,-1
1431,35,-1
20,12,1
1405,63,-1
1426,1958,-1
1437,29,-1
20,13,1
1188,62,-1
20,44656,1
1440,3399,-1
1293,24,-1
20,11,1
1440,36,-1
1355,11,-1
20,8,1
1375,39,-1
1433,198,-1
20,15,1
1440,68,-1
1166,16,-1
20,10,1
565,2192,1
20,150,-1
1429,14921,-1
1440,41,-1
20,17,1
1238,56,-1
1440,490,-1
563,63439,1
20,209,-1
564,47751,1
20,144,-1
1013,57231,-1
565,28603,1
20,90,-1
564,153,1
20,89,-1
1271,48497,-1
533,24561,-1
20,21,1
568,24538,1
20,154,-1
1430,50319,-1
1328,48,-1
20,13,1
564,2597,1
20,72,-1
560,279,1
20,160,-1
553,62535,-1
20,37,1
614,26542,1
1440,48,-1
1411,14,-1
20,9,1
1439,36,-1
1440,11,-1
20,9,1
1406,38,-1
1432,18,-1
20,11,1
1431,38,-1
1440,15,-1
20,10,1
1321,32,-1
1437,395,-1
20,18,1
1134,37,-1
1101,10,-1
20,261,1
561,3357,1
20,141,-1
1435,27842,-1
1440,34,-1
20,13,1
1402,49,-1
20,11,1
1440,30,-1
930,10,-1
20,6,1
570,3764,1
20,56,-1
1429,32555,-1
1438,40,-1
20,12,1
1440,31,-1
1423,6,-1
20,4,1
1439,15,-1
1426,4,-1
20,4,1
1440,21,-1
1385,5,-1
20,4,1
1262,17,-1
1437,18786,-1
20,51,1
1440,42,-1
1440,8,-1
20,7,1
1394,2,-1
1433,3,-1
1415,3,-1
1423,3,-1
1178,4,-1
20,220,1
560,3824,1
20,213,-1
1411,10902,-1
1440,69,-1
20,20,1
1181,46,-1
1438,407,-1
20,14,1
1440,35,-1
1433,8,-1
20,8,1
1171,27,-1
1436,6,-1
20,5,1
1436,22,-1
1432,5,-1
20,5,1
1440,15,-1
20,13,1
1439,59,-1
1330,14,-1
20,8,1
1440,26,-1
1440,8,-1
1428,5,-1
1438,4,-1
1417,4,-1
1431,4,-1
1373,5,-1
1407,4,-1
1436,5,-1
1300,5,-1
20,337,1
562,2885,1
20,126,-1
560,2513,1
20,104,-1
1434,55022,-1
1435,50,-1
20,17,1
1415,37,-1
1437,8,-1
20,8,1
1061,30,-1
1423,25371,-1
20,44,1
1439,131,-1
1418,14,-1
20,8,1
1182,29,-1
1360,9,-1
20,9,1
1435,19017,-1
1440,33,-1
20,15,1
1305,45,-1
1428,30759,-1
20,60,1
1440,67,-1
1334,14,-1
20,10,1
1438,49,-1
1435,10,-1
20,8,1
1015,43,-1
499,672,1
1314,61,-1
570,1874,1
20,68,-1
1440,31889,-1
1290,39,-1
20,13,1
1439,37,-1
1439,10,-1
20,7,1
1351,36,-1
1440,9,-1
20,7,1
1435,30,-1
1440,8,-1
20,6,1
944,31,-1
567,4193,1
20,198,-1
1440,2873,-1
1440,21,-1
20,11,1
1141,38,-1
1440,9,-1
20,8,1
927,8,-1
20,4,1
1433,33746,-1
1440,58,-1
20,15,1
1322,40,-1
1440,683,-1
20,19,1
1440,42,-1
1246,12,-1
20,9,1
359,28816,-1
1435,371,-1
20,25,1
1433,42,-1
1434,14,-1
20,12,1
1440,41,-1
1433,11,-1
20,8,1
1440,37,-1
1426,10,-1
20,9,1
1208,29,-1
20,14,1
1440,44,-1
1440,10,-1
20,8,1
1237,30,-1
1440,8,-1
20,5,1
1440,23,-1
1436,9,-1
20,7,1
1440,32,-1
1440,8,-1
20,6,1
983,21,-1
1440,5,-1
20,4,1
1440,19,-1
1417,7,-1
1439,5,-1
1421,4,-1
1434,4,-1
1163,5,-1
20,123,1
569,896,1
1440,10,-1
939,11,-1
20,7,1
569,2969,1
20,117,-1
564,3004,1
20,192,-1
1440,12295,-1
1440,21,-1
20,13,1
1147,35,-1
1440,8,-1
20,7,1
1437,27,-1
1439,10,-1
20,8,1
1439,45,-1
1440,11,-1
20,8,1
1044,29,-1
1439,376,-1
20,17,1
1437,34,-1
1371,10,-1
1440,17,-1
20,10,1
977,33,-1
1440,425,-1
20,12,1
1440,27,-1
1440,8,-1
20,7,1
1440,27,-1
1440,8,-1
20,7,1
1085,30,-1
1440,7,-1
20,8,1
1440,30,-1
1203,7,-1
20,6,1
1440,22,-1
1440,7,-1
20,8,1
876,23,-1
560,1630,1
20,256,-1
1407,17519,-1
20,376,-1
1420,15396,-1
20,66,1
1440,122,-1
1440,15,-1
20,9,1
1175,40,-1
1440,10,-1
20,8,1
1440,28,-1
1120,8,-1
1440,3,-1
1432,4,-1
1399,3,-1
20,5,1
1346,17,-1
560,1308,1
20,164,-1
563,4382,1
20,111,-1
1438,16261,-1
1419,47,-1
20,14,1
1404,59,-1
1167,37,-1
1440,31051,-1
20,51,1
1440,57,-1
1440,12,-1
20,9,1
1439,42,-1
1440,15,-1
20,9,1
1010,35,-1
1439,11,-1
20,10,1
1440,39,-1
896,11,-1
20,17,1
566,6672,1
20,87,-1
1440,20766,-1
1440,29,-1
20,11,1
1069,51,-1
1440,10,-1
20,8,1
1431,41,-1
20,17,1
1440,31,-1
1325,8,-1
20,5,1
1171,4096,-1
1438,15370,-1
20,35,1
1439,43,-1
1435,10,-1
20,6,1
1440,25,-1
1044,10,-1
20,6,1
565,1244,1
20,157,-1
1440,5756,-1
1438,24,-1
20,9,1
1427,32,-1
1434,8,-1
20,6,1
1434,27,-1
1306,10,-1
20,8,1
1440,14,-1
20,7,1
1098,31,-1
1382,8,-1
20,7,1
1440,2544,-1
1440,11,-1
20,8,1
1440,27,-1
1066,8,-1
20,5,1
1440,18,-1
1440,5,-1
20,5,1
1440,19,-1
1150,6,-1
20,5,1
1348,22,-1
562,2950,1
20,130,-1
1440,42130,-1
1404,34,-1
20,13,1
1427,35,-1
20,11,1
1419,47677,-1
1426,48,-1
20,17,1
1013,61,-1
570,3737,1
20,223,-1
1348,18863,-1
1440,751,-1
20,20,1
1435,40,-1
1384,7,-1
20,7,1
1437,28,-1
1440,8,-1
20,6,1
995,21,-1
1440,6120,-1
1427,23,-1
20,9,1
1389,27,-1
1362,10,-1
20,12,1
544,695,1
1440,7,-1
20,8,1
1440,36,-1
1020,9,-1
20,8,1
1440,31,-1
1413,11,-1
20,13,1
1440,173,-1
1440,14,-1
1434,7,-1
1401,5,-1
925,7,-1
1439,5,-1
1440,8,-1
1430,9,-1
1264,5,-1
492,398,1
20,308,-1
1384,1508,1
20,128,-1
20,98,-1
20,117,1
529,3213,1
20,55,-1
566,396,1
20,127,-1
565,1358,1
20,230,-1
557,320,1
20,130,-1
1383,1392,1
20,196,1
20,39,1
553,237,1
20,123,-1
1172,186,1
20,128,-1
1480,380,1
1339,124,1
20,119,-1
1350,32116,-1
1375,3825,-1
20,31,1
1431,619,-1
1435,23,-1
20,12,1
1245,22,-1
1440,15,-1
896,7,-1
20,7,1
573,2010,1
20,75,-1
1440,2364,-1
1440,16,-1
20,9,1
1440,32,-1
1440,8,-1
20,6,1
1440,26,-1
1440,6,-1
20,6,1
1440,22,-1
1440,6,-1
20,5,1
962,26,-1
1438,6,-1
20,6,1
1440,30,-1
1440,8,-1
20,6,1
1439,22,-1
20,20,1
1440,792,-1
1429,13,-1
20,6,1
1205,34,-1
1440,408,-1
20,6,1
1435,14,-1
1204,4,-1
20,3,1
568,424,1
20,42,-1
1440,2491,-1
1322,16,-1
20,8,1
1440,10402,-1
1431,21,-1
20,7,1
1132,20,-1
1440,2368,-1
20,11,1
1429,22,-1
1390,7,-1
20,4,1
20,14,1
566,3569,1
20,93,-1
565,25047,1
20,140,-1
565,330,1
20,75,-1
563,508,1
20,60,-1
559,490,1
20,73,-1
1440,3305,-1
1440,15,-1
20,9,1
1135,29,-1
1440,10,-1
20,7,1
1114,18,-1
1440,1296,-1
20,17,1
1397,29,-1
1440,9,-1
20,7,1
1392,22,-1
1337,48,-1
1397,4,-1
20,4,1
1439,235,-1
1218,9,-1
20,5,1
1439,4946,-1
1435,19,-1
20,9,1
1411,21,-1
1433,4,-1
20,4,1
1430,12,-1
1426,3,-1
20,2,1
1318,6,-1
20,2421,1
1427,15589,-1
1426,36,-1
20,11,1
1315,63,-1
20,1196,1
901,29941,-1
20,92,-1
20,11,1
1437,41,-1
1114,13,-1
20,7,1
1440,34,-1
1238,8,-1
20,6,1
1439,27,-1
1000,10,-1
20,8,1
1311,25302,-1
1440,691,-1
20,16,1
1299,40,-1
1440,10,-1
20,8,1
1440,33,-1
1440,9,-1
20,7,1
1440,30,-1
1440,10,-1
20,6,1
1407,21,-1
1425,7,-1
20,21,1
1431,55,-1
1150,15,-1
20,117,1
567,826,1
20,134,-1
1426,64151,-1
1440,57,-1
20,23,1
1437,51,-1
1266,16,-1
20,10,1
1440,38,-1
863,8,-1
20,6,1
1357,32,-1
1440,5403,-1
20,20,1
1440,40,-1
1423,9,-1
20,9,1
1440,34,-1
1436,9,-1
20,6,1
1048,29,-1
1436,6,-1
20,5,1
1335,26,-1
568,474,1
20,54,-1
1380,11142,-1
1440,363,-1
20,20,1
1436,40,-1
833,12,-1
20,7,1
1440,623,-1
1440,13,-1
20,8,1
1430,29,-1
1440,10,-1
20,7,1
1434,28,-1
1416,8,-1
20,7,1
1440,62,-1
1439,11,-1
20,8,1
1338,33,-1
1440,5478,-1
20,21,1
1438,28,-1
1110,6,-1
20,6,1
1440,21,-1
1440,5,-1
20,5,1
1440,20,-1
1408,5,-1
20,6,1
1438,21,-1
1033,8,-1
20,9,1
1440,49,-1
1298,9,-1
1433,458,-1
1440,12,-1
1421,5,-1
1437,6,-1
1412,5,-1
1085,5,-1
65,333,1
20,41,1
1431,33,-1
20,11,1
1177,23,-1
20,232,1
569,683,1
20,106,-1
1440,1724,-1
1435,13,-1
20,7,1
1321,27,-1
1440,7,-1
20,5,1
1290,32,-1
565,1164,1
20,160,-1
1440,3263,-1
1438,18,-1
20,9,1
1439,33,-1
1294,9,-1
20,6,1
1440,1198,-1
1359,13,-1
20,18,1
1440,50,-1
1368,13,-1
20,10,1
1436,16562,-1
1440,36,-1
20,13,1
1028,39,-1
1440,2453,-1
20,23,1
1440,56,-1
1431,10,-1
20,8,1
1440,33,-1
1440,11,-1
20,8,1
1427,28,-1
1413,7,-1
20,7,1
1300,33,-1
1440,10,-1
20,7,1
1440,37,-1
1071,12,-1
20,6,1
1440,18,-1
1440,3,-1
20,2,1
1089,8,-1
1440,1,-1
20,2,1
1380,8,-1
1392,3,-1
20,2,1
20,399,-1
571,6936,1
20,30,-1
20,171,-1
555,9905,1
20,153,-1
555,4649,1
20,103,-1
1438,39884,-1
1436,48,-1
20,23,1
1005,47,-1
1439,753,-1
20,25,1
1440,24,-1
20,13,1
1180,32,-1
565,3771,1
20,137,-1
563,28929,1
20,131,-1
566,3434,1
20,110,-1
1438,48660,-1
1436,44,-1
20,23,1
1079,48,-1
1436,10,-1
20,10,1
1439,34,-1
1198,10,-1
20,8,1
1432,22418,-1
1430,34,-1
20,15,1
1170,44,-1
572,3894,1
20,170,-1
1440,302,-1
20,21,1
1434,46,-1
20,19,1
1389,36,-1
1330,18,-1
20,460,1
20,90,1
653,5714,-1
535,248,1
20,295,-1
1432,62749,-1
20,38,1
280,40,-1
20,24,1
560,30181,1
20,159,-1
553,59823,1
20,169,-1
1382,4848,-1
1440,250,-1
20,23,1
1430,38,-1
1341,9,-1
1440,39,-1
1424,10,-1
20,8,1
1440,57,-1
906,12,-1
20,8,1
1379,3258,-1
1336,4062,1
20,145,1
1370,79,-1
1369,532,-1
20,583,1
1430,41279,-1
1372,72,-1
20,21,1
1180,47,-1
1439,364,-1
20,26,1
1440,45,-1
1411,9,-1
20,9,1
1437,36,-1
1374,9,-1
20,8,1
1439,6,-1
20,6,1
1300,27,-1
1362,6,-1
20,5,1
565,1926,1
20,76,-1
1440,1178,-1
1199,8,-1
20,6,1
1440,6915,-1
1440,29,-1
20,16,1
1088,46,-1
1439,1498,-1
20,22,1
1439,53,-1
1438,13,-1
20,15,1
1440,43,-1
1135,13,-1
20,9,1
1354,1315,-1
1435,2599,-1
20,23,1
1429,37,-1
1432,8,-1
20,6,1
1440,32,-1
1424,9,-1
20,6,1
1234,23,-1
20,419,1
567,1997,1
20,107,-1
553,13327,1
20,82,-1
1434,51927,-1
1440,46,-1
20,16,1
926,36,-1
1438,244,-1
20,14,1
1440,34,-1
1293,9,-1
20,7,1
1438,1157,-1
1410,13,-1
1331,33,-1
1437,18039,-1
20,36,1
1440,52,-1
1438,10,-1
20,8,1
1440,45,-1
1440,8,-1
20,6,1
1440,27,-1
1440,8,-1
20,6,1
882,22,-1
1440,207,-1
20,12,1
1082,24,-1
1440,5,-1
1424,3,-1
1406,4,-1
1414,4,-1
1182,4,-1
20,329,1
571,4430,1
20,137,-1
1238,2,-1
20,3,1
1440,12,-1
1438,4,-1
20,3,1
1440,14,-1
1437,4,-1
20,4,1
1440,20,-1
1349,5,-1
20,141,1
561,1227,1
20,65,-1
1432,26424,-1
1440,44,-1
20,11,1
1432,39,-1
1440,9,-1
20,6,1
1438,23,-1
1440,6,-1
20,4,1
1077,17,-1
1422,5,-1
20,11,1
1440,28,-1
1440,9,-1
20,6,1
970,26,-1
1437,8,-1
20,5,1
1440,24,-1
1348,7,-1
20,7,1
1427,36894,-1
1440,48,-1
20,13,1
1440,35,-1
1211,10,-1
20,7,1
1440,31,-1
1440,10,-1
20,7,1
1440,28,-1
1440,8,-1
20,7,1
1440,29,-1
1321,8,-1
1350,40,-1
20,11,1
1440,667,-1
1440,11,-1
20,7,1
1367,19,-1
1125,8,-1
1433,3,-1
1238,3,-1
20,256,1
1439,1980,-1
1319,17,-1
20,41,1
1412,49666,-1
1431,109,-1
20,24,1
1440,54,-1
1273,14,-1
20,11,1
1437,43,-1
1440,11,-1
20,8,1
1243,36,-1
1440,30362,-1
20,15,1
1151,42,-1
1308,9,-1
20,6,1
1440,1793,-1
1440,24,-1
20,13,1
1348,43,-1
1425,494,-1
20,19,1
1440,127,-1
1392,16,-1
20,11,1
1105,41,-1
1439,947,-1
20,19,1
1430,46,-1
1412,18,-1
20,11,1
1435,65,-1
1317,16,-1
20,14,1
1407,6274,-1
1440,110,-1
1418,12,-1
20,11,1
1433,54,-1
1420,12,-1
20,10,1
1423,55,-1
1332,15,-1
20,12,1
1440,539,-1
1435,17,-1
20,13,1
1045,44,-1
570,1379,1
20,125,-1
1430,49257,-1
1438,41,-1
20,14,1
1439,51,-1
1440,8,-1
20,6,1
1435,29,-1
1440,7,-1
20,6,1
589,32,-1
1254,48698,-1
787,3629,1
20,165,-1
1432,64531,-1
1440,60,-1
20,23,1
1438,65,-1
1427,13,-1
20,10,1
1409,39,-1
1431,11,-1
20,9,1
1440,41,-1
1440,12,-1
20,10,1
953,43,-1
1440,12,-1
20,9,1
925,36,-1
572,5327,1
20,260,-1
1433,64531,-1
1435,51,-1
20,20,1
1440,47,-1
20,18,1
1439,36,-1
1207,9,-1
20,6,1
306,6002,-1
1431,28322,-1
20,32,1
1440,55,-1
1188,15,-1
20,11,1
1437,11747,-1
1428,35,-1
20,24,1
1352,61,-1
555,444,1
20,4,-1
1374,239,-1
1440,460,-1
20,17,1
1278,37,-1
1430,13415,-1
20,35,1
1424,45,-1
1332,30,-1
20,14,1
1438,51,-1
1439,16,-1
20,10,1
1160,43,-1
1436,403,-1
20,20,1
1439,51,-1
1418,18,-1
20,12,1
1327,48,-1
1440,1146,-1
20,24,1
1440,61,-1
1051,18,-1
20,11,1
1437,24634,-1
1438,35,-1
20,14,1
1440,48,-1
948,15,-1
20,12,1
1440,5208,-1
1035,48179,-1
20,41800,1
559,22146,1
20,224,-1
539,64531,-1
573,2911,1
20,209,-1
561,205,1
20,162,-1
1426,64531,-1
20,90,1
1438,73,-1
20,21,1
1262,49,-1
20,13,1
1440,38,-1
20,13,1
1427,25,-1
20,9,1
1438,31,-1
20,12,1
1112,24,-1
1406,7,-1
20,6,1
1427,5,-1
20,5,1
1440,22,-1
1104,7,-1
20,5,1
568,2533,1
20,81,-1
1438,12736,-1
1440,27,-1
20,12,1
1440,37,-1
1440,8,-1
20,5,1
960,24,-1
1440,5,-1
20,5,1
1440,23,-1
1440,6,-1
20,4,1
1350,15,-1
1440,4,-1
20,5,1
1440,19,-1
1439,6,-1
20,10,1
1438,37,-1
1218,11,-1
20,7,1
1342,75,-1
569,1819,1
20,183,-1
563,141,1
20,167,-1
1440,11745,-1
1179,30,-1
20,13,1
1436,3562,-1
1420,18,-1
20,9,1
1309,41,-1
1425,29713,-1
20,46,1
1437,53,-1
1176,18,-1
20,8,1
563,2642,1
20,113,-1
1399,12847,-1
20,10,1
1440,31,-1
1440,9,-1
20,8,1
1109,35,-1
1434,9,-1
20,6,1
1440,51,-1
1440,9,-1
1440,5,-1
961,5,-1
1440,5,-1
1022,5,-1
1440,4,-1
1440,4,-1
1440,4,-1
970,3,-1
1370,4,-1
20,268,1
567,604,1
20,128,-1
555,3145,1
20,112,-1
1420,39226,-1
1429,30,-1
20,14,1
1433,53,-1
1440,17,-1
20,9,1
1436,33,-1
1440,9,-1
20,7,1
1434,24,-1
694,9,-1
20,273,1
566,437,1
20,145,-1
1435,41175,-1
1440,55,-1
20,14,1
1019,34,-1
1439,15019,-1
20,23,1
1440,33,-1
1440,7,-1
20,4,1
1184,19,-1
1440,4,-1
1420,14,-1
20,12,1
1242,37,-1
1346,7377,-1
20,34,1
1440,4802,-1
1398,25,-1
20,14,1
1424,47,-1
1417,21,-1
20,12,1
1110,42,-1
565,1432,1
20,271,-1
560,310,1
20,203,-1
1152,1087,1
20,175,-1
1325,15061,-1
566,3792,1
20,246,-1
1395,620,1
283,293,1
20,124,1
1431,364,-1
1431,14,-1
20,12,1
1440,91,-1
1430,11,-1
20,8,1
1437,42,-1
1440,10,-1
20,8,1
1439,33,-1
1044,11,-1
20,9,1
1440,75,-1
1176,11,-1
20,8,1
1438,26,-1
1440,11,-1
20,9,1
1440,28,-1
1131,9,-1
1437,5,-1
1428,5,-1
1421,5,-1
1387,4,-1
1438,26,-1
1440,7,-1
20,5,1
1440,20,-1
1370,6,-1
20,6,1
1440,22,-1
1128,8,-1
20,316,1
1438,443,-1
1307,20,-1
20,7,1
610,836,1
1417,140,-1
1440,13,-1
1434,6,-1
1392,5,-1
1145,5,-1
1432,5,-1
1419,5,-1
1431,5,-1
1333,3,-1
20,212,1
1403,2150,-1
1020,34,-1
1440,796,-1
20,16,1
1299,46,-1
568,938,1
20,105,-1
1440,3242,-1
1436,20,-1
20,8,1
1169,26,-1
1440,518,-1
20,13,1
1437,23,-1
1431,7,-1
20,5,1
1418,24,-1
1356,5,-1
20,5,1
1440,948,-1
1431,9,-1
20,4,1
1411,18,-1
1419,5,-1
20,4,1
1430,20537,-1
1440,32,-1
20,10,1
989,45,-1
567,1081,1
20,141,-1
1440,1573,-1
1440,18,-1
20,15,1
1269,44,-1
1440,11,-1
20,12,1
1440,40,-1
1440,10,-1
20,8,1
1440,46,-1
1440,10,-1
20,7,1
996,33,-1
1420,7,-1
20,7,1
1440,226,-1
1428,11,-1
1361,4,-1
1433,7,-1
1436,7,-1
1328,5,-1
20,436,1
1433,156,-1
1440,16,-1
1439,8,-1
1440,8,-1
877,7,-1
1440,27,-1
1440,8,-1
1435,7,-1
1440,7,-1
1031,5,-1
1427,6,-1
1421,8,-1
1375,6,-1
20,175,1
20,69,1
560,1156,1
20,96,-1
1435,3031,-1
1439,16,-1
20,12,1
20,20,1
1440,24,-1
1437,6,-1
20,3,1
1440,14,-1
1429,4,-1
20,2,1
1439,8,-1
895,3,-1
20,3,1
1440,2550,-1
1436,8,-1
20,6,1
1282,24,-1
1428,17966,-1
20,44,1
1440,48,-1
1185,10,-1
20,7,1
1440,446,-1
1440,13,-1
20,8,1
1293,29,-1
1440,266,-1
1084,4,-1
20,5,1
1440,366,-1
1433,10,-1
1306,4,-1
20,284,1
20,116,1
1440,713,-1
1373,11,-1
20,6,1
1437,276,-1
1440,14,-1
20,8,1
1440,40,-1
1439,10,-1
20,8,1
1171,26,-1
1152,11,-1
20,9,1
1440,36,-1
1440,10,-1
20,7,1
1440,29,-1
1404,8,-1
20,17,1
565,1530,1
20,122,-1
1432,31663,-1
1433,49,-1
20,15,1
1439,41,-1
1163,10,-1
20,7,1
1282,35,-1
1440,5635,-1
20,18,1
1440,32,-1
967,8,-1
20,6,1
1440,11902,-1
1439,19,-1
20,9,1
1439,35,-1
1440,10,-1
20,7,1
1435,31,-1
1419,8,-1
20,6,1
20,5,1
1440,484,-1
1433,9,-1
20,4,1
1428,20,-1
1440,6,-1
20,5,1
920,21,-1
570,4011,1
20,84,-1
562,528,1
20,131,-1
1440,30054,-1
1423,33,-1
20,13,1
1426,50,-1
1440,10,-1
20,8,1
1420,25,-1
1397,7,-1
20,8,1
1436,30,-1
1395,10,-1
20,9,1
955,13,-1
1435,7,-1
20,7,1
1440,59,-1
693,9,-1
20,12,1
1432,32,-1
1440,19,-1
20,8,1
1440,38,-1
1440,8,-1
20,7,1
1078,36,-1
1435,5,-1
1421,3,-1
1438,4,-1
1406,3,-1
1433,3,-1
1428,3,-1
1391,2,-1
1426,3,-1
1422,2,-1
982,3,-1
1439,2,-1
1440,53,-1
1368,9,-1
20,6,1
1436,33,-1
1049,12,-1
20,6,1
1436,2044,-1
1320,12,-1
20,8,1
1270,6766,1
20,162,-1
1006,3183,-1
567,3654,1
20,85,-1
561,3125,1
20,153,-1
1438,29713,-1
1336,31,-1
20,14,1
566,8881,1
20,127,-1
560,336,1
20,136,-1
1398,9734,-1
20,290,-1
563,2705,1
20,80,-1
1440,31154,-1
1440,43,-1
20,15,1
1440,52,-1
931,12,-1
20,7,1
1440,583,-1
1440,14,-1
20,11,1
1187,35,-1
1440,1394,-1
20,16,1
1112,36,-1
1440,9,-1
20,7,1
1440,40,-1
1364,10,-1
20,7,1
1440,1696,-1
1350,12,-1
20,10,1
1440,55,-1
1013,10,-1
20,7,1
1440,42,-1
1440,13,-1
20,9,1
1440,38,-1
1440,9,-1
20,7,1
1439,29,-1
1368,9,-1
20,8,1
1327,32,-1
564,1730,1
20,101,-1
1440,9892,-1
1428,29,-1
20,11,1
1440,42,-1
1440,9,-1
20,7,1
1440,27,-1
1190,8,-1
20,9,1
20,9,1
1440,57,-1
974,10,-1
1440,4,-1
1440,4,-1
1440,4,-1
1440,5,-1
1288,4,-1
1437,4,-1
1363,4,-1
20,201,1
556,2875,1
20,45,-1
1427,59167,-1
1416,79,-1
20,20,1
1435,95,-1
1440,15,-1
20,10,1
1438,36,-1
1437,10,-1
20,9,1
1440,40,-1
1132,12,-1
20,21,1
1195,49,-1
1440,608,-1
20,21,1
1428,47,-1
1440,16,-1
20,8,1
990,32,-1
1428,26291,-1
20,55,1
1434,58,-1
1440,21,-1
20,14,1
1440,40,-1
1230,12,-1
20,9,1
1439,1832,-1
1439,23,-1
20,17,1
1440,64,-1
1003,16,-1
20,15,1
1437,146,-1
1425,19,-1
20,149,-1
566,786,1
20,80,-1
1440,5208,-1
1440,19,-1
20,9,1
1438,32,-1
1440,9,-1
20,6,1
1015,20,-1
1440,4329,-1
20,20,1
1420,23,-1
1440,5,-1
20,4,1
1421,16,-1
1440,5,-1
20,5,1
1440,20,-1
1440,6,-1
20,6,1
725,18,-1
575,1874,1
20,80,-1
1439,36,-1
20,18,1
1440,62,-1
1427,16,-1
20,11,1
1440,49,-1
1440,13,-1
20,9,1
1193,40,-1
1016,12,-1
20,7,1
1427,59557,-1
1437,70,-1
20,21,1
1314,57,-1
1440,14,-1
20,12,1
1440,46,-1
1436,13,-1
20,9,1
1394,45,-1
1440,11,-1
20,9,1
1430,41,-1
20,8,1
1432,35,-1
1429,11,-1
20,6,1
1289,34,-1
1440,4912,-1
20,24,1
1162,39,-1
1432,25971,-1
20,41,1
1437,40,-1
1323,10,-1
20,11,1
1433,35694,-1
1427,44,-1
20,18,1
1089,66,-1
1440,12,-1
20,8,1
1440,39,-1
1440,11,-1
20,6,1
1430,26,-1
1427,9,-1
574,1484,1
20,197,-1
1440,2619,-1
1319,25,-1
20,14,1
1433,1788,-1
1427,26,-1
20,11,1
1255,40,-1
1104,21192,-1
20,51,1
564,15972,1
20,225,-1
1337,6153,-1
20,38781,1
800,15438,-1
20,119,1
560,4627,1
20,142,-1
475,53090,-1
551,30411,1
20,196,-1
569,1269,1
20,94,-1
20,10,1
1439,28,-1
1335,10,-1
20,7,1
555,279,1
20,259,-1
1440,319,-1
1440,10,-1
20,6,1
1138,32,-1
20,601,1
1440,800,-1
1431,10,-1
1324,3,-1
20,233,1
561,1881,1
20,113,-1
1438,25059,-1
1402,26,-1
20,10,1
1440,32,-1
980,6,-1
20,4,1
1440,33,-1
512,64531,-1
548,515,1
20,130,-1
577,33458,1
20,192,-1
570,44700,1
20,207,-1
566,57588,1
20,127,-1
568,47932,1
20,186,-1
543,64477,-1
20,37717,1
86,48181,-1
498,54673,-1
561,1689,1
20,314,-1
562,380,1
20,134,-1
1423,1419,1
20,167,1
20,116,-1
618,64531,-1
20,231,1
1313,8,-1
20,8,1
1440,145,-1
1433,11,-1
20,10,1
1433,33,-1
1438,8,-1
20,7,1
1295,30,-1
20,265,1
86,2627,-1
562,7208,1
20,181,-1
1440,27635,-1
1419,38,-1
20,18,1
1437,98,-1
1369,15,-1
20,13,1
1435,183,-1
1425,17,-1
20,12,1
1429,46,-1
1041,18,-1
20,19,1
1440,32,-1
1347,8,-1
20,5,1
568,1254,1
20,76,-1
1440,1829,-1
1440,11,-1
20,7,1
1222,24,-1
1440,972,-1
20,15,1
1440,29,-1
1440,7,-1
20,6,1
936,31,-1
1439,7,-1
20,5,1
1439,27,-1
1386,11,-1
20,4,1
576,595,1
20,117,-1
1418,1817,-1
20,7,1
1264,30,-1
1440,17921,-1
20,30,1
1295,47,-1
569,1011,1
20,82,-1
1437,25140,-1
1436,41,-1
20,14,1
1282,37,-1
1284,10,-1
20,8,1
1216,20506,-1
1429,29115,-1
20,54,1
1436,73,-1
1432,18,-1
20,11,1
1437,43,-1
1386,13,-1
20,9,1
1433,42,-1
1375,13,-1
1420,15,-1
20,7,1
1322,37,-1
1440,596,-1
20,14,1
1432,30,-1
1247,9,-1
20,8,1
1440,301,-1
1253,10,-1
20,7,1
562,1113,1
20,163,-1
1438,18144,-1
1440,26,-1
20,12,1
1189,44,-1
1440,2010,-1
20,16,1
1433,38,-1
1440,10,-1
20,9,1
1183,36,-1
1434,7,-1
1299,37,-1
20,14,1
1440,53,-1
1410,14,-1
20,9,1
1332,45,-1
562,352,1
20,102,-1
1440,1663,-1
1440,22,-1
20,14,1
969,46,-1
1440,14,-1
20,8,1
1246,30,-1
1435,9133,-1
20,28,1
1262,36,-1
1312,25193,-1
20,32,1
560,580,1
20,152,-1
1439,12385,-1
1404,29,-1
1440,22,-1
1440,7,-1
20,5,1
1036,21,-1
1440,5,-1
20,4,1
1440,19,-1
1247,6,-1
20,5,1
1440,20,-1
1440,7,-1
20,7,1
1437,19,-1
1374,6,-1
20,5,1
562,1220,1
20,88,-1
1440,55128,-1
955,61,-1
20,19,1
1440,63993,-1
1439,50,-1
20,16,1
1223,50,-1
1340,31,-1
559,362,1
20,75,-1
1437,162,-1
1440,21,-1
20,12,1
1265,34,-1
1438,4716,-1
20,34,1
1061,40,-1
1438,157,-1
20,20,1
1434,41,-1
1413,11,-1
20,7,1
1358,22,-1
1436,316,-1
20,18,1
1327,34,-1
579,1133,1
20,86,-1
97,125,-1
570,149,1
20,9,-1
1428,36,-1
1206,13,-1
20,4,1
568,2173,1
20,42,-1
1439,11422,-1
1324,22,-1
20,9,1
563,3904,1
20,278,-1
1440,11003,-1
1431,26,-1
20,14,1
1054,54,-1
565,791,1
20,186,-1
482,48771,-1
20,39542,1
1426,40666,-1
20,62,1
1426,65,-1
20,20,1
1431,56,-1
20,18,1
1422,5,-1
1432,5,-1
1059,5,-1
1357,5,-1
20,389,1
565,5254,1
20,222,-1
1322,22690,-1
20,37565,1
1433,34725,-1
1425,67,-1
20,19,1
720,58,-1
1437,11,-1
20,9,1
1440,39,-1
1096,8,-1
20,9,1
1438,28,-1
1440,8,-1
20,7,1
1437,25,-1
1407,7,-1
20,8,1
20,9,1
1440,47,-1
1113,8,-1
20,8,1
1440,44,-1
1438,8,-1
20,8,1
1440,34,-1
1438,10,-1
20,8,1
1440,42,-1
952,8,-1
20,7,1
1440,36,-1
1113,8,-1
1435,4,-1
1343,4,-1
1429,3,-1
1430,4,-1
1437,3,-1
1419,3,-1
1423,3,-1
1425,2,-1
1416,2,-1
1433,37,-1
20,17,1
1440,46,-1
1440,12,-1
20,11,1
1435,39,-1
978,9,-1
20,10,1
1435,35284,-1
1433,46,-1
20,26,1
1440,52,-1
1428,13,-1
20,12,1
1440,54,-1
1440,12,-1
20,8,1
1440,34,-1
1273,10,-1
20,8,1
1431,29,-1
1416,8,-1
20,8,1
1440,27,-1
1332,54,-1
1437,274,-1
20,16,1
1439,54,-1
895,13,-1
20,6,1
1440,643,-1
1440,13,-1
20,7,1
1293,23,-1
1433,10966,-1
20,41,1
1440,47,-1
1434,9,-1
20,6,1
1255,28,-1
1440,2139,-1
20,26,1
1440,36,-1
1213,12,-1
20,9,1
1440,39,-1
1212,13,-1
20,11,1
20,5,1
1145,28,-1
567,1035,1
20,124,-1
1440,6883,-1
1440,27,-1
20,13,1
1430,42,-1
1440,10,-1
20,6,1
1198,22,-1
1440,6,-1
20,4,1
1434,23,-1
1440,6,-1
20,5,1
1440,28,-1
976,8,-1
20,9,1
563,4896,1
20,137,-1
1440,5892,-1
1432,25,-1
20,13,1
572,2636,1
20,180,-1
1440,38964,-1
1440,41,-1
20,16,1
1439,57,-1
1440,12,-1
20,11,1
850,40,-1
1439,10,-1
20,8,1
1440,38,-1
1439,10,-1
20,7,1
1440,38,-1
1440,10,-1
20,7,1
1368,36,-1
1440,11,-1
1371,6,-1
1328,7,-1
20,296,1
571,1372,1
20,129,-1
1276,1887,-1
20,20,1
562,1132,1
20,190,-1
1439,11056,-1
1341,22,-1
20,12,1
582,10426,-1
1432,13902,-1
20,33,1
1201,59,-1
1440,1219,-1
20,20,1
1421,34,-1
1267,6,-1
20,6,1
1434,2194,-1
1438,22,-1
20,14,1
1285,44,-1
1440,199,-1
20,13,1
999,40,-1
588,970,1
1414,11,-1
1049,10,-1
1331,6,-1
20,592,1
566,2433,1
20,219,-1
1318,9261,-1
1440,5606,-1
20,31,1
1427,53,-1
1440,12,-1
20,10,1
1437,39,-1
1267,12,-1
20,9,1
1438,962,-1
1430,18,-1
20,12,1
1440,53,-1
1440,12,-1
20,9,1
941,45,-1
1440,9,-1
20,7,1
1261,27,-1
1190,1025,1
20,189,-1
1437,11881,-1
1425,37,-1
20,16,1
1317,50,-1
1437,378,-1
20,22,1
1407,52,-1
1440,12,-1
20,11,1
1440,36,-1
723,12,-1
20,9,1
565,4951,1
20,242,-1
1430,34057,-1
1418,51,-1
20,25,1
1439,98,-1
1311,12,-1
20,10,1
1435,158,-1
20,198,1
1438,57,-1
1319,11,-1
20,8,1
570,337,1
20,128,-1
1399,20752,1
151,127,1
20,168,-1
1431,46990,-1
1435,41,-1
20,11,1
1409,34,-1
1440,13,-1
20,9,1
1440,37,-1
1134,7,-1
20,6,1
1430,23,-1
1440,7,-1
20,6,1
1439,24,-1
20,9,-1
20,13,-1
1437,37320,-1
1440,50,-1
20,18,1
1440,51,-1
1440,12,-1
20,9,1
1438,36,-1
1439,10,-1
20,8,1
1440,41,-1
1440,12,-1
20,9,1
905,32,-1
1440,11,-1
1440,6,-1
1197,6,-1
1367,7,-1
1436,6,-1
1326,5,-1
20,241,1
572,2154,1
20,150,-1
573,4474,1
20,148,-1
20,15,1
1440,34,-1
1440,7,-1
20,5,1
970,22,-1
1435,8,-1
20,7,1
1439,31,-1
1350,10,-1
20,6,1
382,34325,-1
559,1460,1
20,166,-1
1440,64531,-1
1440,57,-1
20,20,1
1062,43,-1
1440,9,-1
20,7,1
1440,24,-1
1440,6,-1
20,5,1
905,29,-1
497,3518,1
1396,5,-1
1425,4,-1
1341,5,-1
1368,4,-1
1430,3,-1
1326,4,-1
1395,4,-1
1425,3,-1
1269,3,-1
1419,3,-1
1422,2,-1
1226,5,-1
1432,4,-1
1430,4,-1
1148,7,-1
1428,9,-1
1081,8,-1
1156,10,-1
1440,9,-1
1167,7,-1
1187,14,-1
1395,11,-1
1254,8,-1
1117,8,-1
1227,61,-1
1437,18380,-1
20,51,1
1440,65,-1
1440,11,-1
20,10,1
1437,40,-1
1075,9,-1
20,9,1
1440,41,-1
1406,10,-1
20,7,1
1440,31,-1
1242,7,-1
20,5,1
1440,20,-1
1440,8,-1
20,7,1
1440,28,-1
952,8,-1
20,5,1
1440,5638,-1
1440,23,-1
20,12,1
1265,55,-1
20,37751,1
1430,17099,-1
1440,52,-1
20,19,1
1338,68,-1
1438,248,-1
20,17,1
1427,41,-1
1425,9,-1
20,7,1
1440,37,-1
1425,14,-1
20,8,1
1063,33,-1
20,1364,-1
564,548,1
20,190,-1
1440,3283,-1
1440,13,-1
20,7,1
1440,30,-1
1092,9,-1
20,7,1
1421,38403,-1
1204,48,-1
20,13,1
588,51812,-1
20,40298,1
1439,28282,-1
1403,36,-1
20,14,1
1410,56,-1
1392,20,-1
20,10,1
1316,38,-1
1368,401,-1
20,15,1
1327,8423,-1
565,1405,1
20,126,-1
1434,30110,-1
1324,43,-1
20,17,1
570,2649,1
20,140,-1
1430,1246,-1
1309,31,-1
1440,51,-1
1440,8,-1
20,4,1
1084,27,-1
1438,6,-1
20,4,1
1387,18,-1
1438,5,-1
20,4,1
1439,24,-1
1000,6,-1
20,6,1
1412,46264,-1
1440,95,-1
20,18,1
1440,52,-1
1440,12,-1
20,10,1
1061,43,-1
1440,12,-1
20,8,1
1299,23,-1
1440,11022,-1
20,41,1
